report_date,market,cftc_contract_market_code,open_interest_all,producer_long_all,producer_short_all,swap_long_all,swap_short_all,managed_money_long_all,managed_money_short_all,managed_money_spread_all,other_reportable_long_all,other_reportable_short_all,nonreportable_long_all,nonreportable_short_all
2016-01-05,GOLD - COMMODITY EXCHANGE INC.,088691,413688,22948,67800,62783,37206,79732,95659,38204,73800,31313,33921,41206
2016-01-12,GOLD - COMMODITY EXCHANGE INC.,088691,397565,23309,75124,52700,44470,82908,82816,35227,75747,31121,37852,38985
2016-01-19,GOLD - COMMODITY EXCHANGE INC.,088691,408835,24206,73168,53388,44569,84054,83615,40214,74266,31011,33749,37300
2016-01-26,GOLD - COMMODITY EXCHANGE INC.,088691,385350,19845,72454,47192,54416,95745,78942,39421,74726,32489,38543,37750
2016-02-02,GOLD - COMMODITY EXCHANGE INC.,088691,379185,24395,80385,48605,69970,100566,71530,34778,76402,32616,39579,35046
2016-02-09,GOLD - COMMODITY EXCHANGE INC.,088691,410833,23988,91728,52921,90104,121059,60423,32630,80695,42903,41975,35480
2016-02-16,GOLD - COMMODITY EXCHANGE INC.,088691,428912,26085,111860,55745,101954,126219,45206,33505,82882,46535,45771,31147
2016-02-23,GOLD - COMMODITY EXCHANGE INC.,088691,445290,19329,123277,53429,112630,141373,32276,33398,86008,50127,49448,31277
2016-03-01,GOLD - COMMODITY EXCHANGE INC.,088691,450555,16920,129587,56255,115019,133823,29453,41306,89363,41320,51148,32130
2016-03-08,GOLD - COMMODITY EXCHANGE INC.,088691,499110,17739,143726,54685,124070,160317,32890,53422,92578,45195,53520,32958
2016-03-15,GOLD - COMMODITY EXCHANGE INC.,088691,493086,19486,143435,60147,121729,159202,29425,50946,88457,48722,49810,33791
2016-03-22,GOLD - COMMODITY EXCHANGE INC.,088691,510579,19858,150125,59953,129680,174457,29558,48913,84189,50257,51562,30399
2016-03-29,GOLD - COMMODITY EXCHANGE INC.,088691,480461,24190,150685,56815,138284,184135,29930,24238,77947,42346,49423,31265
2016-04-05,GOLD - COMMODITY EXCHANGE INC.,088691,474094,21204,151023,57395,134821,186716,33958,29047,77065,39423,47560,30715
2016-04-12,GOLD - COMMODITY EXCHANGE INC.,088691,504523,21129,164322,60602,149196,202500,31866,29873,83841,40668,49032,31052
2016-04-19,GOLD - COMMODITY EXCHANGE INC.,088691,503331,20069,166296,56336,150230,208661,34554,26508,82482,39752,50205,26921
2016-04-26,GOLD - COMMODITY EXCHANGE INC.,088691,497884,18752,165367,55117,148610,206476,34426,25592,81697,32890,47030,27779
2016-05-03,GOLD - COMMODITY EXCHANGE INC.,088691,565774,19259,189227,54485,179418,248842,29947,37026,89634,36881,51223,27970
2016-05-10,GOLD - COMMODITY EXCHANGE INC.,088691,579777,20797,178897,54725,181621,246782,35591,43302,90469,36762,51710,31612
2016-05-17,GOLD - COMMODITY EXCHANGE INC.,088691,595077,21631,170642,54437,195669,247059,34618,53780,93689,39842,52715,28760
2016-05-24,GOLD - COMMODITY EXCHANGE INC.,088691,542958,59557,156435,47330,175665,205180,48719,30056,86086,35915,52714,34133
2016-05-31,GOLD - COMMODITY EXCHANGE INC.,088691,494321,47227,142196,47595,166664,192160,43549,21902,82429,33905,47347,30444
2016-06-07,GOLD - COMMODITY EXCHANGE INC.,088691,496330,26136,147563,46410,168675,212061,34695,24939,83627,32374,46570,31497
2016-06-14,GOLD - COMMODITY EXCHANGE INC.,088691,545357,26395,176665,44717,192524,257500,28260,22155,90057,39435,45594,27379
2016-06-21,GOLD - COMMODITY EXCHANGE INC.,088691,571517,28287,177414,42538,205548,274936,24528,26941,83889,41568,47511,28103
2016-06-28,GOLD - COMMODITY EXCHANGE INC.,088691,613792,30055,179646,41808,218538,285895,24845,43076,87233,46363,49131,24730
2016-07-05,GOLD - COMMODITY EXCHANGE INC.,088691,652971,29270,178378,43240,234339,300070,26994,61753,89520,46633,50789,26545
2016-07-12,GOLD - COMMODITY EXCHANGE INC.,088691,633020,35210,176993,39218,222887,296106,36977,48941,81975,43641,52553,24564
2016-07-19,GOLD - COMMODITY EXCHANGE INC.,088691,617069,31861,167764,37838,217412,287317,34920,45320,79554,46040,55614,26048
2016-07-26,GOLD - COMMODITY EXCHANGE INC.,088691,576325,31448,166649,35575,209397,278777,31356,26975,68649,37115,55829,25761
2016-08-02,GOLD - COMMODITY EXCHANGE INC.,088691,582211,29097,175971,37132,214285,288542,33813,21485,77259,37805,54451,24607
2016-08-09,GOLD - COMMODITY EXCHANGE INC.,088691,575399,29067,165875,32598,208731,281496,36244,23359,74975,33780,52657,26163
2016-08-16,GOLD - COMMODITY EXCHANGE INC.,088691,572496,30091,169299,32762,204547,277152,34425,26023,74383,33259,52525,25383
2016-08-23,GOLD - COMMODITY EXCHANGE INC.,088691,572973,23865,163651,32034,209723,284550,30866,27579,75235,34310,51796,28930
2016-08-30,GOLD - COMMODITY EXCHANGE INC.,088691,558398,22280,158022,31637,197108,266680,35086,28821,73906,29159,53666,28794
2016-09-06,GOLD - COMMODITY EXCHANGE INC.,088691,590656,22474,176277,28000,204170,291692,22157,31809,78683,40358,53939,31826
2016-09-13,GOLD - COMMODITY EXCHANGE INC.,088691,575002,24700,173534,29423,191960,271631,28654,29354,80145,37709,53893,27935
2016-09-20,GOLD - COMMODITY EXCHANGE INC.,088691,558791,25040,163063,33793,186385,246119,32972,25688,80207,37175,61156,26720
2016-09-27,GOLD - COMMODITY EXCHANGE INC.,088691,583161,26681,176013,32038,197300,282151,26974,24127,76821,40094,53108,30418
2016-10-04,GOLD - COMMODITY EXCHANGE INC.,088691,544824,27604,155278,29901,173469,244765,44649,30431,79371,33979,54958,29224
2016-10-11,GOLD - COMMODITY EXCHANGE INC.,088691,500328,28660,143233,34348,140974,203033,54240,29939,80353,33927,53697,27717
2016-10-18,GOLD - COMMODITY EXCHANGE INC.,088691,497061,30322,136610,35745,132128,190008,59054,33837,84337,35673,51020,27967
2016-10-25,GOLD - COMMODITY EXCHANGE INC.,088691,507617,29237,140772,34869,140933,199094,55184,37185,86282,33212,49625,29006
2016-11-01,GOLD - COMMODITY EXCHANGE INC.,088691,521506,27666,153593,36607,149931,203670,37403,42434,84638,35774,51847,27727
2016-11-08,GOLD - COMMODITY EXCHANGE INC.,088691,528203,27597,158095,31113,146201,211670,38033,45490,78190,34589,51015,22667
2016-11-15,GOLD - COMMODITY EXCHANGE INC.,088691,479237,27283,134182,28878,121945,178132,43452,41523,67618,24638,49240,26934
2016-11-22,GOLD - COMMODITY EXCHANGE INC.,088691,461062,20805,119000,23389,117366,171864,47475,46613,69782,27086,52695,27608
2016-11-29,GOLD - COMMODITY EXCHANGE INC.,088691,405661,24102,114690,25014,102249,162086,55145,14452,67645,23016,45567,29314
2016-12-06,GOLD - COMMODITY EXCHANGE INC.,088691,393524,21781,105209,28749,100265,150856,68538,13357,76819,22757,45639,27075
2016-12-13,GOLD - COMMODITY EXCHANGE INC.,088691,397034,22199,103372,28815,97528,146150,77432,14367,83605,23012,46092,25517
2016-12-20,GOLD - COMMODITY EXCHANGE INC.,088691,398661,22130,101474,39604,94282,137588,83783,21490,81479,20450,47292,28104
2016-12-27,GOLD - COMMODITY EXCHANGE INC.,088691,401513,23547,97994,41038,87558,130595,87229,31876,75943,20966,49164,26540
2017-01-03,GOLD - COMMODITY EXCHANGE INC.,088691,424673,24768,97997,45237,89620,127786,91229,45322,81069,21076,47387,26325
2017-01-10,GOLD - COMMODITY EXCHANGE INC.,088691,444001,24588,96661,43277,97020,135563,79884,63303,78437,24634,44077,27743
2017-01-17,GOLD - COMMODITY EXCHANGE INC.,088691,467937,23844,99443,55461,102973,141566,82931,78180,76578,28172,43995,27925
2017-01-24,GOLD - COMMODITY EXCHANGE INC.,088691,482374,23117,108482,58497,99506,135159,75405,92830,74695,25042,43722,26755
2017-01-31,GOLD - COMMODITY EXCHANGE INC.,088691,398433,20746,110568,58393,100374,140663,70826,27032,71751,22433,39227,26579
2017-02-07,GOLD - COMMODITY EXCHANGE INC.,088691,415543,22551,115774,62157,103080,142542,72393,34189,73866,26866,41364,24367
2017-02-14,GOLD - COMMODITY EXCHANGE INC.,088691,415128,20992,113422,63220,98578,135739,72114,36321,76520,30393,39763,21727
2017-02-21,GOLD - COMMODITY EXCHANGE INC.,088691,427168,20557,116326,61324,105119,142639,64597,40857,77034,31313,40344,24543
2017-02-28,GOLD - COMMODITY EXCHANGE INC.,088691,446081,19559,126908,56402,128960,166437,52191,34855,81057,31505,43997,27888
2017-03-07,GOLD - COMMODITY EXCHANGE INC.,088691,434401,20164,118027,57578,112363,150277,60030,40987,79692,36254,43791,24828
2017-03-14,GOLD - COMMODITY EXCHANGE INC.,088691,426170,20937,109327,56881,91778,121179,74805,50954,89136,29472,44232,26983
2017-03-21,GOLD - COMMODITY EXCHANGE INC.,088691,446880,18872,117388,57057,87538,130259,74064,63513,89460,29403,43297,30552
2017-03-28,GOLD - COMMODITY EXCHANGE INC.,088691,449418,17857,131503,59196,97664,150879,59836,58342,76960,30183,42014,27720
2017-04-04,GOLD - COMMODITY EXCHANGE INC.,088691,427808,16834,139711,58279,106418,163428,54302,34850,75633,29323,43589,28009
2017-04-11,GOLD - COMMODITY EXCHANGE INC.,088691,456131,17653,153297,58431,110151,179841,46830,39146,73163,33508,47518,32820
2017-04-18,GOLD - COMMODITY EXCHANGE INC.,088691,472263,17577,167357,56226,117510,199001,47765,30699,80310,35778,46822,31526
2017-04-25,GOLD - COMMODITY EXCHANGE INC.,088691,475985,17618,169292,57558,120464,207394,47014,24853,80074,39777,44669,30766
2017-05-02,GOLD - COMMODITY EXCHANGE INC.,088691,461905,17427,170723,59280,109970,195331,51720,25171,80701,34678,44782,30430
2017-05-09,GOLD - COMMODITY EXCHANGE INC.,088691,433033,17259,155245,59970,86406,151419,55457,24064,84696,30652,45099,30683
2017-05-16,GOLD - COMMODITY EXCHANGE INC.,088691,435021,20336,148925,63431,77701,132094,66226,32036,89438,28582,45111,28976
2017-05-23,GOLD - COMMODITY EXCHANGE INC.,088691,462572,19274,166109,57061,84517,161893,50845,38548,79859,31140,45278,30754
2017-05-30,GOLD - COMMODITY EXCHANGE INC.,088691,434246,21570,177812,60524,87501,175304,51171,19242,75238,32281,44404,28275
2017-06-06,GOLD - COMMODITY EXCHANGE INC.,088691,494041,18528,192484,68622,111020,229476,63427,14533,82764,44348,44028,32139
2017-06-13,GOLD - COMMODITY EXCHANGE INC.,088691,471134,16856,183073,67130,104524,214955,67459,14420,82223,39445,40186,26849
2017-06-20,GOLD - COMMODITY EXCHANGE INC.,088691,445841,16301,164235,71455,88537,165035,65659,24985,87585,36286,43201,28860
2017-06-27,GOLD - COMMODITY EXCHANGE INC.,088691,453144,16646,156631,74033,83911,144515,71860,31919,92071,33054,47403,29212
2017-07-03,GOLD - COMMODITY EXCHANGE INC.,088691,457201,18166,146455,77273,56210,129780,96091,39080,91901,31791,47362,33935
2017-07-11,GOLD - COMMODITY EXCHANGE INC.,088691,475669,24005,141642,85352,41631,123619,100397,45416,94018,56980,45455,31799
2017-07-18,GOLD - COMMODITY EXCHANGE INC.,088691,484204,24116,144914,92227,45064,127028,98115,49480,90204,58979,44194,30697
2017-07-25,GOLD - COMMODITY EXCHANGE INC.,088691,463827,21746,159307,94201,59983,136359,62735,34285,83940,66733,43387,30875
2017-08-01,GOLD - COMMODITY EXCHANGE INC.,088691,448709,19082,167618,85526,80375,158082,39624,28389,81684,70470,42055,28342
2017-08-08,GOLD - COMMODITY EXCHANGE INC.,088691,448727,19019,168329,85898,96099,164828,28843,25861,81549,68697,40774,30100
2017-08-15,GOLD - COMMODITY EXCHANGE INC.,088691,477921,16379,179160,82435,116285,195433,18877,25628,82297,71119,40360,31463
2017-08-22,GOLD - COMMODITY EXCHANGE INC.,088691,500443,15981,195128,86325,127096,209717,15638,23626,85994,71635,42070,30590
2017-08-29,GOLD - COMMODITY EXCHANGE INC.,088691,538875,17352,205953,75594,135022,235065,13939,37231,83818,73897,46981,29999
2017-09-05,GOLD - COMMODITY EXCHANGE INC.,088691,566817,18473,212267,76165,144178,251489,14301,39724,84584,76474,50741,34232
2017-09-12,GOLD - COMMODITY EXCHANGE INC.,088691,580606,17582,209237,76515,156958,270413,16896,40532,81079,79836,48644,31306
2017-09-19,GOLD - COMMODITY EXCHANGE INC.,088691,570096,17562,207442,83263,146424,251735,18353,45633,78911,76204,46252,29300
2017-09-26,GOLD - COMMODITY EXCHANGE INC.,088691,549637,18923,208745,88232,131881,219134,23158,45280,84121,67503,48586,27709
2017-10-03,GOLD - COMMODITY EXCHANGE INC.,088691,525127,17710,203648,84906,123391,204361,24917,45420,82935,58524,46571,26003
2017-10-10,GOLD - COMMODITY EXCHANGE INC.,088691,520005,18662,201414,80325,120570,193154,21824,51098,86073,57291,48086,25201
2017-10-17,GOLD - COMMODITY EXCHANGE INC.,088691,528800,18809,206035,83262,117660,196555,27040,51700,88062,56853,47228,26328
2017-10-24,GOLD - COMMODITY EXCHANGE INC.,088691,526674,18360,201023,84376,112366,192701,24333,60190,82820,59803,45115,25847
2017-10-31,GOLD - COMMODITY EXCHANGE INC.,088691,531918,17081,200789,86265,113205,182652,16687,69029,86058,58928,45483,27930
2017-11-07,GOLD - COMMODITY EXCHANGE INC.,088691,536843,17307,198381,82790,117003,187782,17070,70044,84789,59711,46485,26988
2017-11-14,GOLD - COMMODITY EXCHANGE INC.,088691,533054,18323,202533,83054,114635,190657,14559,64692,80839,61853,47250,26543
2017-11-21,GOLD - COMMODITY EXCHANGE INC.,088691,531612,19514,204896,80549,120223,187292,14137,54995,85642,56970,49727,26498
2017-11-28,GOLD - COMMODITY EXCHANGE INC.,088691,503810,17891,202648,75448,137232,208518,9978,30181,78866,52989,47240,25116
2017-12-05,GOLD - COMMODITY EXCHANGE INC.,088691,472795,20819,179239,82926,114396,167174,32664,29800,84060,45241,44147,27586
2017-12-12,GOLD - COMMODITY EXCHANGE INC.,088691,446618,19245,150986,106267,93989,123139,46913,30931,78773,47931,43569,31174
2017-12-19,GOLD - COMMODITY EXCHANGE INC.,088691,453595,17300,148160,106269,103626,116642,35397,39502,80831,48281,43486,29064
2017-12-26,GOLD - COMMODITY EXCHANGE INC.,088691,456470,19715,161264,105936,113856,127715,19957,39664,74875,46685,40768,27247
2018-01-02,GOLD - COMMODITY EXCHANGE INC.,088691,500731,22495,180714,108799,128180,168423,20249,39872,73005,57911,44151,29819
2018-01-09,GOLD - COMMODITY EXCHANGE INC.,088691,555455,21117,198371,105725,148742,216115,20065,48677,73046,65808,46925,29942
2018-01-16,GOLD - COMMODITY EXCHANGE INC.,088691,582333,22861,212879,108318,150807,227373,25841,55770,74490,64311,49098,28302
2018-01-23,GOLD - COMMODITY EXCHANGE INC.,088691,582421,23933,217184,109160,150461,236003,26467,46076,69809,64661,50628,30760
2018-01-30,GOLD - COMMODITY EXCHANGE INC.,088691,559332,22684,209619,106587,144728,230597,23035,42024,67730,68030,48667,30853
2018-02-06,GOLD - COMMODITY EXCHANGE INC.,088691,535321,26595,202225,104742,134563,206377,23448,46198,67451,59503,42286,27712
2018-02-13,GOLD - COMMODITY EXCHANGE INC.,088691,511745,22749,194149,98254,121390,186183,16426,46104,65677,59828,44796,25866
2018-02-20,GOLD - COMMODITY EXCHANGE INC.,088691,528154,30967,207285,96427,134987,190398,14943,49506,66807,51340,48400,24444
2018-02-27,GOLD - COMMODITY EXCHANGE INC.,088691,532860,30993,206218,106048,130619,177475,27456,51154,74506,45807,47335,26257
2018-03-06,GOLD - COMMODITY EXCHANGE INC.,088691,508100,25642,199419,106499,137625,172492,21786,47456,73095,39978,46281,25201
2018-03-13,GOLD - COMMODITY EXCHANGE INC.,088691,526762,25466,195189,107910,126997,162337,26472,60022,72094,40011,48014,27152
2018-03-20,GOLD - COMMODITY EXCHANGE INC.,088691,545499,25478,182047,109340,120041,148152,36345,67627,75730,38806,46306,27767
2018-03-27,GOLD - COMMODITY EXCHANGE INC.,088691,529690,25165,204181,106631,153975,183080,20917,27747,75952,34761,49819,26813
2018-04-03,GOLD - COMMODITY EXCHANGE INC.,088691,493141,30267,197029,113668,135771,155590,28948,26342,79087,39140,43845,21569
2018-04-10,GOLD - COMMODITY EXCHANGE INC.,088691,499588,32193,197288,116790,127347,154044,28482,26730,80413,50603,45574,25294
2018-04-17,GOLD - COMMODITY EXCHANGE INC.,088691,510229,33041,206888,122287,133702,157925,25287,26741,79363,48932,46906,24713
2018-04-24,GOLD - COMMODITY EXCHANGE INC.,088691,506410,32696,196159,123783,122120,143258,43597,30025,82546,45561,50537,25383
2018-05-01,GOLD - COMMODITY EXCHANGE INC.,088691,507756,33204,181259,124348,108165,119064,79747,34568,90513,23051,52288,27195
2018-05-08,GOLD - COMMODITY EXCHANGE INC.,088691,491398,34195,182428,121849,108600,109508,67869,36052,89040,23239,53651,26107
2018-05-15,GOLD - COMMODITY EXCHANGE INC.,088691,519958,35688,175548,121526,99755,103256,84258,50231,98212,24767,57246,31600
2018-05-22,GOLD - COMMODITY EXCHANGE INC.,088691,502942,37972,167276,118596,104867,91411,74880,41127,98266,23840,54558,29940
2018-05-29,GOLD - COMMODITY EXCHANGE INC.,088691,469382,33583,170958,114188,113502,107882,53881,36707,85770,24641,51427,29868
2018-06-05,GOLD - COMMODITY EXCHANGE INC.,088691,450641,42172,140296,97169,133392,100027,49147,35125,85294,24758,50584,27653
2018-06-12,GOLD - COMMODITY EXCHANGE INC.,088691,448695,43227,138843,93548,138519,104313,48809,29057,88439,23703,48159,27812
2018-06-19,GOLD - COMMODITY EXCHANGE INC.,088691,468345,45041,116231,95221,138155,94297,83769,29797,108618,22634,47073,29461
2018-06-26,GOLD - COMMODITY EXCHANGE INC.,088691,468573,45108,116919,101135,124287,94845,94869,25265,100273,23577,50420,32129
2018-07-03,GOLD - COMMODITY EXCHANGE INC.,088691,494164,40794,112038,96505,118411,104275,105529,29631,106208,26627,51099,36276
2018-07-10,GOLD - COMMODITY EXCHANGE INC.,088691,503593,34107,103749,92406,123158,107402,109929,40532,106908,22947,53355,34395
2018-07-17,GOLD - COMMODITY EXCHANGE INC.,088691,528278,29729,101723,102289,103930,107775,134224,51880,110652,26362,51491,35697
2018-07-24,GOLD - COMMODITY EXCHANGE INC.,088691,496620,27066,84366,96946,105314,110249,146671,32937,110371,25352,54742,37671
2018-07-31,GOLD - COMMODITY EXCHANGE INC.,088691,452655,26485,79249,96716,91870,110580,153108,27121,98675,20810,50018,37437
2018-08-07,GOLD - COMMODITY EXCHANGE INC.,088691,459474,24692,72357,105342,83286,105849,171965,27912,102443,23639,48402,35481
2018-08-14,GOLD - COMMODITY EXCHANGE INC.,088691,476739,27574,66183,109688,78429,104803,188127,29558,106976,27340,46373,35335
2018-08-21,GOLD - COMMODITY EXCHANGE INC.,088691,483730,26516,63915,109023,73309,107143,197171,30374,106357,25039,44895,34500
2018-08-28,GOLD - COMMODITY EXCHANGE INC.,088691,479283,26507,67699,108361,75431,105971,181743,36694,101399,28690,45508,34183
2018-09-04,GOLD - COMMODITY EXCHANGE INC.,088691,473118,27115,65731,111868,66727,101651,184373,33098,98111,28886,49169,42197
2018-09-11,GOLD - COMMODITY EXCHANGE INC.,088691,469450,28256,68613,111917,71547,100593,175812,34119,97774,30145,47866,40289
2018-09-18,GOLD - COMMODITY EXCHANGE INC.,088691,469436,29357,68328,111685,71023,97904,180367,33342,99893,28274,43868,34715
2018-09-25,GOLD - COMMODITY EXCHANGE INC.,088691,460279,27277,67802,110272,62667,98513,182190,32463,94427,28398,47538,36970
2018-10-02,GOLD - COMMODITY EXCHANGE INC.,088691,459776,31567,70177,108806,61321,100671,180274,33456,91819,34038,49286,36339
2018-10-09,GOLD - COMMODITY EXCHANGE INC.,088691,465253,35501,69634,111386,51387,82218,191672,46545,97528,26249,47441,35132
2018-10-16,GOLD - COMMODITY EXCHANGE INC.,088691,474418,36197,98154,105647,75686,95333,144715,52529,93867,26818,47797,33468
2018-10-23,GOLD - COMMODITY EXCHANGE INC.,088691,477832,34663,102587,102239,80835,99368,137484,53561,93210,25706,47890,30758
2018-10-30,GOLD - COMMODITY EXCHANGE INC.,088691,474941,36057,97111,102321,72472,80105,135628,66673,88649,19932,48870,30859
2018-11-06,GOLD - COMMODITY EXCHANGE INC.,088691,494911,37023,99334,99126,74951,82188,129634,69288,86953,20481,48615,29505
2018-11-13,GOLD - COMMODITY EXCHANGE INC.,088691,539520,47551,89514,105368,65228,79529,158723,97716,88887,18940,46932,35862
2018-11-20,GOLD - COMMODITY EXCHANGE INC.,088691,525940,47454,93564,101125,78155,84356,136207,85936,81150,20403,43791,29547
2018-11-27,GOLD - COMMODITY EXCHANGE INC.,088691,442801,35196,76210,101201,76287,79992,138382,38546,76787,16526,48120,33891
2018-12-04,GOLD - COMMODITY EXCHANGE INC.,088691,399919,19212,74759,92265,94967,99414,109201,34760,73605,14817,39504,30256
2018-12-11,GOLD - COMMODITY EXCHANGE INC.,088691,402250,18936,83116,95532,108720,89942,90008,37267,79658,19093,45264,28395
2018-12-18,GOLD - COMMODITY EXCHANGE INC.,088691,412485,18531,78969,93951,126188,100828,89630,39543,81340,16578,44758,28043
2018-12-24,GOLD - COMMODITY EXCHANGE INC.,088691,442727,20170,86065,90994,153318,119146,77178,41968,89476,20459,43866,26632
2018-12-31,GOLD - COMMODITY EXCHANGE INC.,088691,451360,19300,92197,91520,163237,121205,71021,44696,88936,15348,46707,25865
2019-01-08,GOLD - COMMODITY EXCHANGE INC.,088691,455232,12969,75020,95600,154736,112690,80219,52561,86870,20125,48508,26537
2019-01-15,GOLD - COMMODITY EXCHANGE INC.,088691,501605,43351,103302,99528,147690,115651,90716,49848,86145,23167,49334,29134
2019-01-22,GOLD - COMMODITY EXCHANGE INC.,088691,513509,50087,110130,102479,134513,105295,89085,57454,81215,22921,48740,31167
2019-01-29,GOLD - COMMODITY EXCHANGE INC.,088691,483390,14289,84947,102371,150322,126404,94007,31561,85914,18718,49142,30126
2019-02-05,GOLD - COMMODITY EXCHANGE INC.,088691,479736,15593,89160,111952,169627,134954,90079,30535,83246,19026,50355,28208
2019-02-12,GOLD - COMMODITY EXCHANGE INC.,088691,476083,16566,90733,113352,165296,132365,89746,28083,81805,19550,48849,27612
2019-02-19,GOLD - COMMODITY EXCHANGE INC.,088691,504639,15236,103673,102849,180889,166411,84034,26270,87675,24405,50871,30041
2019-02-26,GOLD - COMMODITY EXCHANGE INC.,088691,501268,15312,101061,102816,176912,154217,75658,31177,82618,25481,52989,28840
2019-03-05,GOLD - COMMODITY EXCHANGE INC.,088691,471311,13920,86101,105762,147578,125903,94656,32170,76725,19954,53221,27242
2019-03-12,GOLD - COMMODITY EXCHANGE INC.,088691,530030,27128,87449,104043,152196,123293,105886,36397,81957,20545,57540,27885
2019-03-19,GOLD - COMMODITY EXCHANGE INC.,088691,514163,33592,97589,99696,151358,123909,93434,38307,80416,22495,54443,27180
2019-03-26,GOLD - COMMODITY EXCHANGE INC.,088691,509575,14704,84053,96748,178833,135373,77386,34623,79524,17573,64270,32774
2019-04-02,GOLD - COMMODITY EXCHANGE INC.,088691,440170,16339,74574,98592,158587,110816,86198,33534,82968,13030,50046,26372
2019-04-09,GOLD - COMMODITY EXCHANGE INC.,088691,447539,16242,75839,89285,162497,117917,80880,34457,81590,13263,54449,27004
2019-04-16,GOLD - COMMODITY EXCHANGE INC.,088691,440581,18586,61796,102113,137333,96196,111583,36047,87017,15357,53222,31065
2019-04-23,GOLD - COMMODITY EXCHANGE INC.,088691,440048,17090,53073,111538,132951,88989,122818,34838,87702,16478,49655,29654
2019-04-30,GOLD - COMMODITY EXCHANGE INC.,088691,430011,16898,67873,107267,144604,95159,95083,32233,82116,15973,49143,27050
2019-05-07,GOLD - COMMODITY EXCHANGE INC.,088691,450039,19282,67234,97242,145649,102975,93428,46752,82826,16962,49100,28152
2019-05-14,GOLD - COMMODITY EXCHANGE INC.,088691,517995,37635,102517,93005,165306,138467,85921,56826,87894,15904,53431,40784
2019-05-21,GOLD - COMMODITY EXCHANGE INC.,088691,508643,42131,104863,97934,143140,114986,99049,60257,88642,15774,53655,34522
2019-05-28,GOLD - COMMODITY EXCHANGE INC.,088691,505126,47857,110653,101915,149073,119314,93040,38764,75149,14735,57167,33901
2019-06-04,GOLD - COMMODITY EXCHANGE INC.,088691,481495,19523,106293,92611,178417,159663,63481,39505,80814,20881,51603,35142
2019-06-11,GOLD - COMMODITY EXCHANGE INC.,088691,496663,22226,114842,95607,205018,169640,40480,42491,80474,25396,48995,31206
2019-06-18,GOLD - COMMODITY EXCHANGE INC.,088691,525636,22520,124772,99745,221348,191766,41250,37522,82867,29060,52355,32823
2019-06-25,GOLD - COMMODITY EXCHANGE INC.,088691,577605,27515,155003,110102,242764,204918,27177,39972,93190,34377,59428,35832
2019-07-02,GOLD - COMMODITY EXCHANGE INC.,088691,605949,26439,169945,111301,254617,214186,20099,43480,98516,33657,61332,33456
2019-07-09,GOLD - COMMODITY EXCHANGE INC.,088691,598977,23099,172713,113865,242667,208301,25690,37261,97804,35652,66388,32735
2019-07-16,GOLD - COMMODITY EXCHANGE INC.,088691,601900,36109,173109,106552,246960,211322,31263,23036,98213,32771,68146,36239
2019-07-23,GOLD - COMMODITY EXCHANGE INC.,088691,616859,35072,175270,105569,253210,208153,29980,28184,103728,30651,72995,36406
2019-07-30,GOLD - COMMODITY EXCHANGE INC.,088691,563298,16484,151075,103601,256977,215581,29868,18638,96633,27958,64221,30642
2019-08-06,GOLD - COMMODITY EXCHANGE INC.,088691,600317,21577,160907,97634,282629,248687,21854,20134,101871,36159,62844,31064
2019-08-13,GOLD - COMMODITY EXCHANGE INC.,088691,593962,20942,159798,96263,281134,245631,22020,22169,100592,34113,63458,29821
2019-08-20,GOLD - COMMODITY EXCHANGE INC.,088691,594807,21303,166620,94900,285833,249696,19850,20533,102598,32451,63855,27598
2019-08-27,GOLD - COMMODITY EXCHANGE INC.,088691,636183,28589,172923,95266,284738,258269,31553,25567,104340,34218,70411,33443
2019-09-03,GOLD - COMMODITY EXCHANGE INC.,088691,634358,23849,178506,97751,280835,265175,33549,24450,100210,31289,65648,28454
2019-09-10,GOLD - COMMODITY EXCHANGE INC.,088691,614753,23199,177027,109076,260859,239475,33294,26504,94639,31095,63541,27655
2019-09-17,GOLD - COMMODITY EXCHANGE INC.,088691,630990,21281,180842,108242,267080,241936,28080,26607,99575,30832,61089,25289
2019-09-24,GOLD - COMMODITY EXCHANGE INC.,088691,658944,20674,185082,109466,290203,265508,27637,24592,104885,30312,63477,30776
2019-10-01,GOLD - COMMODITY EXCHANGE INC.,088691,604885,23159,173858,109866,262855,219990,29179,27343,102810,24628,60536,25841
2019-10-08,GOLD - COMMODITY EXCHANGE INC.,088691,616957,22269,176511,112484,269184,231976,31475,24922,102407,27345,61518,26139
2019-10-15,GOLD - COMMODITY EXCHANGE INC.,088691,607387,22787,168098,117918,260882,213987,38200,26528,105383,28143,63063,27815
2019-10-22,GOLD - COMMODITY EXCHANGE INC.,088691,625528,22191,167457,119656,269747,218317,33879,31364,104600,29906,64093,27868
2019-10-29,GOLD - COMMODITY EXCHANGE INC.,088691,643442,22136,161711,122994,284635,230664,32106,32313,104759,26802,65617,40916
2019-11-05,GOLD - COMMODITY EXCHANGE INC.,088691,690181,17855,157995,126365,303363,233167,35920,65306,111424,28843,65378,28068
2019-11-12,GOLD - COMMODITY EXCHANGE INC.,088691,708463,41974,164545,123638,302535,209432,33991,75298,113757,22132,67721,33319
2019-11-19,GOLD - COMMODITY EXCHANGE INC.,088691,719211,38835,166073,122366,314223,221795,26596,79090,115501,24841,65553,32317
2019-11-26,GOLD - COMMODITY EXCHANGE INC.,088691,669268,24107,145103,121252,305723,218724,24437,54857,106562,29215,58912,25079
2019-12-03,GOLD - COMMODITY EXCHANGE INC.,088691,701016,25300,154111,122418,316394,232276,24314,65680,114249,31506,56680,24598
2019-12-10,GOLD - COMMODITY EXCHANGE INC.,088691,690003,25199,147377,124100,304205,212929,29281,70568,116240,28968,56051,24688
2019-12-17,GOLD - COMMODITY EXCHANGE INC.,088691,716987,24515,157858,123907,309183,228616,26895,76927,115877,31323,55897,23553
2019-12-24,GOLD - COMMODITY EXCHANGE INC.,088691,748737,26943,164091,122413,325661,245366,26520,83946,118944,32138,59201,24457
2019-12-31,GOLD - COMMODITY EXCHANGE INC.,088691,786166,25430,171537,124486,344870,258357,25625,90320,123263,28070,61010,22444
2020-01-07,GOLD - COMMODITY EXCHANGE INC.,088691,785857,23615,167363,124087,336420,261083,31326,89773,122397,29863,60562,26772
2020-01-14,GOLD - COMMODITY EXCHANGE INC.,088691,796883,40178,181318,125556,334235,262402,31943,93919,114407,25631,61597,31013
2020-01-21,GOLD - COMMODITY EXCHANGE INC.,088691,793829,42645,185232,121988,331304,258269,34437,92165,116524,22661,65117,30909
2020-01-28,GOLD - COMMODITY EXCHANGE INC.,088691,715539,22487,161450,119308,341159,254259,34321,48947,122142,11988,60782,30060
2020-02-04,GOLD - COMMODITY EXCHANGE INC.,088691,654572,16469,155103,119930,312983,223762,42152,28905,132147,13951,60665,28784
2020-02-11,GOLD - COMMODITY EXCHANGE INC.,088691,658024,17009,158762,120850,316888,231499,35828,28061,125036,12733,60597,30780
2020-02-18,GOLD - COMMODITY EXCHANGE INC.,088691,715317,17130,176211,113558,340089,278286,39740,29631,130063,14960,64843,32880
2020-02-25,GOLD - COMMODITY EXCHANGE INC.,088691,732917,20685,184340,111284,323250,263218,32372,42345,126121,21102,76231,36475
2020-03-03,GOLD - COMMODITY EXCHANGE INC.,088691,691985,18481,178821,109639,300310,242921,27560,43122,123252,18880,62319,31041
2020-03-10,GOLD - COMMODITY EXCHANGE INC.,088691,633470,30447,171242,114320,301829,220642,10457,28414,115648,26302,60168,31395
2020-03-17,GOLD - COMMODITY EXCHANGE INC.,088691,573925,28316,161694,95537,263868,164979,10900,24653,152426,24589,51321,31528
2020-03-24,GOLD - COMMODITY EXCHANGE INC.,088691,547334,22853,157635,92974,270015,158965,1556,21309,158963,28006,49816,26359
2020-03-31,GOLD - COMMODITY EXCHANGE INC.,088691,495652,25659,137868,81549,253299,156820,4222,13727,130709,24458,47696,22586
2020-04-07,GOLD - COMMODITY EXCHANGE INC.,088691,480050,19757,129690,80746,246424,157005,4523,13524,122875,26415,51464,24795
2020-04-14,GOLD - COMMODITY EXCHANGE INC.,088691,489965,19415,127666,78256,250413,162412,7168,16081,124205,26948,53171,25264
2020-04-21,GOLD - COMMODITY EXCHANGE INC.,088691,493158,18506,126959,76849,248469,155492,9221,22148,126771,23471,53158,22656
2020-04-28,GOLD - COMMODITY EXCHANGE INC.,088691,500816,17954,130880,74946,255649,154025,7619,26128,133357,17034,54084,23184
2020-05-05,GOLD - COMMODITY EXCHANGE INC.,088691,490343,17834,126428,76763,249805,142326,9085,26395,133245,16482,54717,23085
2020-05-12,GOLD - COMMODITY EXCHANGE INC.,088691,496739,22089,127265,78459,251816,144015,21798,20164,133756,13145,57787,22082
2020-05-19,GOLD - COMMODITY EXCHANGE INC.,088691,528205,21879,129189,79365,262229,153961,26897,21376,141433,16709,59851,21465
2020-05-26,GOLD - COMMODITY EXCHANGE INC.,088691,519374,16983,105449,77107,262963,145566,32485,24161,142582,17749,59298,22890
2020-06-02,GOLD - COMMODITY EXCHANGE INC.,088691,475745,17550,99413,75127,249887,133655,33300,21159,138541,19862,57888,20299
2020-06-09,GOLD - COMMODITY EXCHANGE INC.,088691,475661,18289,101180,76023,236589,126407,35230,24518,137565,20129,54930,20086
2020-06-16,GOLD - COMMODITY EXCHANGE INC.,088691,489563,17761,105338,76758,247201,135945,31257,22596,141450,21790,55159,21487
2020-06-23,GOLD - COMMODITY EXCHANGE INC.,088691,532101,17771,111941,74444,267566,161593,32078,22872,146866,24424,61677,26342
2020-06-30,GOLD - COMMODITY EXCHANGE INC.,088691,561628,19798,115221,75447,281487,173526,34971,25341,155416,27301,62121,27328
2020-07-07,GOLD - COMMODITY EXCHANGE INC.,088691,572776,20352,112705,72947,283186,179810,40467,26539,157220,29205,63292,28058
2020-07-14,GOLD - COMMODITY EXCHANGE INC.,088691,580175,22532,118784,73071,278837,177400,42427,28953,152805,25350,64465,24875
2020-07-21,GOLD - COMMODITY EXCHANGE INC.,088691,603138,23045,123303,71634,275235,181256,40987,37869,152981,26814,67224,29801
2020-07-28,GOLD - COMMODITY EXCHANGE INC.,088691,598629,20494,110969,74894,262796,159894,42758,48772,152694,33029,65401,23825
2020-08-04,GOLD - COMMODITY EXCHANGE INC.,088691,561837,19158,116748,79645,258400,165357,51885,24621,156490,31216,67427,29828
2020-08-11,GOLD - COMMODITY EXCHANGE INC.,088691,553345,20119,113766,81712,256396,155418,57726,25020,151449,25088,68072,23794
2020-08-18,GOLD - COMMODITY EXCHANGE INC.,088691,544010,19419,110411,82563,259342,151016,55578,23603,151353,23273,66953,22700
2020-08-25,GOLD - COMMODITY EXCHANGE INC.,088691,549282,21545,114604,83785,257171,145055,58206,24833,156504,22315,66385,20978
2020-09-01,GOLD - COMMODITY EXCHANGE INC.,088691,547704,17887,115747,80332,259878,147175,49433,23543,158943,25889,69351,22741
2020-09-08,GOLD - COMMODITY EXCHANGE INC.,088691,557457,17766,118943,79781,259644,155528,51236,23207,157645,25464,67285,22718
2020-09-15,GOLD - COMMODITY EXCHANGE INC.,088691,578925,19681,121622,81024,264269,166571,55473,26898,157941,28062,68537,24328
2020-09-22,GOLD - COMMODITY EXCHANGE INC.,088691,575877,20734,113771,83669,257040,144670,63222,28603,164345,26733,69670,22322
2020-09-29,GOLD - COMMODITY EXCHANGE INC.,088691,562396,18095,114937,80681,270017,140320,45948,28535,175786,26499,64556,22037
2020-10-06,GOLD - COMMODITY EXCHANGE INC.,088691,555555,17090,114476,80604,271686,139350,44738,24956,181572,27597,66522,26641
2020-10-13,GOLD - COMMODITY EXCHANGE INC.,088691,553197,15637,116151,80511,264652,138169,56388,22261,188817,29927,67772,23788
2020-10-20,GOLD - COMMODITY EXCHANGE INC.,088691,562993,16306,117914,80534,273050,149108,58543,19728,191098,32059,65994,21474
2020-10-27,GOLD - COMMODITY EXCHANGE INC.,088691,560900,16885,110953,78297,280691,149140,47265,22105,176923,30164,70778,22950
2020-11-03,GOLD - COMMODITY EXCHANGE INC.,088691,544774,15422,108060,76841,273541,140094,49399,20953,181704,29490,66826,20397
2020-11-10,GOLD - COMMODITY EXCHANGE INC.,088691,547449,15986,108842,75840,266407,130105,50322,24159,188411,28458,64247,20560
2020-11-17,GOLD - COMMODITY EXCHANGE INC.,088691,557533,16015,113514,74682,271755,139550,49103,23555,190148,29325,64301,20999
2020-11-24,GOLD - COMMODITY EXCHANGE INC.,088691,555253,16425,112076,74823,264001,137503,52155,28948,182821,24267,65390,24463
2020-12-01,GOLD - COMMODITY EXCHANGE INC.,088691,538042,18504,119429,73475,265813,134446,48903,23399,189898,15127,55439,22490
2020-12-08,GOLD - COMMODITY EXCHANGE INC.,088691,549520,15367,118240,71031,268881,147844,49033,27295,190427,20018,55752,24249
2020-12-15,GOLD - COMMODITY EXCHANGE INC.,088691,550366,14192,118294,69353,271593,151901,50022,26853,188709,19004,57079,22321
2020-12-21,GOLD - COMMODITY EXCHANGE INC.,088691,560769,12636,120377,68376,275734,158194,50070,28078,191676,21604,58780,21877
2020-12-29,GOLD - COMMODITY EXCHANGE INC.,088691,556414,12327,117811,69183,270953,159673,50678,29447,182139,22262,58726,20344
2021-01-05,GOLD - COMMODITY EXCHANGE INC.,088691,568888,13307,118767,66849,282312,167096,50527,32294,182850,20101,61730,20125
2021-01-12,GOLD - COMMODITY EXCHANGE INC.,088691,555538,15210,113944,67748,259315,131057,52823,37857,182160,14167,62806,18732
2021-01-19,GOLD - COMMODITY EXCHANGE INC.,088691,541330,13477,114372,67123,253695,127161,49090,50044,180346,11779,60731,19902
2021-01-26,GOLD - COMMODITY EXCHANGE INC.,088691,534574,10278,113013,66964,263177,142815,46416,38435,170717,9570,60968,19566
2021-02-02,GOLD - COMMODITY EXCHANGE INC.,088691,520011,10760,114887,64507,258337,137062,49284,39241,177290,7942,59451,18620
2021-02-09,GOLD - COMMODITY EXCHANGE INC.,088691,506741,9490,112486,63984,253183,134733,47093,37196,174593,10826,58041,17253
2021-02-16,GOLD - COMMODITY EXCHANGE INC.,088691,503016,11567,111400,64698,239943,125997,58041,34413,177586,10573,59140,19031
2021-02-23,GOLD - COMMODITY EXCHANGE INC.,088691,481125,10658,103728,64009,222668,125124,56001,35977,158957,12347,55723,19727
2021-03-02,GOLD - COMMODITY EXCHANGE INC.,088691,467008,12025,98920,63300,198608,106608,60648,37077,158925,15247,53410,20845
2021-03-09,GOLD - COMMODITY EXCHANGE INC.,088691,473871,14579,96258,63924,190125,96223,66793,30316,158616,12883,54516,21799
2021-03-16,GOLD - COMMODITY EXCHANGE INC.,088691,476467,15152,94226,64465,194866,100669,59548,34231,155568,16493,50576,21297
2021-03-23,GOLD - COMMODITY EXCHANGE INC.,088691,485457,15470,93043,63078,187308,107941,64420,31391,154833,24287,50057,22321
2021-03-30,GOLD - COMMODITY EXCHANGE INC.,088691,467321,16441,89329,63726,184564,113009,69936,27280,150444,25989,48980,22782
2021-04-06,GOLD - COMMODITY EXCHANGE INC.,088691,463353,11916,90527,65739,201927,121563,55091,26229,154140,31103,46301,21011
2021-04-13,GOLD - COMMODITY EXCHANGE INC.,088691,460733,11585,86637,67517,201253,112070,58263,24810,157443,30376,48173,20259
2021-04-20,GOLD - COMMODITY EXCHANGE INC.,088691,471738,11755,87520,67853,205281,116843,60419,25335,159142,34068,50373,18678
2021-04-27,GOLD - COMMODITY EXCHANGE INC.,088691,473305,11542,83268,69531,204982,117144,66493,25430,153573,33605,54199,17641
2021-05-04,GOLD - COMMODITY EXCHANGE INC.,088691,470341,11043,78286,68469,203149,117434,63809,25208,152760,35644,51126,19944
2021-05-11,GOLD - COMMODITY EXCHANGE INC.,088691,498693,16359,87150,67146,223439,131295,49680,27128,150866,40226,54400,19571
2021-05-18,GOLD - COMMODITY EXCHANGE INC.,088691,520410,18969,84133,67198,234935,141776,49786,27418,148491,41592,55146,21134
2021-05-25,GOLD - COMMODITY EXCHANGE INC.,088691,510164,12526,90986,68215,240624,143862,36607,29878,144404,37017,59511,23284
2021-06-01,GOLD - COMMODITY EXCHANGE INC.,088691,489198,11017,80820,64564,242936,147270,37297,28107,141556,37828,53306,18832
2021-06-08,GOLD - COMMODITY EXCHANGE INC.,088691,491858,13828,78884,63894,243644,145037,37373,26830,143744,42021,53829,18410
2021-06-15,GOLD - COMMODITY EXCHANGE INC.,088691,480127,15205,79346,65057,232142,138546,41754,25408,135401,40157,56320,17130
2021-06-22,GOLD - COMMODITY EXCHANGE INC.,088691,453940,14480,70690,66653,212825,110038,47502,25441,143115,39437,53152,16984
2021-06-29,GOLD - COMMODITY EXCHANGE INC.,088691,453360,14517,68972,67200,207865,115438,54056,23930,138768,37924,51048,18154
2021-07-06,GOLD - COMMODITY EXCHANGE INC.,088691,465811,14158,75008,66765,220641,131218,53258,21212,139327,34466,49928,18023
2021-07-13,GOLD - COMMODITY EXCHANGE INC.,088691,495798,14757,75926,66111,225970,135938,49647,22119,139605,35060,50079,19887
2021-07-20,GOLD - COMMODITY EXCHANGE INC.,088691,490520,14367,78197,67561,232279,135163,44735,20020,142149,36605,49200,16624
2021-07-27,GOLD - COMMODITY EXCHANGE INC.,088691,500187,13874,70160,67644,240172,131635,41405,44240,142053,32895,48080,18654
2021-08-03,GOLD - COMMODITY EXCHANGE INC.,088691,485663,17427,73826,73284,248169,132920,43047,20460,140223,33761,51591,16642
2021-08-10,GOLD - COMMODITY EXCHANGE INC.,088691,477232,15344,62975,72207,220217,111892,76489,13028,165368,32365,47485,20250
2021-08-17,GOLD - COMMODITY EXCHANGE INC.,088691,485485,14549,66385,73900,236064,117272,58194,15999,167165,34701,44315,21857
2021-08-24,GOLD - COMMODITY EXCHANGE INC.,088691,504735,14405,69571,73832,253344,126636,51192,18282,172448,37239,44517,20492
2021-08-31,GOLD - COMMODITY EXCHANGE INC.,088691,507113,13580,66321,72573,260344,136555,54878,16704,174449,39576,43514,19552
2021-09-07,GOLD - COMMODITY EXCHANGE INC.,088691,506772,14223,66798,72865,256098,129044,61449,15967,176973,38529,49214,19445
2021-09-14,GOLD - COMMODITY EXCHANGE INC.,088691,506356,13149,67186,72791,253005,130837,59615,17532,176151,39613,47097,20606
2021-09-21,GOLD - COMMODITY EXCHANGE INC.,088691,492765,15089,61902,72105,237936,119777,72933,15992,176893,36090,45636,20639
2021-09-28,GOLD - COMMODITY EXCHANGE INC.,088691,490858,18460,60320,72672,220963,118923,88062,15651,174891,37353,44821,23069
2021-10-05,GOLD - COMMODITY EXCHANGE INC.,088691,483789,14867,57675,77225,238119,126745,72579,14011,169194,40778,44017,22897
2021-10-12,GOLD - COMMODITY EXCHANGE INC.,088691,484382,14259,62099,77500,237274,131668,73149,15031,166835,39815,43819,21744
2021-10-19,GOLD - COMMODITY EXCHANGE INC.,088691,485974,12474,63126,76694,245232,124560,66761,14554,175322,39772,46194,20353
2021-10-26,GOLD - COMMODITY EXCHANGE INC.,088691,509794,13505,64600,72885,261444,141280,54918,23815,172366,44168,47707,22613
2021-11-02,GOLD - COMMODITY EXCHANGE INC.,088691,507616,13986,66307,71365,258921,136944,51705,33020,174147,44257,45936,21188
2021-11-09,GOLD - COMMODITY EXCHANGE INC.,088691,571025,17412,76212,68244,284933,168133,42523,41247,172978,48407,50094,24786
2021-11-16,GOLD - COMMODITY EXCHANGE INC.,088691,612612,17998,86192,68512,287857,185468,43083,48971,175061,57666,52054,24295
2021-11-23,GOLD - COMMODITY EXCHANGE INC.,088691,559823,14322,82848,67987,267295,152273,46934,31273,174136,45064,55380,21957
2021-11-30,GOLD - COMMODITY EXCHANGE INC.,088691,531868,13584,67407,70183,274963,137469,45384,32991,172784,39009,51657,18914
2021-12-07,GOLD - COMMODITY EXCHANGE INC.,088691,499307,11713,65860,76290,267766,125067,44326,32682,175451,39007,47358,18920
2021-12-14,GOLD - COMMODITY EXCHANGE INC.,088691,503709,11823,63346,76488,256376,121492,58075,31775,176650,37666,48697,19687
2021-12-21,GOLD - COMMODITY EXCHANGE INC.,088691,500846,11693,67486,74493,254729,124120,52372,32774,172508,38445,49251,19033
2021-12-28,GOLD - COMMODITY EXCHANGE INC.,088691,508912,11047,69200,74017,261528,130389,46726,33455,173490,43997,51121,18613
2022-01-04,GOLD - COMMODITY EXCHANGE INC.,088691,502717,11574,65049,74428,258411,124252,44744,37276,172331,40484,45400,19297
2022-01-11,GOLD - COMMODITY EXCHANGE INC.,088691,546516,15004,65710,81976,256343,119297,44987,50002,170805,45378,48323,22987
2022-01-18,GOLD - COMMODITY EXCHANGE INC.,088691,539204,19188,70150,87223,257329,119807,48014,39932,170721,48307,46978,20117
2022-01-25,GOLD - COMMODITY EXCHANGE INC.,088691,572078,13494,79264,86207,270183,140640,39265,48912,172775,53999,50669,21074
2022-02-01,GOLD - COMMODITY EXCHANGE INC.,088691,515331,13294,65627,95639,244648,108309,58395,42396,167685,45457,46819,17619
2022-02-08,GOLD - COMMODITY EXCHANGE INC.,088691,512842,12653,66144,97101,255044,117234,47767,41506,162325,45086,44869,20141
2022-02-15,GOLD - COMMODITY EXCHANGE INC.,088691,558645,13840,77522,97299,272492,151530,43824,47013,161739,55832,46689,21427
2022-02-22,GOLD - COMMODITY EXCHANGE INC.,088691,611488,14747,85658,97911,296722,183356,44380,55800,166740,62568,49090,22516
2022-03-01,GOLD - COMMODITY EXCHANGE INC.,088691,615600,18689,94503,95700,305695,187215,38594,53992,166962,57961,50266,22079
2022-03-08,GOLD - COMMODITY EXCHANGE INC.,088691,638502,23736,99813,100587,331456,181510,38537,38554,183108,51693,55964,23406
2022-03-15,GOLD - COMMODITY EXCHANGE INC.,088691,617605,26287,93725,96765,326768,165597,39060,31328,181134,45883,54330,18677
2022-03-22,GOLD - COMMODITY EXCHANGE INC.,088691,605191,28886,93799,103016,319698,152589,37457,32756,176071,43171,53441,19878
2022-03-29,GOLD - COMMODITY EXCHANGE INC.,088691,574521,18389,70315,89623,323634,146486,38184,37384,181146,31852,49022,20681
2022-04-05,GOLD - COMMODITY EXCHANGE INC.,088691,560666,18989,71333,87989,314403,148320,46693,32241,176250,32336,51778,18561
2022-04-12,GOLD - COMMODITY EXCHANGE INC.,088691,577639,20272,72001,88326,324690,165244,48219,31725,172920,35658,55264,21458
2022-04-19,GOLD - COMMODITY EXCHANGE INC.,088691,575202,22596,72545,89457,315033,157560,56294,34469,173185,34694,55032,19264
2022-04-26,GOLD - COMMODITY EXCHANGE INC.,088691,557785,22665,66838,90532,295653,138215,57098,36063,172296,35389,50938,19668
2022-05-03,GOLD - COMMODITY EXCHANGE INC.,088691,560441,23431,63612,92223,283894,128828,60981,39883,164611,33290,51270,18586
2022-05-10,GOLD - COMMODITY EXCHANGE INC.,088691,571447,22242,65143,89722,274577,123931,61939,61863,165016,33693,52098,17657
2022-05-17,GOLD - COMMODITY EXCHANGE INC.,088691,555756,24468,62025,89655,258977,115572,72212,48635,167439,35439,50588,19069
2022-05-24,GOLD - COMMODITY EXCHANGE INC.,088691,530098,21184,63194,88932,258869,121174,60117,38533,161028,38272,47411,19277
2022-05-31,GOLD - COMMODITY EXCHANGE INC.,088691,513722,19970,65269,87433,242190,112731,61938,34212,156728,34932,46639,19172
2022-06-07,GOLD - COMMODITY EXCHANGE INC.,088691,494130,16570,61112,83943,239287,115215,57684,34946,155141,37404,44090,19472
2022-06-14,GOLD - COMMODITY EXCHANGE INC.,088691,497456,14920,55975,90077,227591,109111,72206,34898,157485,39792,45726,21755
2022-06-21,GOLD - COMMODITY EXCHANGE INC.,088691,500276,13019,57208,89736,232476,113220,63417,36961,154899,41415,44380,20738
2022-06-28,GOLD - COMMODITY EXCHANGE INC.,088691,497005,13971,57758,88706,226926,110850,74748,38340,157862,36271,44823,20509
2022-07-05,GOLD - COMMODITY EXCHANGE INC.,088691,498210,15404,53894,88196,215291,103472,86438,38833,164334,35708,43933,24008
2022-07-12,GOLD - COMMODITY EXCHANGE INC.,088691,542493,18149,46218,88915,198634,91669,97802,73944,159457,35203,52583,32916
2022-07-19,GOLD - COMMODITY EXCHANGE INC.,088691,524786,21601,46644,91690,178909,91056,109794,67378,149948,36255,43294,25987
2022-07-26,GOLD - COMMODITY EXCHANGE INC.,088691,487515,16057,41222,90911,174168,92216,111309,41752,149445,37662,42821,27089
2022-08-02,GOLD - COMMODITY EXCHANGE INC.,088691,459649,13831,44218,87907,193085,96634,80779,33380,145494,37023,37481,26242
2022-08-09,GOLD - COMMODITY EXCHANGE INC.,088691,453540,12940,49401,83302,201395,100013,59279,36807,142893,40776,37927,26224
2022-08-16,GOLD - COMMODITY EXCHANGE INC.,088691,453960,14278,48802,82580,201765,96765,60392,37551,141431,36640,37826,25281
2022-08-23,GOLD - COMMODITY EXCHANGE INC.,088691,457762,14957,47144,84037,189922,95850,73739,39072,141577,37841,38292,26067
2022-08-30,GOLD - COMMODITY EXCHANGE INC.,088691,459165,14612,45959,86070,184402,91761,79973,39811,143553,37607,38918,26973
2022-09-06,GOLD - COMMODITY EXCHANGE INC.,088691,465908,15564,41624,87940,175944,85842,92804,48627,145685,34866,38798,28591
2022-09-13,GOLD - COMMODITY EXCHANGE INC.,088691,463674,12589,39708,88814,172633,80300,98637,51000,145632,29951,40556,26962
2022-09-20,GOLD - COMMODITY EXCHANGE INC.,088691,469395,16194,33858,96320,154084,78544,115239,50131,136013,33596,40500,30794
2022-09-27,GOLD - COMMODITY EXCHANGE INC.,088691,457061,15381,28004,95632,145147,74171,117265,51269,132983,37808,40325,30268
2022-10-04,GOLD - COMMODITY EXCHANGE INC.,088691,437065,12114,31266,92811,170207,82806,89681,49981,133158,37898,36704,28541
2022-10-11,GOLD - COMMODITY EXCHANGE INC.,088691,431395,11578,34246,89504,170564,78365,83945,50752,134196,34196,36988,27680
2022-10-18,GOLD - COMMODITY EXCHANGE INC.,088691,434701,14351,29916,88947,163412,73344,99042,50402,137546,34892,39286,26212
2022-10-25,GOLD - COMMODITY EXCHANGE INC.,088691,456072,18036,28462,91650,161437,72016,110804,51771,140837,34017,39637,27456
2022-11-01,GOLD - COMMODITY EXCHANGE INC.,088691,467276,17255,26028,94979,160988,78213,119614,58278,138128,32104,38559,28400
2022-11-08,GOLD - COMMODITY EXCHANGE INC.,088691,488471,16738,35324,94889,167447,88059,104405,69205,135076,36392,38045,29239
2022-11-15,GOLD - COMMODITY EXCHANGE INC.,088691,495171,14602,51584,93757,191083,95065,69608,75828,132217,31405,36973,28934
2022-11-22,GOLD - COMMODITY EXCHANGE INC.,088691,449542,14133,54527,96891,186561,92161,72730,45262,122123,25441,40296,26345
2022-11-29,GOLD - COMMODITY EXCHANGE INC.,088691,433661,12158,48784,98970,181577,88032,73312,41705,121129,25846,33946,24716
2022-12-06,GOLD - COMMODITY EXCHANGE INC.,088691,422100,11712,49665,92319,184445,93629,70142,40897,117843,26205,37785,22831
2022-12-13,GOLD - COMMODITY EXCHANGE INC.,088691,437040,13758,50601,94229,195915,103737,66288,39850,120672,32472,37309,24429
2022-12-20,GOLD - COMMODITY EXCHANGE INC.,088691,436653,13860,51557,92184,197001,104813,65718,41330,121323,31570,38696,25030
2022-12-27,GOLD - COMMODITY EXCHANGE INC.,088691,440040,13950,56342,91331,202715,106983,56106,43511,122542,36539,39424,22528
2023-01-03,GOLD - COMMODITY EXCHANGE INC.,088691,449393,13217,57119,90625,206697,109140,54559,46277,121661,34576,42337,24029
2023-01-10,GOLD - COMMODITY EXCHANGE INC.,088691,481519,12243,60946,88381,212156,116604,54795,51130,126962,38236,46373,24430
2023-01-17,GOLD - COMMODITY EXCHANGE INC.,088691,491818,14854,58789,90498,222476,124222,54845,56137,122652,38789,48128,25455
2023-01-24,GOLD - COMMODITY EXCHANGE INC.,088691,499927,12705,54314,92041,230986,131501,51622,50144,121810,44016,47880,24999
2023-01-31,GOLD - COMMODITY EXCHANGE INC.,088691,471642,14955,51775,88758,232458,138125,53678,36652,118292,42458,43984,23745
2023-02-07,GOLD - COMMODITY EXCHANGE INC.,088691,439755,15251,46233,90840,212824,115521,55945,35692,107777,38538,48076,23925
2023-02-14,GOLD - COMMODITY EXCHANGE INC.,088691,426116,12225,42118,92860,192039,106106,64933,35047,104268,39912,45444,21901
2023-02-21,GOLD - COMMODITY EXCHANGE INC.,088691,422648,10696,40479,91556,191128,104710,68004,37183,105475,35080,43956,21702
2023-02-28,GOLD - COMMODITY EXCHANGE INC.,088691,426890,12772,41995,93853,192117,99425,72850,39934,108994,26976,41958,23064
2023-03-07,GOLD - COMMODITY EXCHANGE INC.,088691,458474,11617,41216,95312,184633,103439,89040,45179,112135,28060,43640,23194
2023-03-14,GOLD - COMMODITY EXCHANGE INC.,088691,459064,11602,47669,100461,219834,118560,58839,44131,112263,31653,41795,26686
2023-03-21,GOLD - COMMODITY EXCHANGE INC.,088691,469874,14502,55788,94971,237253,125090,43861,45007,112801,35425,47624,22661
2023-03-28,GOLD - COMMODITY EXCHANGE INC.,088691,478611,15709,60038,93156,250335,130530,31370,42643,114605,32135,47388,27510
2023-04-04,GOLD - COMMODITY EXCHANGE INC.,088691,476592,15763,51702,93463,275774,142348,32217,31693,123816,38731,48740,25706
2023-04-11,GOLD - COMMODITY EXCHANGE INC.,088691,476567,16516,51449,95817,277432,135015,30409,32439,125150,37011,49102,25299
2023-04-18,GOLD - COMMODITY EXCHANGE INC.,088691,482254,17347,51291,97059,279540,137170,34474,31046,122891,35694,50647,24115
2023-04-25,GOLD - COMMODITY EXCHANGE INC.,088691,473209,17543,52563,97156,274064,135979,33176,27707,117207,34746,51048,24384
2023-05-02,GOLD - COMMODITY EXCHANGE INC.,088691,493804,18762,54293,98325,280378,143191,29401,31850,119222,37445,47502,25485
2023-05-09,GOLD - COMMODITY EXCHANGE INC.,088691,518951,18250,55018,99775,285522,143463,32477,47158,123009,38181,52012,25311
2023-05-16,GOLD - COMMODITY EXCHANGE INC.,088691,521832,18148,52362,99973,277316,139786,35803,45017,115464,39633,54852,23109
2023-05-23,GOLD - COMMODITY EXCHANGE INC.,088691,479080,18435,44860,99737,260335,128550,35411,27579,107599,40006,49327,23036
2023-05-30,GOLD - COMMODITY EXCHANGE INC.,088691,449515,12396,43768,93334,251967,122904,36201,24902,114402,31789,43611,22922
2023-06-06,GOLD - COMMODITY EXCHANGE INC.,088691,436301,13860,43638,91274,259683,120985,27557,26495,116482,34269,47595,25049
2023-06-13,GOLD - COMMODITY EXCHANGE INC.,088691,432898,14225,41384,93585,252488,110512,35869,27364,116805,31239,48953,23100
2023-06-20,GOLD - COMMODITY EXCHANGE INC.,088691,438037,13663,40542,94588,254246,110314,34275,30457,118994,32058,47402,23840
2023-06-27,GOLD - COMMODITY EXCHANGE INC.,088691,431861,11393,37626,95100,244202,108209,38534,31279,112672,30437,48042,24617
2023-07-03,GOLD - COMMODITY EXCHANGE INC.,088691,448063,13966,41391,90454,247746,123017,39869,32723,112064,32115,45490,23870
2023-07-11,GOLD - COMMODITY EXCHANGE INC.,088691,483170,13062,42136,89493,248168,124394,41951,41464,116152,32841,46618,24623
2023-07-18,GOLD - COMMODITY EXCHANGE INC.,088691,482104,14281,53555,84927,259368,147644,32326,33429,116096,38066,45784,25417
2023-07-25,GOLD - COMMODITY EXCHANGE INC.,088691,476176,16452,55396,86053,245319,132603,37316,35498,115626,37274,47300,22729
2023-08-01,GOLD - COMMODITY EXCHANGE INC.,088691,439383,16334,46546,88352,244985,123802,43793,30029,115183,30268,43254,21333
2023-08-08,GOLD - COMMODITY EXCHANGE INC.,088691,427759,15411,41861,88184,229288,114585,55979,29953,114261,29882,44996,20427
2023-08-15,GOLD - COMMODITY EXCHANGE INC.,088691,433611,17862,39392,86688,207088,113146,83610,30928,119932,28332,44337,23543
2023-08-22,GOLD - COMMODITY EXCHANGE INC.,088691,430239,18338,35940,87166,190600,105085,95976,32173,121255,28418,45312,26222
2023-08-29,GOLD - COMMODITY EXCHANGE INC.,088691,442806,20564,41031,83759,203886,120609,81367,33536,115445,31415,43767,26445
2023-09-05,GOLD - COMMODITY EXCHANGE INC.,088691,438672,17994,42368,81715,215580,120222,69857,33104,115580,27939,45966,25733
2023-09-12,GOLD - COMMODITY EXCHANGE INC.,088691,441221,17361,39709,83274,205736,117737,83166,34102,117967,28674,46740,25794
2023-09-19,GOLD - COMMODITY EXCHANGE INC.,088691,438078,15305,40593,82606,210250,121172,73782,35725,116544,28771,43921,26152
2023-09-26,GOLD - COMMODITY EXCHANGE INC.,088691,435620,13152,39819,88126,196295,114668,91230,35282,120892,28515,45213,26192
2023-10-03,GOLD - COMMODITY EXCHANGE INC.,088691,431226,16614,38810,85747,175533,100500,108061,32940,127906,29119,45256,24500
2023-10-10,GOLD - COMMODITY EXCHANGE INC.,088691,436499,19010,37437,91619,163620,93934,120701,34940,126398,28198,44470,25475
2023-10-17,GOLD - COMMODITY EXCHANGE INC.,088691,439581,11737,41703,84592,182625,104708,89605,39547,126704,29069,40863,25602
2023-10-24,GOLD - COMMODITY EXCHANGE INC.,088691,463476,10642,50787,81233,206961,122456,66708,41442,129013,35376,42129,25641
2023-10-31,GOLD - COMMODITY EXCHANGE INC.,088691,475808,11165,55350,79294,217816,140111,65271,41868,120942,32357,44792,25510
2023-11-07,GOLD - COMMODITY EXCHANGE INC.,088691,484347,10487,55470,82014,223122,140609,62374,44562,121044,33063,45484,25609
2023-11-14,GOLD - COMMODITY EXCHANGE INC.,088691,486634,12176,55241,83706,217660,132924,68609,46638,121428,30367,45409,23766
2023-11-21,GOLD - COMMODITY EXCHANGE INC.,088691,508429,14081,59990,80946,225272,144381,65246,42144,125320,32750,43959,25429
2023-11-28,GOLD - COMMODITY EXCHANGE INC.,088691,505658,14333,64941,76804,244788,169695,54802,28942,120150,34959,45650,27142
2023-12-05,GOLD - COMMODITY EXCHANGE INC.,088691,487469,12631,62325,76376,253627,159907,50520,27391,128933,34776,47483,24082
2023-12-12,GOLD - COMMODITY EXCHANGE INC.,088691,469939,13420,58535,76081,243774,149634,54106,28531,123902,31197,46457,21882
2023-12-19,GOLD - COMMODITY EXCHANGE INC.,088691,481203,12836,60852,75017,254059,155697,47421,28885,125275,32212,48019,22300
2023-12-26,GOLD - COMMODITY EXCHANGE INC.,088691,491343,13243,58256,74400,261732,152801,46347,30180,137042,35778,48036,23409
2024-01-02,GOLD - COMMODITY EXCHANGE INC.,088691,500364,13674,55375,76117,269894,154384,45235,33238,136322,37822,49200,21371
2024-01-09,GOLD - COMMODITY EXCHANGE INC.,088691,489849,11949,56950,78213,250913,134333,45874,35868,137332,37177,50574,21487
2024-01-16,GOLD - COMMODITY EXCHANGE INC.,088691,489334,12864,53418,75791,242657,130931,47702,41913,131429,34765,49640,22113
2024-01-23,GOLD - COMMODITY EXCHANGE INC.,088691,465872,13724,52673,78535,231679,111298,50265,40521,129802,21361,45644,23025
2024-01-30,GOLD - COMMODITY EXCHANGE INC.,088691,430328,15272,49631,77882,214041,108093,52069,33205,111129,19362,45364,22637
2024-02-06,GOLD - COMMODITY EXCHANGE INC.,088691,419121,14285,50903,77734,221357,114316,46247,31466,114307,20638,41863,23360
2024-02-13,GOLD - COMMODITY EXCHANGE INC.,088691,420812,15888,48131,78854,199591,100642,66466,36698,116863,19871,44228,22416
2024-02-20,GOLD - COMMODITY EXCHANGE INC.,088691,407063,10614,49065,77980,198940,98840,48917,35670,112194,21855,41846,22697
2024-02-27,GOLD - COMMODITY EXCHANGE INC.,088691,411195,11378,51050,78743,197423,103885,47732,36277,111063,25580,38943,22227
2024-03-05,GOLD - COMMODITY EXCHANGE INC.,088691,471616,11650,60537,77009,234914,145106,35343,38504,119042,37512,44782,29283
2024-03-12,GOLD - COMMODITY EXCHANGE INC.,088691,516057,30471,78911,75076,244909,173994,32911,39000,109068,48549,47992,31321
2024-03-19,GOLD - COMMODITY EXCHANGE INC.,088691,535047,32136,81346,77067,245387,172588,29692,49801,106144,47438,49131,33203
2024-03-26,GOLD - COMMODITY EXCHANGE INC.,088691,503642,32765,80270,80421,251256,163006,27211,33140,102641,39142,48004,28958
2024-04-02,GOLD - COMMODITY EXCHANGE INC.,088691,500045,32235,77122,80217,261044,173073,25993,30153,108326,48156,48931,30467
2024-04-09,GOLD - COMMODITY EXCHANGE INC.,088691,505214,34191,76217,79228,261784,174617,32885,29589,105182,44495,51559,29396
2024-04-16,GOLD - COMMODITY EXCHANGE INC.,088691,517193,37797,71700,78012,266867,169910,35174,37065,108867,41680,50245,29410
2024-04-23,GOLD - COMMODITY EXCHANGE INC.,088691,516249,37917,70510,75873,270152,176400,34261,44015,103135,42383,48914,24933
2024-04-30,GOLD - COMMODITY EXCHANGE INC.,088691,519791,37917,68644,73085,269856,171853,36826,48645,106997,37814,50274,26986
2024-05-07,GOLD - COMMODITY EXCHANGE INC.,088691,529835,35488,67658,73131,268227,164780,38681,56799,107364,33896,54701,27002
2024-05-14,GOLD - COMMODITY EXCHANGE INC.,088691,522952,35446,65005,75210,277761,171868,41433,36357,105774,31713,52633,25019
2024-05-21,GOLD - COMMODITY EXCHANGE INC.,088691,530591,20490,57460,76171,297864,190605,42082,35310,110124,28841,55264,26407
2024-05-28,GOLD - COMMODITY EXCHANGE INC.,088691,485430,18542,59186,69148,289454,174444,25616,24917,112293,24536,51528,27163
2024-06-04,GOLD - COMMODITY EXCHANGE INC.,088691,447488,15962,55848,56738,282783,172560,20261,17978,112006,27003,49807,21178
2024-06-11,GOLD - COMMODITY EXCHANGE INC.,088691,436857,15922,56729,55474,275178,168424,15459,15958,108345,27384,50311,23726
2024-06-18,GOLD - COMMODITY EXCHANGE INC.,088691,444345,15030,57588,55910,281082,177639,17018,15366,109508,27045,47659,23013
2024-06-25,GOLD - COMMODITY EXCHANGE INC.,088691,452190,15601,58204,58751,287636,174756,16554,17574,110129,22102,48436,23177
2024-07-02,GOLD - COMMODITY EXCHANGE INC.,088691,454730,14424,59169,59925,279979,167688,16873,22299,112429,21701,47694,24438
2024-07-09,GOLD - COMMODITY EXCHANGE INC.,088691,516324,14031,66422,62183,290421,181982,24515,42934,121061,23753,50623,24769
2024-07-16,GOLD - COMMODITY EXCHANGE INC.,088691,579862,23789,84107,62675,311661,216502,31970,31300,133325,32833,53814,29534
2024-07-23,GOLD - COMMODITY EXCHANGE INC.,088691,572306,15685,69900,58598,305308,197802,34942,41039,143798,33584,53705,25854
2024-07-30,GOLD - COMMODITY EXCHANGE INC.,088691,510914,19913,64678,55083,283175,185586,33222,22563,127778,33541,49931,23675
2024-08-06,GOLD - COMMODITY EXCHANGE INC.,088691,480645,16637,63782,56985,278874,180303,29517,21094,117816,29853,51205,20920
2024-08-13,GOLD - COMMODITY EXCHANGE INC.,088691,505872,16717,69652,54827,294394,203844,25929,19009,124925,35576,50388,25150
2024-08-20,GOLD - COMMODITY EXCHANGE INC.,088691,532867,15569,79564,53461,305972,222142,28837,19236,133409,35461,52918,27665
2024-08-27,GOLD - COMMODITY EXCHANGE INC.,088691,521759,10714,79098,52822,306757,217976,17685,21993,125354,31200,54689,26815
2024-09-03,GOLD - COMMODITY EXCHANGE INC.,088691,511136,11841,81470,55089,297347,212086,19996,20378,127071,31603,51198,26869
2024-09-10,GOLD - COMMODITY EXCHANGE INC.,088691,511501,12568,87942,52865,284390,213645,23190,20876,126361,34315,50937,26539
2024-09-17,GOLD - COMMODITY EXCHANGE INC.,088691,537627,12663,90250,45549,303089,241844,25489,21035,127890,34179,52976,27915
2024-09-24,GOLD - COMMODITY EXCHANGE INC.,088691,564640,13517,93547,45705,305381,256435,37406,20681,131137,34776,53444,29128
2024-10-01,GOLD - COMMODITY EXCHANGE INC.,088691,533107,12220,87446,42840,295138,247867,33405,18204,122184,36715,53191,25598
2024-10-08,GOLD - COMMODITY EXCHANGE INC.,088691,520316,12830,83981,44853,277678,227596,33537,23430,121295,37174,51440,25644
2024-10-15,GOLD - COMMODITY EXCHANGE INC.,088691,541232,13088,87786,43311,281271,233871,34450,35343,123623,36610,50490,24266
2024-10-22,GOLD - COMMODITY EXCHANGE INC.,088691,573760,12942,95037,39452,282058,242427,37267,52677,129386,38342,54214,25717
2024-10-29,GOLD - COMMODITY EXCHANGE INC.,088691,579468,12379,86999,40174,269225,234856,39683,64343,131780,48300,53432,28414
2024-11-05,GOLD - COMMODITY EXCHANGE INC.,088691,558034,13066,82429,39763,253459,219687,36684,69684,117129,44803,52637,24907
2024-11-12,GOLD - COMMODITY EXCHANGE INC.,088691,535981,13211,80667,36733,234859,203661,38365,62058,112564,41409,56838,27707
2024-11-19,GOLD - COMMODITY EXCHANGE INC.,088691,502952,13787,84104,34758,226763,193355,38181,46147,115999,36806,52421,24466
2024-11-26,GOLD - COMMODITY EXCHANGE INC.,088691,472660,14309,81389,32845,238285,203596,24306,29011,99805,28757,46574,24392
2024-12-03,GOLD - COMMODITY EXCHANGE INC.,088691,462040,10967,73308,32964,256898,203580,22845,28552,104031,25030,48337,21798
2024-12-10,GOLD - COMMODITY EXCHANGE INC.,088691,483346,11204,77649,33312,263738,218482,22404,32041,105850,26342,46448,25163
2024-12-17,GOLD - COMMODITY EXCHANGE INC.,088691,466571,9971,82426,32522,245300,201880,18378,39928,101098,22559,48388,25196
2024-12-24,GOLD - COMMODITY EXCHANGE INC.,088691,454646,9198,83987,31583,230130,186099,20602,40060,103317,21185,47813,22106
2024-12-31,GOLD - COMMODITY EXCHANGE INC.,088691,458584,9983,83344,31829,229764,182128,15959,47970,100779,19669,47357,23340
