specialist,side,arm_time_utc,confirmation_time_utc,entry_time_utc,exit_time_utc,entry_price,stop_price,target_price,exit_price,exit_reason,risk_distance,r,extra_half_pip_stress_r,fixed_0p01_lot_usd
C2_USD_ALIGNED_PULLBACK,LONG,2019-01-30 14:00:00+00:00,2019-01-30 14:45:00+00:00,2019-01-30 14:45:00+00:00,2019-01-30 19:00:00+00:00,1.14148,1.140544387250489,1.1428834191242667,1.1428734191242667,TARGET,0.0009356127495110389,1.4893118173034938,1.4358709038207196,1.3934191242666039
C2_USD_ALIGNED_PULLBACK,LONG,2019-01-31 10:30:00+00:00,2019-01-31 11:05:00+00:00,2019-01-31 11:05:00+00:00,2019-01-31 12:25:00+00:00,1.1479000000000001,1.1469003530657695,1.1493994704013462,1.149389470401346,TARGET,0.0009996469342306025,1.4899964680953568,1.4399788085719136,1.4894704013459492
C2_USD_ALIGNED_PULLBACK,LONG,2019-02-01 01:30:00+00:00,2019-02-01 01:55:00+00:00,2019-02-01 01:55:00+00:00,2019-02-01 05:35:00+00:00,1.14439,1.14377,1.1453200000000001,1.1437599999999999,STOP,0.0006200000000000649,-1.0161290322581684,-1.0967741935484825,-0.6300000000001305
C2_USD_ALIGNED_PULLBACK,LONG,2019-02-01 06:00:00+00:00,2019-02-01 06:20:00+00:00,2019-02-01 06:20:00+00:00,2019-02-01 07:00:00+00:00,1.14388,1.1434434778559852,1.1445347832160222,1.1445247832160221,TARGET,0.00043652214401479483,1.4770916547140238,1.3625499282848936,0.6447832160221267
C2_USD_ALIGNED_PULLBACK,LONG,2019-02-26 06:45:00+00:00,2019-02-26 07:50:00+00:00,2019-02-26 07:50:00+00:00,2019-02-26 08:00:00+00:00,1.1356300000000001,1.13478,1.1369050000000005,1.1347699999999998,STOP,0.0008500000000002395,-1.0117647058824266,-1.0705882352941747,-0.860000000000305
C2_USD_ALIGNED_PULLBACK,LONG,2019-02-27 06:30:00+00:00,2019-02-27 07:40:00+00:00,2019-02-27 07:40:00+00:00,2019-02-27 11:10:00+00:00,1.13833,1.13724,1.1399650000000001,1.139955,TARGET,0.0010900000000000354,1.4908256880733346,1.4449541284403085,1.6249999999999876
C2_USD_ALIGNED_PULLBACK,LONG,2019-03-18 15:30:00+00:00,2019-03-18 16:05:00+00:00,2019-03-18 16:05:00+00:00,2019-03-18 16:35:00+00:00,1.1340000000000001,1.13305,1.1354250000000006,1.1330399999999998,STOP,0.0009500000000002284,-1.01052631578954,-1.0631578947368958,-0.960000000000294
C2_USD_ALIGNED_PULLBACK,LONG,2019-03-18 16:30:00+00:00,2019-03-18 17:10:00+00:00,2019-03-18 17:10:00+00:00,2019-03-18 17:15:00+00:00,1.1332900000000001,1.1326,1.1343250000000002,1.13259,STOP,0.0006900000000000794,-1.0144927536232817,-1.0869565217392154,-0.700000000000145
C2_USD_ALIGNED_PULLBACK,LONG,2019-03-21 08:00:00+00:00,2019-03-21 09:00:00+00:00,2019-03-21 09:00:00+00:00,2019-03-21 10:35:00+00:00,1.1399400000000002,1.13926,1.1409600000000006,1.1392499999999999,STOP,0.000680000000000236,-1.0147058823530324,-1.0882352941177127,-0.6900000000003015
C2_USD_ALIGNED_PULLBACK,SHORT,2019-04-03 08:30:00+00:00,2019-04-03 09:05:00+00:00,2019-04-03 09:05:00+00:00,2019-04-03 09:15:00+00:00,1.1239,1.1246439874138103,1.1227840188792841,1.1246539874138104,STOP,0.0007439874138104319,-1.013441087596965,-1.0806465255813502,-0.7539874138104974
C2_USD_ALIGNED_PULLBACK,SHORT,2019-04-08 02:30:00+00:00,2019-04-08 03:30:00+00:00,2019-04-08 03:30:00+00:00,2019-04-08 08:20:00+00:00,1.12262,1.12325,1.1216749999999998,1.1232600000000001,STOP,0.0006300000000001305,-1.0158730158731166,-1.0952380952381795,-0.640000000000196
C2_USD_ALIGNED_PULLBACK,SHORT,2019-04-08 11:00:00+00:00,2019-04-08 11:40:00+00:00,2019-04-08 11:40:00+00:00,2019-04-08 12:40:00+00:00,1.1243699999999999,1.12514,1.1232149999999996,1.12515,STOP,0.0007700000000001594,-1.0129870129870955,-1.077922077922147,-0.780000000000225
C2_USD_ALIGNED_PULLBACK,LONG,2019-04-11 17:15:00+00:00,2019-04-11 17:50:00+00:00,2019-04-11 17:50:00+00:00,2019-04-12 00:30:00+00:00,1.12545,1.124724038996213,1.1265389415056806,1.1265289415056805,TARGET,0.000725961003787079,1.486225155417426,1.4173509325057712,1.078941505680442
C2_USD_ALIGNED_PULLBACK,SHORT,2019-04-17 02:00:00+00:00,2019-04-17 03:00:00+00:00,2019-04-17 03:00:00+00:00,2019-04-17 03:50:00+00:00,1.12983,1.1303018008378676,1.1291222987431984,1.1303118008378676,STOP,0.00047180083786768634,-1.0211953841482366,-1.1271723048887254,-0.48180083786775185
C2_USD_ALIGNED_PULLBACK,SHORT,2019-04-22 12:15:00+00:00,2019-04-22 12:55:00+00:00,2019-04-22 12:55:00+00:00,2019-04-22 14:00:00+00:00,1.12509,1.1255,1.124475,1.12551,STOP,0.00041000000000002146,-1.0243902439025976,-1.1463414634147864,-0.42000000000008697
C2_USD_ALIGNED_PULLBACK,SHORT,2019-04-22 14:00:00+00:00,2019-04-22 14:30:00+00:00,2019-04-22 14:30:00+00:00,2019-04-22 15:20:00+00:00,1.1253,1.12571,1.124685,1.12572,STOP,0.00041000000000002146,-1.0243902439025976,-1.1463414634147864,-0.42000000000008697
C2_USD_ALIGNED_PULLBACK,SHORT,2019-04-22 15:15:00+00:00,2019-04-22 16:00:00+00:00,2019-04-22 16:00:00+00:00,2019-04-22 16:35:00+00:00,1.12577,1.12622,1.125095,1.12623,STOP,0.00045000000000006146,-1.0222222222223647,-1.1333333333334605,-0.460000000000127
C2_USD_ALIGNED_PULLBACK,LONG,2019-05-02 06:00:00+00:00,2019-05-02 07:20:00+00:00,2019-05-02 07:20:00+00:00,2019-05-02 07:45:00+00:00,1.1199400000000002,1.1191,1.1212000000000004,1.1211900000000004,TARGET,0.0008400000000001739,1.4880952380951626,1.4285714285713655,1.2500000000001954
C2_USD_ALIGNED_PULLBACK,LONG,2019-05-07 13:00:00+00:00,2019-05-07 13:35:00+00:00,2019-05-07 13:35:00+00:00,2019-05-07 16:00:00+00:00,1.11842,1.11748,1.1198299999999999,1.11747,STOP,0.0009399999999999409,-1.0106382978724109,-1.0638297872341163,-0.9500000000000064
C2_USD_ALIGNED_PULLBACK,LONG,2019-05-07 16:00:00+00:00,2019-05-07 16:25:00+00:00,2019-05-07 16:25:00+00:00,2019-05-07 18:45:00+00:00,1.11734,1.1164714648029002,1.1186428027956499,1.1186328027956498,TARGET,0.0008685351970998401,1.4884863618269635,1.430918170961519,1.2928027956498056
C2_USD_ALIGNED_PULLBACK,LONG,2019-05-13 20:30:00+00:00,2019-05-13 21:25:00+00:00,2019-05-13 21:25:00+00:00,2019-05-13 23:10:00+00:00,1.1224,1.1218613672645084,1.1232079491032376,1.1231979491032376,TARGET,0.0005386327354917064,1.4814344741024017,1.3886068446150182,0.7979491032374941
C2_USD_ALIGNED_PULLBACK,LONG,2019-05-28 01:15:00+00:00,2019-05-28 02:15:00+00:00,2019-05-28 02:15:00+00:00,2019-05-28 02:35:00+00:00,1.11857,1.11809,1.1192900000000001,1.11808,STOP,0.00048000000000003595,-1.0208333333334683,-1.1250000000001272,-0.49000000000010147
C2_USD_ALIGNED_PULLBACK,LONG,2019-05-28 16:30:00+00:00,2019-05-28 17:35:00+00:00,2019-05-28 17:35:00+00:00,2019-05-28 19:15:00+00:00,1.11695,1.1161810707122153,1.1181033939316773,1.1161710707122152,STOP,0.0007689292877848253,-1.0130050970341813,-1.0780305822046614,-0.7789292877848908
C2_USD_ALIGNED_PULLBACK,LONG,2019-06-03 06:15:00+00:00,2019-06-03 07:25:00+00:00,2019-06-03 07:25:00+00:00,2019-06-03 12:20:00+00:00,1.1172,1.11601,1.118985,1.1189749999999998,TARGET,0.0011900000000000244,1.491596638655314,1.4495798319326259,1.77499999999986
C2_USD_ALIGNED_PULLBACK,LONG,2019-06-10 07:15:00+00:00,2019-06-10 08:15:00+00:00,2019-06-10 08:15:00+00:00,2019-06-10 10:25:00+00:00,1.1297400000000002,1.12902,1.1308200000000006,1.1308100000000005,TARGET,0.000720000000000276,1.4861111111110255,1.4166666666666077,1.0700000000003485
C2_USD_ALIGNED_PULLBACK,LONG,2019-07-01 00:45:00+00:00,2019-07-01 02:05:00+00:00,2019-07-01 02:05:00+00:00,2019-07-01 05:00:00+00:00,1.13528,1.134701262125726,1.1361481068114112,1.134691262125726,STOP,0.0005787378742740934,-1.017278979732592,-1.1036738783949867,-0.5887378742741589
C2_USD_ALIGNED_PULLBACK,LONG,2019-07-01 05:00:00+00:00,2019-07-01 05:40:00+00:00,2019-07-01 05:40:00+00:00,2019-07-01 07:00:00+00:00,1.1327,1.132106830060223,1.1335897549096656,1.132096830060223,STOP,0.000593169939776983,-1.0168585751392345,-1.1011514508348552,-0.6031699397770485
C2_USD_ALIGNED_PULLBACK,SHORT,2019-07-10 08:45:00+00:00,2019-07-10 10:05:00+00:00,2019-07-10 10:05:00+00:00,2019-07-10 12:30:00+00:00,1.1220999999999999,1.12296,1.1208099999999996,1.12297,STOP,0.0008600000000000829,-1.0116279069768193,-1.0697674418605345,-0.8700000000001484
C2_USD_ALIGNED_PULLBACK,SHORT,2019-07-11 00:00:00+00:00,2019-07-11 00:55:00+00:00,2019-07-11 00:55:00+00:00,2019-07-11 02:40:00+00:00,1.12619,1.126635552369128,1.1255216714463079,1.1266455523691281,STOP,0.00044555236912802165,-1.0224440507849533,-1.134664304708984,-0.45555236912808716
C2_USD_ALIGNED_PULLBACK,SHORT,2019-07-11 02:45:00+00:00,2019-07-11 03:35:00+00:00,2019-07-11 03:35:00+00:00,2019-07-11 12:00:00+00:00,1.1274,1.1281,1.1263499999999997,1.1281100000000002,STOP,0.000700000000000145,-1.0142857142858048,-1.0857142857143616,-0.7100000000002105
C2_USD_ALIGNED_PULLBACK,LONG,2019-08-06 13:00:00+00:00,2019-08-06 13:50:00+00:00,2019-08-06 13:50:00+00:00,2019-08-06 15:00:00+00:00,1.1177300000000001,1.11675,1.1192000000000004,1.1191900000000004,TARGET,0.000980000000000203,1.4897959183672822,1.4387755102040274,1.4600000000002389
C2_USD_ALIGNED_PULLBACK,LONG,2019-08-13 00:45:00+00:00,2019-08-13 01:45:00+00:00,2019-08-13 01:45:00+00:00,2019-08-13 02:20:00+00:00,1.1208600000000002,1.1204134171740512,1.1215298742389237,1.1204034171740511,STOP,0.00044658282594900456,-1.0223922627987656,-1.1343535767918602,-0.45658282594907007
C2_USD_ALIGNED_PULLBACK,LONG,2019-08-13 02:15:00+00:00,2019-08-13 03:05:00+00:00,2019-08-13 03:05:00+00:00,2019-08-13 03:15:00+00:00,1.11941,1.11861,1.1206099999999999,1.1186,STOP,0.0007999999999999119,-1.0125000000000832,-1.07500000000009,-0.8099999999999774
C2_USD_ALIGNED_PULLBACK,LONG,2019-08-13 03:15:00+00:00,2019-08-13 03:45:00+00:00,2019-08-13 03:45:00+00:00,2019-08-13 09:25:00+00:00,1.1189900000000002,1.11818,1.1202050000000003,1.1201950000000003,TARGET,0.0008100000000001994,1.4876543209874393,1.4259259259257262,1.2050000000001226
C2_USD_ALIGNED_PULLBACK,LONG,2019-08-26 17:00:00+00:00,2019-08-26 17:35:00+00:00,2019-08-26 17:35:00+00:00,2019-08-26 18:40:00+00:00,1.1103,1.109517563532926,1.1114736547006112,1.109507563532926,STOP,0.0007824364670740991,-1.0127805904004707,-1.0766835424024062,-0.7924364670741646
C2_USD_ALIGNED_PULLBACK,SHORT,2019-10-28 17:15:00+00:00,2019-10-28 17:50:00+00:00,2019-10-28 17:50:00+00:00,2019-10-29 05:50:00+00:00,1.1098999999999999,1.1104364281359695,1.1090953577960454,1.10932,TIME_12H,0.0005364281359696577,1.081225910999959,0.98801678074131,0.5799999999998029
C2_USD_ALIGNED_PULLBACK,LONG,2019-11-19 01:00:00+00:00,2019-11-19 01:40:00+00:00,2019-11-19 01:40:00+00:00,2019-11-19 05:45:00+00:00,1.1068,1.10626,1.10761,1.1076,TARGET,0.0005399999999999849,1.4814814814813597,1.3888888888887645,0.7999999999999119
C2_USD_ALIGNED_PULLBACK,LONG,2019-12-04 04:30:00+00:00,2019-12-04 05:50:00+00:00,2019-12-04 05:50:00+00:00,2019-12-04 07:50:00+00:00,1.1076300000000001,1.1073300000000001,1.1080800000000002,1.10732,STOP,0.00029999999999996696,-1.0333333333335555,-1.2000000000002404,-0.31000000000003247
C2_USD_ALIGNED_PULLBACK,LONG,2019-12-12 09:00:00+00:00,2019-12-12 09:55:00+00:00,2019-12-12 09:55:00+00:00,2019-12-12 12:15:00+00:00,1.1129200000000001,1.11246,1.1136100000000004,1.1136000000000004,TARGET,0.000460000000000127,1.4782608695653223,1.3695652173914392,0.680000000000236
C2_USD_ALIGNED_PULLBACK,SHORT,2019-12-23 06:30:00+00:00,2019-12-23 07:00:00+00:00,2019-12-23 07:00:00+00:00,2019-12-23 08:35:00+00:00,1.10839,1.10869,1.1079400000000001,1.1087,STOP,0.00029999999999996696,-1.0333333333335555,-1.2000000000002404,-0.31000000000003247
C2_USD_ALIGNED_PULLBACK,SHORT,2019-12-23 15:00:00+00:00,2019-12-23 15:55:00+00:00,2019-12-23 15:55:00+00:00,2019-12-24 03:55:00+00:00,1.10899,1.10961,1.1080599999999998,1.10898,TIME_12H,0.0006200000000000649,0.016129032257810354,-0.06451612903250378,0.009999999999843467
C2_USD_ALIGNED_PULLBACK,LONG,2020-01-03 09:45:00+00:00,2020-01-03 11:00:00+00:00,2020-01-03 11:00:00+00:00,2020-01-03 11:05:00+00:00,1.11369,1.11307,1.1146200000000002,1.11306,STOP,0.0006200000000000649,-1.0161290322581684,-1.0967741935484825,-0.6300000000001305
C2_USD_ALIGNED_PULLBACK,LONG,2020-01-07 14:45:00+00:00,2020-01-07 15:15:00+00:00,2020-01-07 15:15:00+00:00,2020-01-07 15:15:00+00:00,1.11518,1.11415,1.1167250000000002,1.11414,STOP,0.0010300000000000864,-1.0097087378641405,-1.0582524271845248,-1.040000000000152
C2_USD_ALIGNED_PULLBACK,SHORT,2020-01-10 17:00:00+00:00,2020-01-10 17:40:00+00:00,2020-01-10 17:40:00+00:00,2020-01-10 21:55:00+00:00,1.1122299999999998,1.1130648294609644,1.110977755808553,1.11257,TIME_12H,0.0008348294609645812,-0.4072688086586992,-0.46716128052023226,-0.340000000000229
C2_USD_ALIGNED_PULLBACK,SHORT,2020-01-20 20:30:00+00:00,2020-01-20 21:10:00+00:00,2020-01-20 21:10:00+00:00,2020-01-21 01:15:00+00:00,1.10954,1.1099018354802355,1.1089972467796467,1.1090072467796468,TARGET,0.00036183548023549506,1.4723631303553837,1.3341787821332074,0.5327532203531771
C2_USD_ALIGNED_PULLBACK,LONG,2020-03-04 06:15:00+00:00,2020-03-04 06:40:00+00:00,2020-03-04 06:40:00+00:00,2020-03-04 08:00:00+00:00,1.1152300000000002,1.11432,1.1165950000000004,1.1165850000000004,TARGET,0.0009100000000001884,1.4890109890109193,1.4340659340658757,1.3550000000002171
C2_USD_ALIGNED_PULLBACK,LONG,2020-03-11 21:00:00+00:00,2020-03-11 21:45:00+00:00,2020-03-11 21:45:00+00:00,2020-03-12 01:15:00+00:00,1.1261700000000001,1.124800129833462,1.1282248052498072,1.128214805249807,TARGET,0.0013698701665381119,1.4927000381171538,1.4562002287035667,2.0448052498069913
C2_USD_ALIGNED_PULLBACK,SHORT,2020-03-20 01:45:00+00:00,2020-03-20 03:00:00+00:00,2020-03-20 03:00:00+00:00,2020-03-20 04:45:00+00:00,1.0734599999999999,1.0757286301081261,1.0700570548378106,1.0757386301081262,STOP,0.0022686301081262794,-1.0044079464361535,-1.026447678616776,-2.278630108126345
C2_USD_ALIGNED_PULLBACK,LONG,2020-03-27 12:30:00+00:00,2020-03-27 13:00:00+00:00,2020-03-27 13:00:00+00:00,2020-03-27 13:20:00+00:00,1.09868,1.0964926504588175,1.1019610243117741,1.0964826504588174,STOP,0.002187349541182604,-1.0045717430213092,-1.0274304581277056,-2.1973495411826693
C2_USD_ALIGNED_PULLBACK,LONG,2020-03-27 13:00:00+00:00,2020-03-27 13:55:00+00:00,2020-03-27 13:55:00+00:00,2020-03-27 14:10:00+00:00,1.09734,1.095197719018062,1.100553421472907,1.1005434214729068,TARGET,0.0021422809819380273,1.495332078245343,1.47199246947247,3.2034214729068644
C2_USD_ALIGNED_PULLBACK,LONG,2020-03-31 10:45:00+00:00,2020-03-31 11:45:00+00:00,2020-03-31 11:45:00+00:00,2020-03-31 12:30:00+00:00,1.09436,1.09265,1.0969250000000001,1.096915,TARGET,0.0017100000000001003,1.4941520467835878,1.464912280701718,2.555000000000085
C2_USD_ALIGNED_PULLBACK,LONG,2020-04-01 17:15:00+00:00,2020-04-01 18:00:00+00:00,2020-04-01 18:00:00+00:00,2020-04-01 19:25:00+00:00,1.09203,1.09026,1.0946850000000001,1.094675,TARGET,0.0017700000000000493,1.4943502824858388,1.4661016949152181,2.6450000000000085
C2_USD_ALIGNED_PULLBACK,LONG,2020-04-02 12:15:00+00:00,2020-04-02 13:35:00+00:00,2020-04-02 13:35:00+00:00,2020-04-02 13:45:00+00:00,1.08755,1.08523,1.0910300000000002,1.0852199999999999,STOP,0.0023200000000000998,-1.0043103448276143,-1.0258620689655444,-2.3300000000001653
C2_USD_ALIGNED_PULLBACK,SHORT,2020-04-07 12:15:00+00:00,2020-04-07 13:00:00+00:00,2020-04-07 13:00:00+00:00,2020-04-07 14:15:00+00:00,1.09048,1.0920978241220063,1.0880532638169904,1.0921078241220064,STOP,0.001617824122006395,-1.006181141611156,-1.037086849666733,-1.6278241220064604
C2_USD_ALIGNED_PULLBACK,LONG,2020-04-16 00:15:00+00:00,2020-04-16 01:35:00+00:00,2020-04-16 01:35:00+00:00,2020-04-16 01:45:00+00:00,1.0888600000000002,1.0881376727501486,1.0899434908747776,1.0881276727501485,STOP,0.0007223272498515509,-1.013844140591568,-1.0830648435489543,-0.7323272498516165
C2_USD_ALIGNED_PULLBACK,LONG,2020-04-16 01:45:00+00:00,2020-04-16 02:25:00+00:00,2020-04-16 02:25:00+00:00,2020-04-16 03:40:00+00:00,1.0886500000000001,1.08752,1.0903450000000001,1.08751,STOP,0.0011300000000000754,-1.0088495575221812,-1.0530973451327976,-1.140000000000141
C2_USD_ALIGNED_PULLBACK,SHORT,2020-05-07 22:00:00+00:00,2020-05-07 22:45:00+00:00,2020-05-07 22:45:00+00:00,2020-05-08 00:35:00+00:00,1.08369,1.0845321874801765,1.0824267187797352,1.0845421874801766,STOP,0.0008421874801765039,-1.0118738407248344,-1.071243044348618,-0.8521874801765694
C2_USD_ALIGNED_PULLBACK,SHORT,2020-05-08 00:30:00+00:00,2020-05-08 01:15:00+00:00,2020-05-08 01:15:00+00:00,2020-05-08 01:45:00+00:00,1.08449,1.0852176765899038,1.0833984851151444,1.0852276765899038,STOP,0.0007276765899038029,-1.0137423687099616,-1.082454212259319,-0.7376765899038684
C2_USD_ALIGNED_PULLBACK,SHORT,2020-05-08 01:45:00+00:00,2020-05-08 02:10:00+00:00,2020-05-08 02:10:00+00:00,2020-05-08 02:25:00+00:00,1.08456,1.0852751372458185,1.083487294131272,1.0852851372458185,STOP,0.000715137245818509,-1.0139833298552643,-1.0838999791311283,-0.7251372458185745
C2_USD_ALIGNED_PULLBACK,SHORT,2020-05-12 05:15:00+00:00,2020-05-12 05:55:00+00:00,2020-05-12 05:55:00+00:00,2020-05-12 06:50:00+00:00,1.0812,1.0818701391772643,1.0801947912341034,1.0818801391772643,STOP,0.0006701391772643284,-1.014922273371463,-1.0895336402282885,-0.6801391772643939
C2_USD_ALIGNED_PULLBACK,SHORT,2020-05-12 11:00:00+00:00,2020-05-12 12:05:00+00:00,2020-05-12 12:05:00+00:00,2020-05-12 12:10:00+00:00,1.0843,1.0853653007021566,1.0827020489467651,1.0853753007021567,STOP,0.0010653007021566019,-1.0093870209414313,-1.0563221256482804,-1.0753007021566674
C2_USD_ALIGNED_PULLBACK,SHORT,2020-05-12 12:30:00+00:00,2020-05-12 13:45:00+00:00,2020-05-12 13:45:00+00:00,2020-05-13 01:45:00+00:00,1.08662,1.08853,1.0837549999999998,1.0852700000000002,TIME_12H,0.0019100000000000783,0.7068062827223481,0.680628272251145,1.3499999999997403
C2_USD_ALIGNED_PULLBACK,LONG,2020-06-11 05:00:00+00:00,2020-06-11 05:40:00+00:00,2020-06-11 05:40:00+00:00,2020-06-11 07:00:00+00:00,1.1340400000000002,1.13251,1.1363350000000005,1.1363250000000005,TARGET,0.0015300000000002534,1.49346405228754,1.460784313725454,2.2850000000003146
C2_USD_ALIGNED_PULLBACK,LONG,2020-06-12 00:00:00+00:00,2020-06-12 00:25:00+00:00,2020-06-12 00:25:00+00:00,2020-06-12 01:00:00+00:00,1.12917,1.1280194766776521,1.130895784983522,1.128009476677652,STOP,0.001150523322347885,-1.008691696905073,-1.0521501814301537,-1.1605233223479505
C2_USD_ALIGNED_PULLBACK,LONG,2020-06-24 18:00:00+00:00,2020-06-24 19:15:00+00:00,2020-06-24 19:15:00+00:00,2020-06-24 19:55:00+00:00,1.12633,1.125137422176802,1.128118866734797,1.125127422176802,STOP,0.0011925778231980377,-1.008385197012342,-1.0503111820737774,-1.2025778231981032
C2_USD_ALIGNED_PULLBACK,SHORT,2020-07-01 13:45:00+00:00,2020-07-01 14:50:00+00:00,2020-07-01 14:50:00+00:00,2020-07-02 02:50:00+00:00,1.12622,1.12753,1.1242550000000002,1.1260100000000002,TIME_12H,0.0013099999999999223,0.16030534351132358,0.12213740458002362,0.20999999999982144
C2_USD_ALIGNED_PULLBACK,LONG,2020-07-09 15:30:00+00:00,2020-07-09 16:05:00+00:00,2020-07-09 16:05:00+00:00,2020-07-09 19:35:00+00:00,1.1303800000000002,1.12877,1.1327950000000002,1.12876,STOP,0.0016100000000001113,-1.006211180124264,-1.0372670807453799,-1.6200000000001769
C2_USD_ALIGNED_PULLBACK,LONG,2020-07-10 00:45:00+00:00,2020-07-10 01:35:00+00:00,2020-07-10 01:35:00+00:00,2020-07-10 02:30:00+00:00,1.12766,1.1270703007052196,1.1285445489421708,1.1270603007052196,STOP,0.0005896992947804769,-1.0169577954197624,-1.1017467725180192,-0.5996992947805424
C2_USD_ALIGNED_PULLBACK,LONG,2020-07-14 07:30:00+00:00,2020-07-14 08:05:00+00:00,2020-07-14 08:05:00+00:00,2020-07-14 08:45:00+00:00,1.13371,1.13251,1.13551,1.1355,TARGET,0.0012000000000000899,1.4916666666665201,1.4499999999998565,1.7899999999999583
C2_USD_ALIGNED_PULLBACK,LONG,2020-07-20 12:45:00+00:00,2020-07-20 14:00:00+00:00,2020-07-20 14:00:00+00:00,2020-07-20 15:10:00+00:00,1.14195,1.14023,1.14453,1.14452,TARGET,0.0017199999999999438,1.494186046511654,1.4651162790697927,2.569999999999961
C2_USD_ALIGNED_PULLBACK,LONG,2020-08-03 00:00:00+00:00,2020-08-03 00:45:00+00:00,2020-08-03 00:45:00+00:00,2020-08-03 03:45:00+00:00,1.17541,1.17405,1.17745,1.17744,TARGET,0.0013600000000000279,1.4926470588234815,1.4558823529411293,2.0299999999999763
C2_USD_ALIGNED_PULLBACK,LONG,2020-09-15 13:45:00+00:00,2020-09-15 14:55:00+00:00,2020-09-15 14:55:00+00:00,2020-09-16 00:05:00+00:00,1.18555,1.18395,1.1879500000000003,1.18394,STOP,0.0016000000000000458,-1.0062500000000407,-1.0375000000000398,-1.6100000000001113
C2_USD_ALIGNED_PULLBACK,LONG,2020-09-30 08:45:00+00:00,2020-09-30 10:00:00+00:00,2020-09-30 10:00:00+00:00,2020-09-30 13:35:00+00:00,1.17094,1.16938,1.17328,1.16937,STOP,0.0015600000000000058,-1.0064102564102984,-1.0384615384615803,-1.5700000000000713
C2_USD_ALIGNED_PULLBACK,SHORT,2020-10-19 09:15:00+00:00,2020-10-19 10:00:00+00:00,2020-10-19 10:00:00+00:00,2020-10-19 10:50:00+00:00,1.17561,1.176390355440661,1.1744394668390088,1.176400355440661,STOP,0.000780355440660907,-1.0128146732617078,-1.0768880395698268,-0.7903554406609725
C2_USD_ALIGNED_PULLBACK,LONG,2020-10-27 18:45:00+00:00,2020-10-27 19:35:00+00:00,2020-10-27 19:35:00+00:00,2020-10-27 19:55:00+00:00,1.18155,1.1808206505567365,1.1826440241648957,1.1808106505567364,STOP,0.0007293494432636383,-1.0137108488837918,-1.0822650933023024,-0.7393494432637038
C2_USD_ALIGNED_PULLBACK,LONG,2020-10-27 19:45:00+00:00,2020-10-27 20:15:00+00:00,2020-10-27 20:15:00+00:00,2020-10-27 20:45:00+00:00,1.1810500000000002,1.180390991072755,1.182038513390868,1.180380991072755,STOP,0.0006590089272451305,-1.015174301267615,-1.091045807605194,-0.669008927245196
C2_USD_ALIGNED_PULLBACK,LONG,2020-10-27 20:45:00+00:00,2020-10-27 21:40:00+00:00,2020-10-27 21:40:00+00:00,2020-10-27 22:05:00+00:00,1.17896,1.178244844427555,1.1800327333586673,1.178234844427555,STOP,0.0007151555724449477,-1.013982971517481,-1.083897829104428,-0.7251555724450132
C2_USD_ALIGNED_PULLBACK,SHORT,2020-10-30 01:45:00+00:00,2020-10-30 02:50:00+00:00,2020-10-30 02:50:00+00:00,2020-10-30 03:20:00+00:00,1.1685299999999998,1.1691529163677183,1.167595625448422,1.1691629163677184,STOP,0.0006229163677184957,-1.0160535194101443,-1.0963211164603404,-0.6329163677185612
C2_USD_ALIGNED_PULLBACK,SHORT,2020-11-03 14:15:00+00:00,2020-11-03 14:50:00+00:00,2020-11-03 14:50:00+00:00,2020-11-03 15:05:00+00:00,1.1713399999999998,1.1722783675638666,1.1699324486541998,1.1722883675638667,STOP,0.0009383675638667821,-1.0106568048439974,-1.0639408290636352,-0.9483675638668476
C2_USD_ALIGNED_PULLBACK,SHORT,2020-11-12 09:15:00+00:00,2020-11-12 10:30:00+00:00,2020-11-12 10:30:00+00:00,2020-11-12 10:40:00+00:00,1.18112,1.182023476137035,1.1797647857944473,1.182033476137035,STOP,0.0009034761370350086,-1.011068360956254,-1.0664101657371616,-0.9134761370350741
C2_USD_ALIGNED_PULLBACK,LONG,2020-11-16 13:30:00+00:00,2020-11-16 14:10:00+00:00,2020-11-16 14:10:00+00:00,2020-11-16 21:45:00+00:00,1.18307,1.18141,1.1855600000000002,1.18555,TARGET,0.0016599999999999948,1.4939759036144853,1.4638554216867743,2.4800000000000377
C2_USD_ALIGNED_PULLBACK,LONG,2020-11-18 13:15:00+00:00,2020-11-18 13:55:00+00:00,2020-11-18 13:55:00+00:00,2020-11-18 15:55:00+00:00,1.1860700000000002,1.18513,1.1874800000000003,1.1874700000000002,TARGET,0.0009400000000001629,1.4893617021274737,1.4361702127657807,1.4000000000000679
C2_USD_ALIGNED_PULLBACK,LONG,2020-11-19 08:45:00+00:00,2020-11-19 09:35:00+00:00,2020-11-19 09:35:00+00:00,2020-11-19 10:15:00+00:00,1.18344,1.18217,1.1853450000000003,1.1821599999999999,STOP,0.0012700000000001044,-1.0078740157480823,-1.0472440944882366,-1.28000000000017
C2_USD_ALIGNED_PULLBACK,LONG,2020-11-30 20:45:00+00:00,2020-11-30 22:05:00+00:00,2020-11-30 22:05:00+00:00,2020-12-01 00:40:00+00:00,1.19289,1.1919158114552124,1.1943512828171814,1.1943412828171813,TARGET,0.0009741885447875909,1.4897350466153902,1.4384102796926772,1.4512828171813208
C2_USD_ALIGNED_PULLBACK,LONG,2021-01-04 16:45:00+00:00,2021-01-04 17:25:00+00:00,2021-01-04 17:25:00+00:00,2021-01-04 18:05:00+00:00,1.2260300000000002,1.2246256836229146,1.2281364745656287,1.2246156836229145,STOP,0.0014043163770856015,-1.0071209024997763,-1.042725414998424,-1.414316377085667
C2_USD_ALIGNED_PULLBACK,SHORT,2021-01-12 19:00:00+00:00,2021-01-12 20:00:00+00:00,2021-01-12 20:00:00+00:00,2021-01-13 00:00:00+00:00,1.2199499999999999,1.2210664125998565,1.218275381100215,1.2210764125998566,STOP,0.00111641259985662,-1.0089572618594145,-1.0537435711561938,-1.1264125998566854
C2_USD_ALIGNED_PULLBACK,SHORT,2021-01-13 00:00:00+00:00,2021-01-13 01:00:00+00:00,2021-01-13 01:00:00+00:00,2021-01-13 01:30:00+00:00,1.22078,1.22163,1.2195049999999998,1.22164,STOP,0.0008500000000000174,-1.0117647058824297,-1.0705882352941933,-0.8600000000000829
C2_USD_ALIGNED_PULLBACK,SHORT,2021-01-13 01:15:00+00:00,2021-01-13 02:05:00+00:00,2021-01-13 02:05:00+00:00,2021-01-13 07:30:00+00:00,1.22142,1.2221421396680099,1.220336790497985,1.22215213966801,STOP,0.0007221396680099357,-1.0138477367233176,-1.0830864203394517,-0.7321396680100012
C2_USD_ALIGNED_PULLBACK,SHORT,2021-01-19 08:00:00+00:00,2021-01-19 08:40:00+00:00,2021-01-19 08:40:00+00:00,2021-01-19 09:40:00+00:00,1.21099,1.21186,1.2096850000000001,1.21187,STOP,0.0008699999999999264,-1.0114942528736395,-1.0689655172414605,-0.8799999999999919
C2_USD_ALIGNED_PULLBACK,SHORT,2021-01-19 14:00:00+00:00,2021-01-19 14:35:00+00:00,2021-01-19 14:35:00+00:00,2021-01-19 16:25:00+00:00,1.2134399999999999,1.21452,1.2118199999999995,1.2118299999999995,TARGET,0.001080000000000192,1.4907407407407844,1.4444444444444964,1.6100000000003334
C2_USD_ALIGNED_PULLBACK,LONG,2021-01-27 09:00:00+00:00,2021-01-27 10:20:00+00:00,2021-01-27 10:20:00+00:00,2021-01-27 11:35:00+00:00,1.21269,1.2118057096135988,1.214016435579602,1.2117957096135987,STOP,0.0008842903864012541,-1.0113085024487962,-1.0678510146924067,-0.8942903864013196
C2_USD_ALIGNED_PULLBACK,SHORT,2021-02-05 12:45:00+00:00,2021-02-05 13:10:00+00:00,2021-02-05 13:10:00+00:00,2021-02-05 13:30:00+00:00,1.1983599999999999,1.19923,1.1970549999999998,1.19924,STOP,0.0008700000000001484,-1.0114942528736366,-1.068965517241443,-0.8800000000002139
C2_USD_ALIGNED_PULLBACK,SHORT,2021-03-10 13:45:00+00:00,2021-03-10 15:00:00+00:00,2021-03-10 15:00:00+00:00,2021-03-10 15:25:00+00:00,1.1913,1.1925,1.1895000000000002,1.1895100000000003,TARGET,0.0011999999999998678,1.4916666666666112,1.44999999999994,1.7899999999997362
C2_USD_ALIGNED_PULLBACK,SHORT,2021-03-22 11:00:00+00:00,2021-03-22 12:20:00+00:00,2021-03-22 12:20:00+00:00,2021-03-22 15:30:00+00:00,1.19241,1.193327573916477,1.1910336391252843,1.193337573916477,STOP,0.0009175739164770658,-1.010898304562165,-1.0653898273726323,-0.9275739164771313
C2_USD_ALIGNED_PULLBACK,SHORT,2021-03-22 15:30:00+00:00,2021-03-22 16:05:00+00:00,2021-03-22 16:05:00+00:00,2021-03-22 16:55:00+00:00,1.19284,1.19394,1.1911899999999997,1.19395,STOP,0.001100000000000101,-1.0090909090909679,-1.054545454545509,-1.1100000000001664
C2_USD_ALIGNED_PULLBACK,LONG,2021-04-06 03:15:00+00:00,2021-04-06 04:10:00+00:00,2021-04-06 04:10:00+00:00,2021-04-06 06:00:00+00:00,1.1804700000000001,1.17996,1.1812350000000005,1.1812250000000004,TARGET,0.0005100000000002325,1.4803921568626255,1.3823529411763957,0.7550000000002832
C2_USD_ALIGNED_PULLBACK,LONG,2021-04-19 00:45:00+00:00,2021-04-19 02:05:00+00:00,2021-04-19 02:05:00+00:00,2021-04-19 04:00:00+00:00,1.1948,1.19424,1.1956400000000003,1.1956300000000002,TARGET,0.000560000000000116,1.482142857142744,1.3928571428570482,0.8300000000001084
C2_USD_ALIGNED_PULLBACK,LONG,2021-04-20 16:30:00+00:00,2021-04-20 17:05:00+00:00,2021-04-20 17:05:00+00:00,2021-04-20 17:30:00+00:00,1.20327,1.2022688970498563,1.2047716544252158,1.2022588970498562,STOP,0.001001102950143773,-1.0099889826502153,-1.0599338959009648,-1.0111029501438384
C2_USD_ALIGNED_PULLBACK,LONG,2021-04-26 13:45:00+00:00,2021-04-26 14:05:00+00:00,2021-04-26 14:05:00+00:00,2021-04-26 18:55:00+00:00,1.20731,1.20608,1.2091550000000002,1.2091450000000001,TARGET,0.0012300000000000644,1.4918699186991342,1.4512195121950713,1.835000000000031
C2_USD_ALIGNED_PULLBACK,LONG,2021-05-21 16:45:00+00:00,2021-05-21 17:35:00+00:00,2021-05-21 17:35:00+00:00,2021-05-21 20:55:00+00:00,1.21727,1.21607,1.2190700000000003,1.21777,TIME_12H,0.0012000000000000899,0.4166666666665896,0.37499999999992606,0.49999999999994493
C2_USD_ALIGNED_PULLBACK,LONG,2021-05-25 15:45:00+00:00,2021-05-25 16:35:00+00:00,2021-05-25 16:35:00+00:00,2021-05-25 18:40:00+00:00,1.2237900000000002,1.22263,1.2255300000000002,1.2255200000000002,TARGET,0.0011600000000000499,1.4913793103447714,1.4482758620689111,1.7300000000000093
C2_USD_ALIGNED_PULLBACK,LONG,2021-05-26 12:45:00+00:00,2021-05-26 13:20:00+00:00,2021-05-26 13:20:00+00:00,2021-05-26 14:20:00+00:00,1.2225400000000002,1.2217,1.2238000000000004,1.2237900000000004,TARGET,0.0008400000000001739,1.4880952380951626,1.4285714285713655,1.2500000000001954
C2_USD_ALIGNED_PULLBACK,LONG,2021-08-03 14:45:00+00:00,2021-08-03 15:40:00+00:00,2021-08-03 15:40:00+00:00,2021-08-04 02:55:00+00:00,1.18599,1.1851025639472808,1.1873211540790791,1.187311154079079,TARGET,0.0008874360527193481,1.4887315824397456,1.432389494638843,1.3211540790789567
C2_USD_ALIGNED_PULLBACK,SHORT,2021-08-11 17:15:00+00:00,2021-08-11 17:45:00+00:00,2021-08-11 17:45:00+00:00,2021-08-12 02:10:00+00:00,1.1747699999999999,1.1755652004458093,1.1735771993312858,1.1735871993312859,TARGET,0.0007952004458093853,1.4874245543337352,1.424547326002823,1.1828006687140125
C2_USD_ALIGNED_PULLBACK,SHORT,2021-08-13 12:00:00+00:00,2021-08-13 12:55:00+00:00,2021-08-13 12:55:00+00:00,2021-08-13 13:15:00+00:00,1.17632,1.17692,1.1754200000000001,1.17693,STOP,0.0005999999999999339,-1.0166666666667776,-1.1000000000001202,-0.6099999999999994
C2_USD_ALIGNED_PULLBACK,LONG,2021-08-16 11:15:00+00:00,2021-08-16 12:15:00+00:00,2021-08-16 12:15:00+00:00,2021-08-16 13:05:00+00:00,1.1773200000000001,1.17672,1.1782200000000005,1.1782100000000004,TARGET,0.000600000000000156,1.4833333333334136,1.4000000000001018,0.8900000000002795
C2_USD_ALIGNED_PULLBACK,SHORT,2021-09-20 15:00:00+00:00,2021-09-20 15:40:00+00:00,2021-09-20 15:40:00+00:00,2021-09-21 01:55:00+00:00,1.1731399999999998,1.1739479712895708,1.1719280430656434,1.173957971289571,STOP,0.0008079712895709967,-1.012376677400722,-1.0742600644039262,-0.8179712895710622
C2_USD_ALIGNED_PULLBACK,LONG,2021-10-14 14:30:00+00:00,2021-10-14 15:45:00+00:00,2021-10-14 15:45:00+00:00,2021-10-14 19:40:00+00:00,1.1589200000000002,1.1581624389757446,1.1600563415363836,1.1600463415363835,TARGET,0.0007575610242556152,1.4867997432815507,1.4207984596897367,1.1263415363833573
C2_USD_ALIGNED_PULLBACK,LONG,2021-10-15 12:15:00+00:00,2021-10-15 12:45:00+00:00,2021-10-15 12:45:00+00:00,2021-10-15 20:55:00+00:00,1.16042,1.15887,1.162745,1.1598199999999999,TIME_12H,0.0015499999999999403,-0.3870967741936639,-0.4193548387097942,-0.600000000000156
C2_USD_ALIGNED_PULLBACK,LONG,2021-12-02 17:15:00+00:00,2021-12-02 18:30:00+00:00,2021-12-02 18:30:00+00:00,2021-12-03 01:10:00+00:00,1.1302400000000001,1.1291703426565913,1.1318444860151133,1.1291603426565913,STOP,0.001069657343408803,-1.0093487882467083,-1.0560927294799438,-1.0796573434088685
C2_USD_ALIGNED_PULLBACK,LONG,2021-12-03 01:00:00+00:00,2021-12-03 01:40:00+00:00,2021-12-03 01:40:00+00:00,2021-12-03 06:45:00+00:00,1.12982,1.12907,1.130945,1.12906,STOP,0.0007500000000000284,-1.0133333333334202,-1.0800000000000844,-0.7600000000000939
C2_USD_ALIGNED_PULLBACK,SHORT,2021-12-22 01:30:00+00:00,2021-12-22 02:00:00+00:00,2021-12-22 02:00:00+00:00,2021-12-22 02:40:00+00:00,1.12866,1.12943,1.1275050000000002,1.1275150000000003,TARGET,0.0007699999999999374,1.4870129870127566,1.4220779220776865,1.1449999999997296
C2_USD_ALIGNED_PULLBACK,SHORT,2021-12-22 11:30:00+00:00,2021-12-22 12:00:00+00:00,2021-12-22 12:00:00+00:00,2021-12-22 13:50:00+00:00,1.13009,1.13106,1.128635,1.13107,STOP,0.0009699999999999154,-1.0103092783505838,-1.0618556701031656,-0.9799999999999809
C2_USD_ALIGNED_PULLBACK,SHORT,2022-01-06 10:15:00+00:00,2022-01-06 10:40:00+00:00,2022-01-06 10:40:00+00:00,2022-01-06 14:30:00+00:00,1.1314899999999999,1.13268,1.129705,1.13269,STOP,0.0011900000000000244,-1.0084033613445926,-1.050420168067281,-1.2000000000000899
C2_USD_ALIGNED_PULLBACK,LONG,2022-02-03 00:15:00+00:00,2022-02-03 00:45:00+00:00,2022-02-03 00:45:00+00:00,2022-02-03 01:15:00+00:00,1.12986,1.1293669882833428,1.1305995175749861,1.1293569882833427,STOP,0.0004930117166572767,-1.02028349360106,-1.121700961605696,-0.5030117166573422
C2_USD_ALIGNED_PULLBACK,LONG,2022-02-18 14:00:00+00:00,2022-02-18 15:10:00+00:00,2022-02-18 15:10:00+00:00,2022-02-18 15:40:00+00:00,1.13532,1.13387,1.1374950000000004,1.1338599999999999,STOP,0.0014500000000001734,-1.0068965517241824,-1.0413793103448679,-1.4600000000002389
C2_USD_ALIGNED_PULLBACK,LONG,2022-02-18 15:30:00+00:00,2022-02-18 16:25:00+00:00,2022-02-18 16:25:00+00:00,2022-02-18 17:30:00+00:00,1.1333600000000001,1.13146,1.1362100000000006,1.1314499999999998,STOP,0.0019000000000002348,-1.0052631578947706,-1.0315789473684516,-1.9100000000003003
C2_USD_ALIGNED_PULLBACK,SHORT,2022-03-09 16:15:00+00:00,2022-03-09 16:55:00+00:00,2022-03-09 16:55:00+00:00,2022-03-09 17:35:00+00:00,1.10709,1.1094808240914538,1.1035037638628191,1.1094908240914538,STOP,0.002390824091453858,-1.0041826582038433,-1.0250959492229226,-2.4008240914539236
C2_USD_ALIGNED_PULLBACK,SHORT,2022-03-14 15:30:00+00:00,2022-03-14 16:50:00+00:00,2022-03-14 16:50:00+00:00,2022-03-14 19:50:00+00:00,1.0976,1.09941,1.0948849999999997,1.0948949999999997,TARGET,0.0018100000000000893,1.4944751381215724,1.4668508287293085,2.7050000000001795
C2_USD_ALIGNED_PULLBACK,SHORT,2022-03-22 13:45:00+00:00,2022-03-22 14:20:00+00:00,2022-03-22 14:20:00+00:00,2022-03-23 02:20:00+00:00,1.10328,1.104723797196473,1.1011143042052907,1.10287,TIME_12H,0.001443797196472918,0.28397340083608624,0.24934249829510194,0.41000000000002146
C2_USD_ALIGNED_PULLBACK,LONG,2022-03-31 13:00:00+00:00,2022-03-31 13:45:00+00:00,2022-03-31 13:45:00+00:00,2022-03-31 14:55:00+00:00,1.10904,1.10682,1.1123700000000003,1.1123600000000002,TARGET,0.0022200000000001108,1.4954954954955162,1.4729729729729948,3.3200000000002117
C2_USD_ALIGNED_PULLBACK,SHORT,2022-04-07 05:45:00+00:00,2022-04-07 06:55:00+00:00,2022-04-07 06:55:00+00:00,2022-04-07 08:10:00+00:00,1.0917999999999999,1.09343,1.0893549999999999,1.089365,TARGET,0.0016300000000000203,1.4938650306748065,1.46319018404904,2.434999999999965
C2_USD_ALIGNED_PULLBACK,SHORT,2022-04-10 21:00:00+00:00,2022-04-10 21:30:00+00:00,2022-04-10 21:30:00+00:00,2022-04-11 02:50:00+00:00,1.0903699999999998,1.09202,1.0878949999999996,1.0879049999999997,TARGET,0.0016500000000001513,1.4939393939393548,1.4636363636363272,2.4650000000001615
C2_USD_ALIGNED_PULLBACK,SHORT,2022-04-13 23:15:00+00:00,2022-04-14 00:10:00+00:00,2022-04-14 00:10:00+00:00,2022-04-14 01:50:00+00:00,1.08933,1.09001,1.0883099999999999,1.09002,STOP,0.0006800000000000139,-1.0147058823530373,-1.0882352941177416,-0.6900000000000794
C2_USD_ALIGNED_PULLBACK,SHORT,2022-04-14 01:45:00+00:00,2022-04-14 03:00:00+00:00,2022-04-14 03:00:00+00:00,2022-04-14 03:25:00+00:00,1.09018,1.0909244862981269,1.0890632705528094,1.090934486298127,STOP,0.0007444862981269562,-1.0134320806510804,-1.0805924839060421,-0.7544862981270217
C2_USD_ALIGNED_PULLBACK,SHORT,2022-04-15 08:30:00+00:00,2022-04-15 09:45:00+00:00,2022-04-15 09:45:00+00:00,2022-04-15 20:55:00+00:00,1.08151,1.08241,1.0801599999999998,1.0813700000000002,TIME_12H,0.0009000000000001229,0.1555555555553198,0.09999999999977183,0.13999999999980695
C2_USD_ALIGNED_PULLBACK,SHORT,2022-04-17 22:45:00+00:00,2022-04-17 23:45:00+00:00,2022-04-17 23:45:00+00:00,2022-04-18 00:25:00+00:00,1.08152,1.08219,1.0805150000000001,1.0805250000000002,TARGET,0.0006699999999999484,1.4850746268655728,1.4104477611939252,0.9949999999998571
C2_USD_ALIGNED_PULLBACK,SHORT,2022-04-29 17:15:00+00:00,2022-04-29 18:10:00+00:00,2022-04-29 18:10:00+00:00,2022-04-29 20:05:00+00:00,1.0569199999999999,1.0585804352969845,1.0544293470545227,1.0544393470545228,TARGET,0.0016604352969846747,1.493977482881679,1.4638648972899373,2.4806529454770576
C2_USD_ALIGNED_PULLBACK,SHORT,2022-05-09 16:00:00+00:00,2022-05-09 16:50:00+00:00,2022-05-09 16:50:00+00:00,2022-05-09 17:40:00+00:00,1.05802,1.0596148212637615,1.0556277681043578,1.0556377681043578,TARGET,0.0015948212637615367,1.4937297048720115,1.4623782292326222,2.3822318956421284
C2_USD_ALIGNED_PULLBACK,LONG,2022-05-25 12:15:00+00:00,2022-05-25 12:45:00+00:00,2022-05-25 12:45:00+00:00,2022-05-26 00:30:00+00:00,1.0664,1.06421,1.0696849999999998,1.0696749999999997,TARGET,0.0021899999999999142,1.4954337899542571,1.4726027397259458,3.274999999999695
C2_USD_ALIGNED_PULLBACK,LONG,2022-05-27 10:45:00+00:00,2022-05-27 11:10:00+00:00,2022-05-27 11:10:00+00:00,2022-05-27 12:30:00+00:00,1.0709000000000002,1.06968,1.0727300000000004,1.0727200000000003,TARGET,0.001220000000000221,1.4918032786883815,1.4508196721310118,1.8200000000001548
C2_USD_ALIGNED_PULLBACK,SHORT,2022-06-02 12:30:00+00:00,2022-06-02 13:50:00+00:00,2022-06-02 13:50:00+00:00,2022-06-02 14:10:00+00:00,1.06995,1.07163,1.0674299999999999,1.0716400000000001,STOP,0.0016800000000001258,-1.0059523809524196,-1.035714285714322,-1.6900000000001913
C2_USD_ALIGNED_PULLBACK,SHORT,2022-06-02 15:00:00+00:00,2022-06-02 15:35:00+00:00,2022-06-02 15:35:00+00:00,2022-06-02 15:50:00+00:00,1.0720999999999998,1.0735562726898202,1.0699155909652691,1.0735662726898203,STOP,0.0014562726898204037,-1.0068668457974714,-1.0412010747846032,-1.4662726898204692
C2_USD_ALIGNED_PULLBACK,SHORT,2022-06-07 08:00:00+00:00,2022-06-07 08:30:00+00:00,2022-06-07 08:30:00+00:00,2022-06-07 10:05:00+00:00,1.0692599999999999,1.07049,1.0674149999999998,1.0674249999999998,TARGET,0.0012300000000000644,1.4918699186991342,1.4512195121950713,1.835000000000031
C2_USD_ALIGNED_PULLBACK,SHORT,2022-06-14 23:30:00+00:00,2022-06-15 00:10:00+00:00,2022-06-15 00:10:00+00:00,2022-06-15 01:10:00+00:00,1.0432899999999998,1.0441840849551551,1.041948872567267,1.0441940849551552,STOP,0.0008940849551553054,-1.0111846194731333,-1.0671077168384333,-0.9040849551553709
C2_USD_ALIGNED_PULLBACK,LONG,2022-07-22 01:15:00+00:00,2022-07-22 01:45:00+00:00,2022-07-22 01:45:00+00:00,2022-07-22 03:20:00+00:00,1.0204600000000001,1.01906,1.0225600000000004,1.01905,STOP,0.0014000000000000679,-1.0071428571429035,-1.0428571428571876,-1.4100000000001334
C2_USD_ALIGNED_PULLBACK,LONG,2022-07-25 00:30:00+00:00,2022-07-25 01:10:00+00:00,2022-07-25 01:10:00+00:00,2022-07-25 02:10:00+00:00,1.0190000000000001,1.0180886861816631,1.0203669707275056,1.0203569707275055,TARGET,0.0009113138183369784,1.4890268315931892,1.4341609895594942,1.3569707275054022
C2_USD_ALIGNED_PULLBACK,LONG,2022-07-26 16:00:00+00:00,2022-07-26 16:25:00+00:00,2022-07-26 16:25:00+00:00,2022-07-27 00:55:00+00:00,1.0117200000000002,1.0100280533715722,1.0142579199426422,1.0142479199426422,TARGET,0.001691946628427976,1.4940896480823123,1.4645378884937394,2.5279199426420096
C2_USD_ALIGNED_PULLBACK,LONG,2022-08-02 12:15:00+00:00,2022-08-02 13:10:00+00:00,2022-08-02 13:10:00+00:00,2022-08-02 13:45:00+00:00,1.0222900000000001,1.02067,1.0247200000000003,1.02066,STOP,0.0016200000000001769,-1.0061728395062126,-1.0370370370370734,-1.6300000000002424
C2_USD_ALIGNED_PULLBACK,SHORT,2022-08-25 00:15:00+00:00,2022-08-25 01:05:00+00:00,2022-08-25 01:05:00+00:00,2022-08-25 01:15:00+00:00,0.9978600000000001,0.99881,0.9964350000000002,0.9988199999999999,STOP,0.0009499999999998954,-1.0105263157894269,-1.063157894736801,-0.9599999999998499
C2_USD_ALIGNED_PULLBACK,SHORT,2022-08-25 01:15:00+00:00,2022-08-25 01:55:00+00:00,2022-08-25 01:55:00+00:00,2022-08-25 04:45:00+00:00,0.99853,0.9993297102164133,0.9973304346753802,0.9993397102164132,STOP,0.0007997102164132297,-1.012504529509208,-1.0750271770555335,-0.8097102164131842
C2_USD_ALIGNED_PULLBACK,SHORT,2022-08-25 04:45:00+00:00,2022-08-25 05:20:00+00:00,2022-08-25 05:20:00+00:00,2022-08-25 06:15:00+00:00,0.99972,1.00079,0.9981150000000001,1.0008000000000001,STOP,0.0010700000000000154,-1.0093457943925845,-1.0560747663552006,-1.080000000000081
C2_USD_ALIGNED_PULLBACK,SHORT,2022-08-31 15:15:00+00:00,2022-08-31 16:05:00+00:00,2022-08-31 16:05:00+00:00,2022-09-01 00:15:00+00:00,1.00599,1.0082498271425304,1.0026002592862042,1.0026102592862043,TARGET,0.0022598271425304794,1.495574882781137,1.4734492966869672,3.3797407137956537
C2_USD_ALIGNED_PULLBACK,SHORT,2022-09-18 23:30:00+00:00,2022-09-19 00:20:00+00:00,2022-09-19 00:20:00+00:00,2022-09-19 02:05:00+00:00,1.0018099999999999,1.00296,1.0000849999999994,1.0000949999999995,TARGET,0.0011500000000002064,1.491304347826128,1.4478260869565707,1.7150000000003551
C2_USD_ALIGNED_PULLBACK,SHORT,2022-09-20 00:00:00+00:00,2022-09-20 00:30:00+00:00,2022-09-20 00:30:00+00:00,2022-09-20 00:50:00+00:00,1.0044199999999999,1.0052028330677838,1.003245750398324,1.0032557503983242,TARGET,0.0007828330677839279,1.4872258845318262,1.4233553071920853,1.1642496016757153
C2_USD_ALIGNED_PULLBACK,SHORT,2022-09-29 14:45:00+00:00,2022-09-29 16:00:00+00:00,2022-09-29 16:00:00+00:00,2022-09-29 19:15:00+00:00,0.97728,0.9800070384861082,0.9731894422708378,0.9800170384861081,STOP,0.002727038486108113,-1.003666981617933,-1.022001889707682,-2.7370384861080677
C2_USD_ALIGNED_PULLBACK,LONG,2022-10-05 14:00:00+00:00,2022-10-05 14:40:00+00:00,2022-10-05 14:40:00+00:00,2022-10-05 18:55:00+00:00,0.9856499999999999,0.98346,0.9889349999999998,0.9889249999999998,TARGET,0.0021899999999999142,1.4954337899543586,1.4726027397260473,3.274999999999917
C2_USD_ALIGNED_PULLBACK,SHORT,2022-10-11 15:45:00+00:00,2022-10-11 17:00:00+00:00,2022-10-11 17:00:00+00:00,2022-10-11 18:45:00+00:00,0.97653,0.9783058832500876,0.9738661751248686,0.9738761751248686,TARGET,0.0017758832500875954,1.4943689992011235,1.4662139952066133,2.6538248751314386
C2_USD_ALIGNED_PULLBACK,LONG,2022-10-27 02:30:00+00:00,2022-10-27 02:50:00+00:00,2022-10-27 02:50:00+00:00,2022-10-27 05:35:00+00:00,1.0067700000000002,1.005896471905036,1.0080802921424463,1.0080702921424463,TARGET,0.0008735280949641044,1.4885521712951013,1.4313130277709831,1.3002921424460911
C2_USD_ALIGNED_PULLBACK,LONG,2022-11-10 09:45:00+00:00,2022-11-10 11:00:00+00:00,2022-11-10 11:00:00+00:00,2022-11-10 11:05:00+00:00,0.99558,0.99362,0.9985200000000001,0.99361,STOP,0.001960000000000073,-1.0051020408163032,-1.030612244897935,-1.9700000000000273
C2_USD_ALIGNED_PULLBACK,LONG,2022-11-21 02:00:00+00:00,2022-11-21 03:05:00+00:00,2022-11-21 03:05:00+00:00,2022-11-21 04:30:00+00:00,1.02942,1.0283027641641946,1.031095853753708,1.0282927641641946,STOP,0.0011172358358053636,-1.0089506616952157,-1.0537039701710018,-1.127235835805429
C2_USD_ALIGNED_PULLBACK,LONG,2022-11-21 06:45:00+00:00,2022-11-21 07:15:00+00:00,2022-11-21 07:15:00+00:00,2022-11-21 07:55:00+00:00,1.0266000000000002,1.02526,1.0286100000000005,1.02525,STOP,0.0013400000000001189,-1.0074626865672125,-1.04477611940303,-1.3500000000001844
C2_USD_ALIGNED_PULLBACK,LONG,2022-11-27 22:00:00+00:00,2022-11-27 22:35:00+00:00,2022-11-27 22:35:00+00:00,2022-11-27 23:35:00+00:00,1.03799,1.0368285796753367,1.0397321304869949,1.0368185796753366,STOP,0.0011614203246632648,-1.0086101472375772,-1.0516608834251815,-1.1714203246633303
C2_USD_ALIGNED_PULLBACK,LONG,2022-11-28 01:30:00+00:00,2022-11-28 02:15:00+00:00,2022-11-28 02:15:00+00:00,2022-11-28 06:40:00+00:00,1.0352400000000002,1.0340635795103466,1.0370046307344807,1.0369946307344806,TARGET,0.0011764204896536068,1.4914996380223715,1.448997828134036,1.7546307344804557
C2_USD_ALIGNED_PULLBACK,LONG,2022-12-05 16:45:00+00:00,2022-12-05 17:20:00+00:00,2022-12-05 17:20:00+00:00,2022-12-05 19:35:00+00:00,1.05055,1.0485259306307888,1.053586104053817,1.0485159306307887,STOP,0.00202406936921129,-1.004940542133673,-1.0296432528018766,-2.0340693692113554
C2_USD_ALIGNED_PULLBACK,LONG,2022-12-06 18:15:00+00:00,2022-12-06 19:25:00+00:00,2022-12-06 19:25:00+00:00,2022-12-07 06:05:00+00:00,1.04689,1.0453624445713685,1.0491813331429474,1.0453524445713684,STOP,0.0015275554286315884,-1.006546407294054,-1.0392784437641092,-1.537555428631654
C2_USD_ALIGNED_PULLBACK,LONG,2022-12-12 00:00:00+00:00,2022-12-12 00:35:00+00:00,2022-12-12 00:35:00+00:00,2022-12-12 00:35:00+00:00,1.05228,1.05144914772719,1.0535262784092154,1.0514391477271898,STOP,0.0008308522728102119,-1.0120358339590771,-1.0722150037540683,-0.8408522728102774
C2_USD_ALIGNED_PULLBACK,LONG,2022-12-12 00:30:00+00:00,2022-12-12 01:30:00+00:00,2022-12-12 01:30:00+00:00,2022-12-12 07:25:00+00:00,1.05148,1.05057,1.052845,1.052835,TARGET,0.0009099999999999664,1.4890109890110386,1.4340659340659816,1.354999999999995
C2_USD_ALIGNED_PULLBACK,LONG,2023-01-16 07:15:00+00:00,2023-01-16 07:45:00+00:00,2023-01-16 07:45:00+00:00,2023-01-16 07:55:00+00:00,1.08399,1.08296,1.0855350000000001,1.0829499999999999,STOP,0.0010300000000000864,-1.0097087378641405,-1.0582524271845248,-1.040000000000152
C2_USD_ALIGNED_PULLBACK,LONG,2023-01-19 02:00:00+00:00,2023-01-19 02:30:00+00:00,2023-01-19 02:30:00+00:00,2023-01-19 03:40:00+00:00,1.07892,1.0781147133155924,1.0801279300266118,1.0801179300266117,TARGET,0.0008052866844077133,1.487582062148079,1.4254923728881916,1.1979300266116155
C2_USD_ALIGNED_PULLBACK,LONG,2023-01-20 13:45:00+00:00,2023-01-20 14:30:00+00:00,2023-01-20 14:30:00+00:00,2023-01-20 15:10:00+00:00,1.0815000000000001,1.08022,1.0834200000000003,1.0834100000000002,TARGET,0.0012800000000001699,1.4921874999998632,1.4531249999998683,1.9100000000000783
C2_USD_ALIGNED_PULLBACK,LONG,2023-02-02 07:45:00+00:00,2023-02-02 08:10:00+00:00,2023-02-02 08:10:00+00:00,2023-02-02 09:15:00+00:00,1.1006200000000002,1.09913,1.1028550000000004,1.0991199999999999,STOP,0.0014900000000002134,-1.006711409396016,-1.040268456375877,-1.5000000000002789
C2_USD_ALIGNED_PULLBACK,LONG,2023-02-03 00:00:00+00:00,2023-02-03 00:25:00+00:00,2023-02-03 00:25:00+00:00,2023-02-03 01:30:00+00:00,1.08996,1.0891513837565372,1.0911729243651944,1.0891413837565371,STOP,0.0008086162434628452,-1.0123668057387039,-1.0742008344318184,-0.8186162434629107
C2_USD_ALIGNED_PULLBACK,SHORT,2023-02-09 08:15:00+00:00,2023-02-09 09:30:00+00:00,2023-02-09 09:30:00+00:00,2023-02-09 10:25:00+00:00,1.07541,1.07693,1.07313,1.07694,STOP,0.0015199999999999658,-1.0065789473684643,-1.0394736842105703,-1.5300000000000313
C2_USD_ALIGNED_PULLBACK,SHORT,2023-02-09 13:30:00+00:00,2023-02-09 14:15:00+00:00,2023-02-09 14:15:00+00:00,2023-02-09 15:50:00+00:00,1.07801,1.0791,1.0763749999999999,1.076385,TARGET,0.0010900000000000354,1.4908256880733346,1.4449541284403085,1.6249999999999876
C2_USD_ALIGNED_PULLBACK,SHORT,2023-02-13 23:45:00+00:00,2023-02-14 00:55:00+00:00,2023-02-14 00:55:00+00:00,2023-02-14 04:25:00+00:00,1.07301,1.07372,1.071945,1.07373,STOP,0.0007099999999999884,-1.014084507042346,-1.084507042253615,-0.7200000000000539
C2_USD_ALIGNED_PULLBACK,SHORT,2023-02-16 01:30:00+00:00,2023-02-16 02:25:00+00:00,2023-02-16 02:25:00+00:00,2023-02-16 02:35:00+00:00,1.07026,1.07092971749633,1.069255423755505,1.07093971749633,STOP,0.0006697174963299357,-1.0149316690318912,-1.089590014190859,-0.6797174963300012
C2_USD_ALIGNED_PULLBACK,SHORT,2023-02-28 14:45:00+00:00,2023-02-28 15:30:00+00:00,2023-02-28 15:30:00+00:00,2023-02-28 15:50:00+00:00,1.0631899999999999,1.06457,1.0611199999999996,1.0611299999999997,TARGET,0.0013800000000001589,1.4927536231883591,1.4565217391303924,2.060000000000173
C2_USD_ALIGNED_PULLBACK,LONG,2023-03-23 10:00:00+00:00,2023-03-23 10:40:00+00:00,2023-03-23 10:40:00+00:00,2023-03-23 15:10:00+00:00,1.08785,1.086578000540512,1.089757999189232,1.089747999189232,TARGET,0.0012719994594880824,1.4921383614391708,1.4528301686352818,1.897999189232058
C2_USD_ALIGNED_PULLBACK,LONG,2023-04-06 00:30:00+00:00,2023-04-06 01:40:00+00:00,2023-04-06 01:40:00+00:00,2023-04-06 06:30:00+00:00,1.08912,1.08845,1.0901250000000005,1.0901150000000004,TARGET,0.0006700000000001705,1.4850746268657433,1.4104477611941204,0.9950000000003012
C2_USD_ALIGNED_PULLBACK,LONG,2023-04-07 06:00:00+00:00,2023-04-07 06:30:00+00:00,2023-04-07 06:30:00+00:00,2023-04-07 09:00:00+00:00,1.09195,1.09113,1.09318,1.0911199999999999,STOP,0.0008200000000000429,-1.0121951219512988,-1.073170731707393,-0.8300000000001084
C2_USD_ALIGNED_PULLBACK,LONG,2023-04-07 13:30:00+00:00,2023-04-07 14:05:00+00:00,2023-04-07 14:05:00+00:00,2023-04-07 20:55:00+00:00,1.0902800000000001,1.08933,1.0917050000000006,1.09028,TIME_12H,0.0009500000000002284,-2.337311630789241e-13,-0.0526315789475895,-2.220446049250313e-13
C2_USD_ALIGNED_PULLBACK,SHORT,2023-04-18 03:00:00+00:00,2023-04-18 03:40:00+00:00,2023-04-18 03:40:00+00:00,2023-04-18 05:30:00+00:00,1.09354,1.0940712722392796,1.0927430916410805,1.0940812722392796,STOP,0.0005312722392796232,-1.0188227414510214,-1.1129364487055118,-0.5412722392796887
C2_USD_ALIGNED_PULLBACK,SHORT,2023-04-18 08:45:00+00:00,2023-04-18 09:10:00+00:00,2023-04-18 09:10:00+00:00,2023-04-18 09:15:00+00:00,1.0973,1.09828,1.0958299999999999,1.09829,STOP,0.0009799999999999809,-1.01020408163272,-1.0612244897959864,-0.9900000000000464
C2_USD_ALIGNED_PULLBACK,SHORT,2023-04-19 14:00:00+00:00,2023-04-19 14:30:00+00:00,2023-04-19 14:30:00+00:00,2023-04-20 02:30:00+00:00,1.09666,1.09793,1.0947549999999997,1.09595,TIME_12H,0.0012700000000001044,0.5590551181101812,0.519685039370027,0.7099999999999884
C2_USD_ALIGNED_PULLBACK,LONG,2023-04-25 14:45:00+00:00,2023-04-25 15:15:00+00:00,2023-04-25 15:15:00+00:00,2023-04-25 15:40:00+00:00,1.0987900000000002,1.09743,1.1008300000000006,1.0974199999999998,STOP,0.00136000000000025,-1.0073529411765174,-1.0441176470588636,-1.3700000000003154
C2_USD_ALIGNED_PULLBACK,SHORT,2023-05-02 01:00:00+00:00,2023-05-02 01:50:00+00:00,2023-05-02 01:50:00+00:00,2023-05-02 06:55:00+00:00,1.09879,1.09946,1.0977849999999996,1.0994700000000002,STOP,0.0006700000000001705,-1.0149253731344223,-1.0895522388060452,-0.680000000000236
C2_USD_ALIGNED_PULLBACK,SHORT,2023-05-02 23:00:00+00:00,2023-05-03 00:10:00+00:00,2023-05-03 00:10:00+00:00,2023-05-03 00:35:00+00:00,1.10097,1.101492440428204,1.1001863393576938,1.101502440428204,STOP,0.0005224404282040407,-1.0191409382969114,-1.1148456297808416,-0.5324404282041062
C2_USD_ALIGNED_PULLBACK,SHORT,2023-05-30 00:00:00+00:00,2023-05-30 00:55:00+00:00,2023-05-30 00:55:00+00:00,2023-05-30 01:20:00+00:00,1.0708,1.072,1.069,1.0720100000000001,STOP,0.0012000000000000899,-1.0083333333333873,-1.050000000000051,-1.2100000000001554
C2_USD_ALIGNED_PULLBACK,LONG,2023-06-04 22:45:00+00:00,2023-06-05 00:00:00+00:00,2023-06-05 00:00:00+00:00,2023-06-05 00:00:00+00:00,1.0697800000000002,1.0692842765611459,1.0705235851582815,1.0692742765611458,STOP,0.0004957234388542897,-1.0201725381861657,-1.1210352291163332,-0.5057234388543552
C2_USD_ALIGNED_PULLBACK,LONG,2023-06-05 00:00:00+00:00,2023-06-05 00:50:00+00:00,2023-06-05 00:50:00+00:00,2023-06-05 02:00:00+00:00,1.0695000000000001,1.0690137738966978,1.0702293391549536,1.0702193391549535,TARGET,0.00048622610330228966,1.4794334365593522,1.3766006193567868,0.719339154953369
C2_USD_ALIGNED_PULLBACK,SHORT,2023-06-08 05:15:00+00:00,2023-06-08 05:55:00+00:00,2023-06-08 05:55:00+00:00,2023-06-08 06:40:00+00:00,1.0712199999999998,1.07175,1.0704249999999997,1.07176,STOP,0.0005300000000001415,-1.0188679245284205,-1.1132075471699048,-0.540000000000207
C2_USD_ALIGNED_PULLBACK,SHORT,2023-08-18 01:15:00+00:00,2023-08-18 02:35:00+00:00,2023-08-18 02:35:00+00:00,2023-08-18 05:20:00+00:00,1.0887799999999999,1.0894,1.0878499999999998,1.0878599999999998,TARGET,0.0006200000000000649,1.4838709677418316,1.4032258064515175,0.9200000000000319
C2_USD_ALIGNED_PULLBACK,SHORT,2023-08-21 11:15:00+00:00,2023-08-21 12:20:00+00:00,2023-08-21 12:20:00+00:00,2023-08-21 13:40:00+00:00,1.09018,1.09138,1.08838,1.08839,TARGET,0.0012000000000000899,1.4916666666665201,1.4499999999998565,1.7899999999999583
C2_USD_ALIGNED_PULLBACK,SHORT,2023-09-15 06:15:00+00:00,2023-09-15 07:05:00+00:00,2023-09-15 07:05:00+00:00,2023-09-15 08:10:00+00:00,1.06572,1.06677,1.064145,1.06678,STOP,0.0010499999999999954,-1.0095238095238719,-1.0571428571429198,-1.060000000000061
C2_USD_ALIGNED_PULLBACK,SHORT,2023-09-18 15:15:00+00:00,2023-09-18 16:05:00+00:00,2023-09-18 16:05:00+00:00,2023-09-18 18:45:00+00:00,1.0691899999999999,1.0700005605892566,1.0679741591161147,1.0679841591161148,TARGET,0.0008105605892567702,1.48766285934376,1.4259771560629644,1.2058408838850898
C2_USD_ALIGNED_PULLBACK,SHORT,2023-09-28 14:00:00+00:00,2023-09-28 15:15:00+00:00,2023-09-28 15:15:00+00:00,2023-09-28 15:35:00+00:00,1.0558699999999999,1.0572514815501632,1.0537977776747547,1.0572614815501633,STOP,0.001381481550163377,-1.0072386055382954,-1.0434316332295352,-1.3914815501634425
C2_USD_ALIGNED_PULLBACK,LONG,2023-10-11 17:30:00+00:00,2023-10-11 18:00:00+00:00,2023-10-11 18:00:00+00:00,2023-10-11 19:00:00+00:00,1.05936,1.05823870731811,1.061041939022835,1.0610319390228349,TARGET,0.0011212926818899849,1.49108172187183,1.4464903312317672,1.6719390228348008
C2_USD_ALIGNED_PULLBACK,SHORT,2023-10-17 11:15:00+00:00,2023-10-17 12:05:00+00:00,2023-10-17 12:05:00+00:00,2023-10-17 12:30:00+00:00,1.0573599999999999,1.0582633777599424,1.056004933360086,1.0560149333600861,TARGET,0.0009033777599425363,1.4889304337083729,1.4335826022506,1.345066639913739
C2_USD_ALIGNED_PULLBACK,SHORT,2023-10-19 16:00:00+00:00,2023-10-19 16:30:00+00:00,2023-10-19 16:30:00+00:00,2023-10-20 04:30:00+00:00,1.05886,1.06163,1.0547049999999998,1.05749,TIME_12H,0.0027700000000001612,0.4945848375450511,0.4765342960288067,1.3699999999998713
C2_USD_ALIGNED_PULLBACK,LONG,2023-10-24 13:00:00+00:00,2023-10-24 13:25:00+00:00,2023-10-24 13:25:00+00:00,2023-10-24 13:45:00+00:00,1.06196,1.0610278670076985,1.0633581994884524,1.0610178670076984,STOP,0.0009321329923015487,-1.0107280828837248,-1.064368497301998,-0.9421329923016142
C2_USD_ALIGNED_PULLBACK,LONG,2023-10-24 14:30:00+00:00,2023-10-24 15:00:00+00:00,2023-10-24 15:00:00+00:00,2023-10-24 15:20:00+00:00,1.06004,1.05878588133931,1.0619211779910351,1.05877588133931,STOP,0.001254118660690029,-1.0079737271388367,-1.0478423628327587,-1.2641186606900945
C2_USD_ALIGNED_PULLBACK,LONG,2023-10-24 15:15:00+00:00,2023-10-24 15:55:00+00:00,2023-10-24 15:55:00+00:00,2023-10-25 03:55:00+00:00,1.0592000000000001,1.0579475314513354,1.0610787028229973,1.06019,TIME_12H,0.0012524685486647869,0.7904390102691432,0.7505178481343309,0.9899999999998244
C2_USD_ALIGNED_PULLBACK,LONG,2023-10-31 13:15:00+00:00,2023-10-31 14:15:00+00:00,2023-10-31 14:15:00+00:00,2023-10-31 15:05:00+00:00,1.06138,1.05948,1.06423,1.05947,STOP,0.0019000000000000128,-1.0052631578947713,-1.0315789473684553,-1.9100000000000783
C2_USD_ALIGNED_PULLBACK,LONG,2023-11-07 02:00:00+00:00,2023-11-07 02:30:00+00:00,2023-11-07 02:30:00+00:00,2023-11-07 04:45:00+00:00,1.07101,1.0705436915600612,1.0717094626599082,1.0705336915600612,STOP,0.00046630843993877846,-1.0214450332517644,-1.1286701995098842,-0.476308439938844
C2_USD_ALIGNED_PULLBACK,LONG,2023-11-07 06:45:00+00:00,2023-11-07 07:55:00+00:00,2023-11-07 07:55:00+00:00,2023-11-07 09:35:00+00:00,1.06977,1.06918,1.0706550000000004,1.06917,STOP,0.0005900000000000905,-1.0169491525424814,-1.101694915254333,-0.600000000000156
C2_USD_ALIGNED_PULLBACK,LONG,2023-11-07 09:45:00+00:00,2023-11-07 10:15:00+00:00,2023-11-07 10:15:00+00:00,2023-11-07 10:50:00+00:00,1.06898,1.06814,1.07024,1.06813,STOP,0.0008399999999999519,-1.0119047619048405,-1.0714285714286533,-0.8500000000000174
C2_USD_ALIGNED_PULLBACK,LONG,2023-11-07 10:45:00+00:00,2023-11-07 12:00:00+00:00,2023-11-07 12:00:00+00:00,2023-11-07 14:30:00+00:00,1.06748,1.06655,1.0688749999999998,1.06654,STOP,0.0009299999999998754,-1.010752688172115,-1.0645161290323373,-0.9399999999999409
C2_USD_ALIGNED_PULLBACK,LONG,2023-11-22 06:00:00+00:00,2023-11-22 07:05:00+00:00,2023-11-22 07:05:00+00:00,2023-11-22 07:55:00+00:00,1.0904,1.08956,1.09166,1.09165,TARGET,0.0008399999999999519,1.4880952380952917,1.4285714285714788,1.2499999999999734
C2_USD_ALIGNED_PULLBACK,LONG,2023-11-28 07:30:00+00:00,2023-11-28 08:25:00+00:00,2023-11-28 08:25:00+00:00,2023-11-28 12:15:00+00:00,1.0944800000000001,1.09344,1.0960400000000003,1.0960300000000003,TARGET,0.001040000000000152,1.4903846153845537,1.4423076923076377,1.5500000000001624
C2_USD_ALIGNED_PULLBACK,LONG,2023-12-27 01:15:00+00:00,2023-12-27 01:55:00+00:00,2023-12-27 01:55:00+00:00,2023-12-27 02:05:00+00:00,1.10359,1.1032,1.1041750000000001,1.10319,STOP,0.0003900000000001125,-1.0256410256411863,-1.1538461538462776,-0.400000000000178
C2_USD_ALIGNED_PULLBACK,LONG,2023-12-27 02:00:00+00:00,2023-12-27 02:35:00+00:00,2023-12-27 02:35:00+00:00,2023-12-27 03:00:00+00:00,1.10352,1.10294,1.10439,1.10293,STOP,0.0005800000000000249,-1.017241379310457,-1.1034482758621775,-0.5900000000000905
C2_USD_ALIGNED_PULLBACK,SHORT,2024-01-04 09:15:00+00:00,2024-01-04 10:15:00+00:00,2024-01-04 10:15:00+00:00,2024-01-04 11:55:00+00:00,1.09623,1.09723,1.0947300000000002,1.0947400000000003,TARGET,0.0009999999999998899,1.4899999999999334,1.4399999999999278,1.4899999999997693
C2_USD_ALIGNED_PULLBACK,SHORT,2024-01-08 16:00:00+00:00,2024-01-08 16:55:00+00:00,2024-01-08 16:55:00+00:00,2024-01-08 18:25:00+00:00,1.09724,1.0981919848773478,1.0958120226839783,1.0958220226839783,TARGET,0.0009519848773478223,1.4894956314559062,1.436973788735781,1.417977316021668
C2_USD_ALIGNED_PULLBACK,SHORT,2024-01-18 06:00:00+00:00,2024-01-18 07:15:00+00:00,2024-01-18 07:15:00+00:00,2024-01-18 07:55:00+00:00,1.09004,1.0907,1.0890499999999999,1.08906,TARGET,0.000660000000000105,1.4848484848482197,1.409090909090656,0.9799999999999809
C2_USD_ALIGNED_PULLBACK,SHORT,2024-01-22 02:15:00+00:00,2024-01-22 03:05:00+00:00,2024-01-22 03:05:00+00:00,2024-01-22 08:00:00+00:00,1.09057,1.0911475813144162,1.0897036280283756,1.0897136280283757,TARGET,0.000577581314416209,1.4826864205084924,1.3961185230505604,0.856371971624359
C2_USD_ALIGNED_PULLBACK,SHORT,2024-01-24 04:30:00+00:00,2024-01-24 05:05:00+00:00,2024-01-24 05:05:00+00:00,2024-01-24 06:35:00+00:00,1.08618,1.08663,1.085505,1.08664,STOP,0.00045000000000006146,-1.0222222222223647,-1.1333333333334605,-0.460000000000127
C2_USD_ALIGNED_PULLBACK,SHORT,2024-01-24 07:00:00+00:00,2024-01-24 08:20:00+00:00,2024-01-24 08:20:00+00:00,2024-01-24 08:30:00+00:00,1.08711,1.08797,1.08582,1.0879800000000002,STOP,0.0008600000000000829,-1.0116279069768193,-1.0697674418605345,-0.8700000000001484
C2_USD_ALIGNED_PULLBACK,SHORT,2024-02-15 00:45:00+00:00,2024-02-15 01:10:00+00:00,2024-02-15 01:10:00+00:00,2024-02-15 07:20:00+00:00,1.07307,1.07354,1.072365,1.07355,STOP,0.00046999999999997044,-1.0212765957448215,-1.1276595744682325,-0.48000000000003595
C2_USD_ALIGNED_PULLBACK,SHORT,2024-02-15 14:30:00+00:00,2024-02-15 15:30:00+00:00,2024-02-15 15:30:00+00:00,2024-02-15 15:50:00+00:00,1.0776299999999999,1.078509607909239,1.076310588136141,1.076320588136141,TARGET,0.0008796079092392439,1.4886312982238707,1.431787789343597,1.3094118638588004
C2_USD_ALIGNED_PULLBACK,SHORT,2024-02-15 23:00:00+00:00,2024-02-15 23:45:00+00:00,2024-02-15 23:45:00+00:00,2024-02-16 00:20:00+00:00,1.07742,1.0778333112567076,1.0768000331149388,1.0768100331149388,TARGET,0.0004133112567075159,1.475805159337477,1.3548309560256542,0.6099668850612083
C2_USD_ALIGNED_PULLBACK,LONG,2024-03-06 01:00:00+00:00,2024-03-06 02:05:00+00:00,2024-03-06 02:05:00+00:00,2024-03-06 05:35:00+00:00,1.08475,1.08421,1.0855600000000005,1.0855500000000005,TARGET,0.000540000000000207,1.4814814814815729,1.3888888888890158,0.800000000000356
C2_USD_ALIGNED_PULLBACK,SHORT,2024-03-15 09:00:00+00:00,2024-03-15 10:15:00+00:00,2024-03-15 10:15:00+00:00,2024-03-15 10:45:00+00:00,1.08962,1.0900394242950733,1.0889908635573902,1.0890008635573902,TARGET,0.0004194242950732452,1.4761577950597278,1.3569467703591478,0.6191364426098023
C2_USD_ALIGNED_PULLBACK,SHORT,2024-03-18 11:00:00+00:00,2024-03-18 12:00:00+00:00,2024-03-18 12:00:00+00:00,2024-03-18 12:40:00+00:00,1.09022,1.0906487459878158,1.0895768810182762,1.0895868810182763,TARGET,0.0004287459878158373,1.4766761665782377,1.3600569994701903,0.6331189817236904
C2_USD_ALIGNED_PULLBACK,SHORT,2024-03-20 18:00:00+00:00,2024-03-20 18:35:00+00:00,2024-03-20 18:35:00+00:00,2024-03-20 18:40:00+00:00,1.08666,1.08938,1.0825799999999999,1.08939,STOP,0.0027200000000000557,-1.0036764705882593,-1.0220588235294354,-2.730000000000121
C2_USD_ALIGNED_PULLBACK,SHORT,2024-04-02 21:45:00+00:00,2024-04-02 22:10:00+00:00,2024-04-02 22:10:00+00:00,2024-04-03 02:05:00+00:00,1.0770499999999998,1.0774383829483678,1.076467425577448,1.0774483829483679,STOP,0.00038838294836796017,-1.025747783320784,-1.154486699923861,-0.3983829483680257
C2_USD_ALIGNED_PULLBACK,LONG,2024-05-07 17:45:00+00:00,2024-05-07 19:05:00+00:00,2024-05-07 19:05:00+00:00,2024-05-08 01:00:00+00:00,1.0753700000000002,1.0746754540390628,1.076411818941406,1.0746654540390628,STOP,0.0006945459609373206,-1.0143978952617765,-1.0863873715701877,-0.7045459609373861
C2_USD_ALIGNED_PULLBACK,LONG,2024-05-08 01:15:00+00:00,2024-05-08 02:20:00+00:00,2024-05-08 02:20:00+00:00,2024-05-08 06:35:00+00:00,1.0742,1.073787968582196,1.0748180471267061,1.074808047126706,TARGET,0.000412031417803993,1.4757300060921288,1.3543800365522198,0.608047126706035
C2_USD_ALIGNED_PULLBACK,LONG,2024-05-17 08:00:00+00:00,2024-05-17 09:05:00+00:00,2024-05-17 09:05:00+00:00,2024-05-17 09:05:00+00:00,1.0847,1.08415,1.085525,1.0841399999999999,STOP,0.0005500000000000504,-1.0181818181819355,-1.1090909090910182,-0.560000000000116
C2_USD_ALIGNED_PULLBACK,SHORT,2024-05-24 10:15:00+00:00,2024-05-24 11:00:00+00:00,2024-05-24 11:00:00+00:00,2024-05-24 12:30:00+00:00,1.0839999999999999,1.0845108858838497,1.083233671174225,1.0845208858838498,STOP,0.0005108858838498431,-1.0195738428408108,-1.1174430570442233,-0.5208858838499086
C2_USD_ALIGNED_PULLBACK,SHORT,2024-05-30 14:15:00+00:00,2024-05-30 15:05:00+00:00,2024-05-30 15:05:00+00:00,2024-05-30 19:45:00+00:00,1.0840299999999998,1.084807375731349,1.0828639364029762,1.0828739364029762,TARGET,0.0007773757313491725,1.4871362076317702,1.4228172457917567,1.1560635970235822
C2_USD_ALIGNED_PULLBACK,LONG,2024-06-04 08:15:00+00:00,2024-06-04 09:35:00+00:00,2024-06-04 09:35:00+00:00,2024-06-04 10:00:00+00:00,1.08782,1.08692,1.0891699999999997,1.08691,STOP,0.0008999999999999009,-1.0111111111111852,-1.0666666666667468,-0.9099999999999664
C2_USD_ALIGNED_PULLBACK,SHORT,2024-07-01 05:30:00+00:00,2024-07-01 05:55:00+00:00,2024-07-01 05:55:00+00:00,2024-07-01 06:00:00+00:00,1.07581,1.076361136073665,1.0749832958895025,1.076371136073665,STOP,0.0005511360736649706,-1.0181443394433738,-1.1088660366596486,-0.5611360736650362
C2_USD_ALIGNED_PULLBACK,SHORT,2024-07-01 06:00:00+00:00,2024-07-01 06:40:00+00:00,2024-07-01 06:40:00+00:00,2024-07-01 07:25:00+00:00,1.077,1.0776768086553539,1.075984787016969,1.075994787016969,TARGET,0.000676808655353911,1.4852247752435652,1.4113486514610547,1.005212983030912
C2_USD_ALIGNED_PULLBACK,LONG,2024-07-07 21:00:00+00:00,2024-07-07 21:20:00+00:00,2024-07-07 21:20:00+00:00,2024-07-08 09:20:00+00:00,1.0821100000000001,1.07998,1.0853050000000004,1.08396,TIME_12H,0.0021300000000001873,0.8685446009388472,0.8450704225350935,1.8499999999999073
C2_USD_ALIGNED_PULLBACK,LONG,2024-07-16 06:00:00+00:00,2024-07-16 06:40:00+00:00,2024-07-16 06:40:00+00:00,2024-07-16 07:15:00+00:00,1.0888,1.08836,1.0894599999999999,1.0894499999999998,TARGET,0.00043999999999999595,1.4772727272723258,1.3636363636359612,0.6499999999998174
C2_USD_ALIGNED_PULLBACK,LONG,2024-08-15 01:15:00+00:00,2024-08-15 02:00:00+00:00,2024-08-15 02:00:00+00:00,2024-08-15 06:25:00+00:00,1.10077,1.1003,1.101475,1.101465,TARGET,0.00046999999999997044,1.4787234042551785,1.3723404255317675,0.6949999999998902
C2_USD_ALIGNED_PULLBACK,LONG,2024-09-09 05:30:00+00:00,2024-09-09 06:45:00+00:00,2024-09-09 06:45:00+00:00,2024-09-09 06:45:00+00:00,1.10704,1.10649,1.107865,1.10648,STOP,0.0005500000000000504,-1.0181818181819355,-1.1090909090910182,-0.560000000000116
C2_USD_ALIGNED_PULLBACK,SHORT,2024-10-18 16:30:00+00:00,2024-10-18 17:05:00+00:00,2024-10-18 17:05:00+00:00,2024-10-18 20:55:00+00:00,1.0863699999999998,1.087023129851298,1.0853903052230525,1.0866900000000002,TIME_12H,0.0006531298512981731,-0.4899485138587404,-0.566502969149092,-0.32000000000032003
C2_USD_ALIGNED_PULLBACK,SHORT,2024-10-22 05:30:00+00:00,2024-10-22 05:50:00+00:00,2024-10-22 05:50:00+00:00,2024-10-22 06:05:00+00:00,1.08196,1.08236,1.08136,1.08237,STOP,0.00039999999999995595,-1.0250000000001664,-1.1500000000001802,-0.41000000000002146
C2_USD_ALIGNED_PULLBACK,SHORT,2024-10-24 17:00:00+00:00,2024-10-24 17:55:00+00:00,2024-10-24 17:55:00+00:00,2024-10-24 19:55:00+00:00,1.08216,1.08289305647705,1.081060415284425,1.08290305647705,STOP,0.0007330564770500203,-1.013641513734805,-1.0818490824083824,-0.7430564770500858
C2_USD_ALIGNED_PULLBACK,SHORT,2024-10-28 07:45:00+00:00,2024-10-28 08:40:00+00:00,2024-10-28 08:40:00+00:00,2024-10-28 08:50:00+00:00,1.08107,1.08165,1.0802,1.08166,STOP,0.0005800000000000249,-1.017241379310457,-1.1034482758621775,-0.5900000000000905
C2_USD_ALIGNED_PULLBACK,SHORT,2024-10-28 08:45:00+00:00,2024-10-28 09:25:00+00:00,2024-10-28 09:25:00+00:00,2024-10-28 12:00:00+00:00,1.08134,1.08213,1.080155,1.08214,STOP,0.0007900000000000684,-1.012658227848183,-1.075949367088684,-0.8000000000001339
C2_USD_ALIGNED_PULLBACK,SHORT,2024-10-30 00:00:00+00:00,2024-10-30 00:35:00+00:00,2024-10-30 00:35:00+00:00,2024-10-30 03:30:00+00:00,1.0821999999999998,1.0826476231144435,1.0815285653283344,1.0815385653283345,TARGET,0.00044762311444368486,1.4776597774388736,1.3659586646352129,0.6614346716653507
C2_USD_ALIGNED_PULLBACK,SHORT,2024-11-03 22:00:00+00:00,2024-11-03 23:05:00+00:00,2024-11-03 23:05:00+00:00,2024-11-04 01:15:00+00:00,1.08721,1.08826,1.085635,1.08827,STOP,0.0010499999999999954,-1.0095238095238719,-1.0571428571429198,-1.060000000000061
C2_USD_ALIGNED_PULLBACK,SHORT,2024-11-07 13:45:00+00:00,2024-11-07 14:10:00+00:00,2024-11-07 14:10:00+00:00,2024-11-07 14:25:00+00:00,1.07857,1.0797238214923042,1.0768392677615437,1.0797338214923042,STOP,0.0011538214923041412,-1.008666851906265,-1.0520011114373053,-1.1638214923042067
C2_USD_ALIGNED_PULLBACK,LONG,2024-12-02 07:30:00+00:00,2024-12-02 08:15:00+00:00,2024-12-02 08:15:00+00:00,2024-12-02 11:30:00+00:00,1.0508600000000001,1.04959,1.0527650000000004,1.0527550000000003,TARGET,0.0012700000000001044,1.492125984252005,1.4527559055118506,1.895000000000202
C2_USD_ALIGNED_PULLBACK,LONG,2024-12-09 04:15:00+00:00,2024-12-09 04:55:00+00:00,2024-12-09 04:55:00+00:00,2024-12-09 07:00:00+00:00,1.05365,1.052949410166161,1.0547008847507584,1.0546908847507583,TARGET,0.0007005898338390271,1.485726313004887,1.4143578780305817,1.040884750758364
C2_USD_ALIGNED_PULLBACK,SHORT,2024-12-19 09:00:00+00:00,2024-12-19 10:05:00+00:00,2024-12-19 10:05:00+00:00,2024-12-19 15:45:00+00:00,1.04067,1.04225,1.0383,1.03831,TARGET,0.0015799999999999148,1.4936708860759778,1.4620253164557229,2.3599999999999177
C2_USD_ALIGNED_PULLBACK,SHORT,2024-12-26 16:15:00+00:00,2024-12-26 17:20:00+00:00,2024-12-26 17:20:00+00:00,2024-12-26 18:00:00+00:00,1.04161,1.0423,1.0405749999999998,1.04231,STOP,0.0006900000000000794,-1.0144927536232817,-1.0869565217392154,-0.700000000000145
C2_USD_ALIGNED_PULLBACK,SHORT,2024-12-27 11:15:00+00:00,2024-12-27 12:30:00+00:00,2024-12-27 12:30:00+00:00,2024-12-27 15:10:00+00:00,1.04345,1.04441,1.0420099999999999,1.04202,TARGET,0.0009600000000000719,1.489583333333266,1.4374999999999365,1.4300000000000423
C2_USD_ALIGNED_PULLBACK,SHORT,2025-01-02 02:45:00+00:00,2025-01-02 03:20:00+00:00,2025-01-02 03:20:00+00:00,2025-01-02 04:10:00+00:00,1.03693,1.03758613893142,1.0359457916028698,1.03759613893142,STOP,0.000656138931420136,-1.0152406746821465,-1.0914440480923797,-0.6661389314202015
C2_USD_ALIGNED_PULLBACK,SHORT,2025-01-06 08:45:00+00:00,2025-01-06 09:40:00+00:00,2025-01-06 09:40:00+00:00,2025-01-06 11:10:00+00:00,1.0352599999999998,1.03692,1.0327699999999995,1.0369300000000001,STOP,0.0016600000000002169,-1.0060240963855809,-1.0361445783132879,-1.6700000000002824
C2_USD_ALIGNED_PULLBACK,SHORT,2025-01-06 11:00:00+00:00,2025-01-06 11:50:00+00:00,2025-01-06 11:50:00+00:00,2025-01-06 13:25:00+00:00,1.0410599999999999,1.04326,1.0377599999999996,1.0432700000000001,STOP,0.002200000000000202,-1.004545454545484,-1.0272727272727546,-2.2100000000002673
C2_USD_ALIGNED_PULLBACK,SHORT,2025-01-14 08:15:00+00:00,2025-01-14 08:40:00+00:00,2025-01-14 08:40:00+00:00,2025-01-14 12:10:00+00:00,1.02632,1.02748,1.0245799999999998,1.02459,TARGET,0.0011600000000000499,1.4913793103447714,1.4482758620689111,1.7300000000000093
C2_USD_ALIGNED_PULLBACK,LONG,2025-01-17 04:30:00+00:00,2025-01-17 05:10:00+00:00,2025-01-17 05:10:00+00:00,2025-01-17 05:20:00+00:00,1.0295500000000002,1.029081219219581,1.0302531711706289,1.029071219219581,STOP,0.0004687807804191202,-1.0213319325743793,-1.1279915954455764,-0.4787807804191857
C2_USD_ALIGNED_PULLBACK,LONG,2025-01-21 23:00:00+00:00,2025-01-21 23:50:00+00:00,2025-01-21 23:50:00+00:00,2025-01-22 09:55:00+00:00,1.0411700000000002,1.03921,1.0441100000000003,1.0441000000000003,TARGET,0.001960000000000184,1.4948979591835838,1.4693877551019536,2.930000000000099
C2_USD_ALIGNED_PULLBACK,SHORT,2025-02-04 15:15:00+00:00,2025-02-04 16:15:00+00:00,2025-02-04 16:15:00+00:00,2025-02-05 04:15:00+00:00,1.03761,1.0389438964288145,1.035609155356778,1.0380200000000002,TIME_12H,0.0013338964288145405,-0.3073701909260065,-0.34485436055110696,-0.4100000000002435
C2_USD_ALIGNED_PULLBACK,LONG,2025-02-06 07:45:00+00:00,2025-02-06 09:05:00+00:00,2025-02-06 09:05:00+00:00,2025-02-06 10:40:00+00:00,1.03677,1.03559,1.0385399999999998,1.03558,STOP,0.0011799999999999589,-1.0084745762712422,-1.0508474576271758,-1.1900000000000244
C2_USD_ALIGNED_PULLBACK,SHORT,2025-02-11 14:15:00+00:00,2025-02-11 15:05:00+00:00,2025-02-11 15:05:00+00:00,2025-02-11 15:15:00+00:00,1.03283,1.03374,1.0314649999999996,1.0337500000000002,STOP,0.0009100000000001884,-1.0109890109890807,-1.0659340659341243,-0.920000000000254
C2_USD_ALIGNED_PULLBACK,SHORT,2025-02-11 16:00:00+00:00,2025-02-11 17:05:00+00:00,2025-02-11 17:05:00+00:00,2025-02-11 19:35:00+00:00,1.03437,1.03522585136897,1.033086222946545,1.0352358513689701,STOP,0.0008558513689700398,-1.0116842717820267,-1.070105630691777,-0.8658513689701053
C2_USD_ALIGNED_PULLBACK,SHORT,2025-02-11 20:00:00+00:00,2025-02-11 21:05:00+00:00,2025-02-11 21:05:00+00:00,2025-02-12 07:50:00+00:00,1.0362099999999999,1.0371070657660089,1.0348644013509865,1.037117065766009,STOP,0.0008970657660090087,-1.011147454711771,-1.0668847282702603,-0.9070657660090742
C2_USD_ALIGNED_PULLBACK,LONG,2025-02-21 15:15:00+00:00,2025-02-21 16:35:00+00:00,2025-02-21 16:35:00+00:00,2025-02-21 21:55:00+00:00,1.0456800000000002,1.044603622652759,1.0472945660208617,1.04569,TIME_12H,0.0010763773472410865,0.00929042219763816,-0.03716168879127977,0.009999999999843467
C2_USD_ALIGNED_PULLBACK,LONG,2025-02-24 08:00:00+00:00,2025-02-24 08:55:00+00:00,2025-02-24 08:55:00+00:00,2025-02-24 09:45:00+00:00,1.04851,1.04695,1.05085,1.04694,STOP,0.0015600000000000058,-1.0064102564102984,-1.0384615384615803,-1.5700000000000713
C2_USD_ALIGNED_PULLBACK,LONG,2025-02-24 12:30:00+00:00,2025-02-24 13:00:00+00:00,2025-02-24 13:00:00+00:00,2025-02-24 14:30:00+00:00,1.0469600000000001,1.04599,1.0484150000000003,1.04598,STOP,0.0009700000000001374,-1.0103092783505816,-1.0618556701031516,-0.9800000000002029
C2_USD_ALIGNED_PULLBACK,LONG,2025-02-26 12:45:00+00:00,2025-02-26 13:10:00+00:00,2025-02-26 13:10:00+00:00,2025-02-26 15:45:00+00:00,1.04871,1.04747,1.0505700000000002,1.0505600000000002,TARGET,0.0012400000000001299,1.4919354838709158,1.4516129032257588,1.8500000000001293
C2_USD_ALIGNED_PULLBACK,LONG,2025-03-20 05:00:00+00:00,2025-03-20 06:00:00+00:00,2025-03-20 06:00:00+00:00,2025-03-20 07:05:00+00:00,1.0896100000000002,1.0889345252339337,1.0906232121491,1.0889245252339337,STOP,0.0006754747660664417,-1.0148044020331055,-1.0888264121981481,-0.6854747660665073
C2_USD_ALIGNED_PULLBACK,LONG,2025-03-20 07:15:00+00:00,2025-03-20 08:00:00+00:00,2025-03-20 08:00:00+00:00,2025-03-20 08:30:00+00:00,1.08803,1.08647,1.09037,1.08646,STOP,0.0015600000000000058,-1.0064102564102984,-1.0384615384615803,-1.5700000000000713
C2_USD_ALIGNED_PULLBACK,LONG,2025-03-20 13:15:00+00:00,2025-03-20 14:05:00+00:00,2025-03-20 14:05:00+00:00,2025-03-21 02:05:00+00:00,1.0835000000000001,1.08145,1.0865750000000003,1.08531,TIME_12H,0.0020500000000001073,0.8829268292681818,0.8585365853657441,1.8099999999998673
C2_USD_ALIGNED_PULLBACK,SHORT,2025-03-27 02:00:00+00:00,2025-03-27 03:05:00+00:00,2025-03-27 03:05:00+00:00,2025-03-27 04:05:00+00:00,1.07744,1.078265764824289,1.0762013527635663,1.078275764824289,STOP,0.000825764824289088,-1.0121099854412843,-1.0726599126473089,-0.8357648242891536
C2_USD_ALIGNED_PULLBACK,LONG,2025-03-31 14:30:00+00:00,2025-03-31 15:15:00+00:00,2025-03-31 15:15:00+00:00,2025-04-01 03:15:00+00:00,1.08122,1.07838,1.0854800000000004,1.08239,TIME_12H,0.0028400000000001757,0.41197183098585244,0.3943661971830366,1.1699999999998933
C2_USD_ALIGNED_PULLBACK,SHORT,2025-05-05 01:15:00+00:00,2025-05-05 01:40:00+00:00,2025-05-05 01:40:00+00:00,2025-05-05 02:30:00+00:00,1.1331799999999999,1.1342581843337283,1.1315627234994072,1.1342681843337283,STOP,0.0010781843337284158,-1.0092748518850065,-1.0556491113097355,-1.0881843337284813
C2_USD_ALIGNED_PULLBACK,SHORT,2025-05-06 07:15:00+00:00,2025-05-06 08:00:00+00:00,2025-05-06 08:00:00+00:00,2025-05-06 08:15:00+00:00,1.1338599999999999,1.1349640474829041,1.1322039287756436,1.1349740474829042,STOP,0.001104047482904269,-1.0090575814490876,-1.0543454886942287,-1.1140474829043345
C2_USD_ALIGNED_PULLBACK,SHORT,2025-05-09 14:15:00+00:00,2025-05-09 14:45:00+00:00,2025-05-09 14:45:00+00:00,2025-05-09 17:15:00+00:00,1.12773,1.12928,1.1254049999999998,1.1254149999999998,TARGET,0.0015500000000001624,1.493548387096661,1.4612903225805354,2.315000000000067
C2_USD_ALIGNED_PULLBACK,SHORT,2025-05-13 22:45:00+00:00,2025-05-13 23:10:00+00:00,2025-05-13 23:10:00+00:00,2025-05-14 01:25:00+00:00,1.1189,1.11975,1.1176249999999999,1.11976,STOP,0.0008500000000000174,-1.0117647058824297,-1.0705882352941933,-0.8600000000000829
C2_USD_ALIGNED_PULLBACK,LONG,2025-05-27 07:15:00+00:00,2025-05-27 08:10:00+00:00,2025-05-27 08:10:00+00:00,2025-05-27 12:35:00+00:00,1.1348,1.1336726564290072,1.1364910153564893,1.1364810153564893,TARGET,0.001127343570992867,1.4911295897210304,1.4467775383264725,1.681015356489235
C2_USD_ALIGNED_PULLBACK,LONG,2025-05-28 02:30:00+00:00,2025-05-28 03:40:00+00:00,2025-05-28 03:40:00+00:00,2025-05-28 05:20:00+00:00,1.13071,1.129710142594735,1.132209786107898,1.1297001425947348,STOP,0.0009998574052652032,-1.010001426150775,-1.0600085569043227,-1.0098574052652687
C2_USD_ALIGNED_PULLBACK,LONG,2025-06-03 12:00:00+00:00,2025-06-03 13:10:00+00:00,2025-06-03 13:10:00+00:00,2025-06-03 14:00:00+00:00,1.13873,1.1376269635999385,1.1403845546000921,1.1376169635999385,STOP,0.0011030364000614856,-1.0090658839540636,-1.0543953037240847,-1.1130364000615511
C2_USD_ALIGNED_PULLBACK,LONG,2025-06-03 15:45:00+00:00,2025-06-03 16:10:00+00:00,2025-06-03 16:10:00+00:00,2025-06-03 16:40:00+00:00,1.1380700000000001,1.1367690897233536,1.14002136541497,1.1367590897233535,STOP,0.001300910276646583,-1.0076869252088954,-1.04612155125312,-1.3109102766466485
C2_USD_ALIGNED_PULLBACK,LONG,2025-06-13 05:15:00+00:00,2025-06-13 06:05:00+00:00,2025-06-13 06:05:00+00:00,2025-06-13 10:35:00+00:00,1.15395,1.15117,1.15812,1.15116,STOP,0.0027800000000000047,-1.0035971223021818,-1.021582733812973,-2.79000000000007
C2_USD_ALIGNED_PULLBACK,SHORT,2025-07-08 00:00:00+00:00,2025-07-08 00:30:00+00:00,2025-07-08 00:30:00+00:00,2025-07-08 02:30:00+00:00,1.17404,1.174893654638658,1.172759518042013,1.174903654638658,STOP,0.0008536546386579413,-1.011714339203717,-1.0702860352219177,-0.8636546386580068
C2_USD_ALIGNED_PULLBACK,SHORT,2025-07-18 08:00:00+00:00,2025-07-18 09:00:00+00:00,2025-07-18 09:00:00+00:00,2025-07-18 11:05:00+00:00,1.1635499999999999,1.1646,1.1619749999999995,1.1646100000000001,STOP,0.0010500000000002174,-1.0095238095238699,-1.0571428571429076,-1.060000000000283
C2_USD_ALIGNED_PULLBACK,SHORT,2025-07-18 12:45:00+00:00,2025-07-18 13:40:00+00:00,2025-07-18 13:40:00+00:00,2025-07-18 13:55:00+00:00,1.16537,1.16679,1.16324,1.1668,STOP,0.0014199999999999768,-1.007042253521173,-1.0422535211268074,-1.4300000000000423
C2_USD_ALIGNED_PULLBACK,SHORT,2025-07-18 13:45:00+00:00,2025-07-18 14:15:00+00:00,2025-07-18 14:15:00+00:00,2025-07-18 16:20:00+00:00,1.1655799999999998,1.16722,1.1631199999999997,1.1631299999999998,TARGET,0.0016400000000000858,1.4939024390243507,1.4634146341463035,2.4500000000000632
C2_USD_ALIGNED_PULLBACK,LONG,2025-07-24 21:00:00+00:00,2025-07-24 21:45:00+00:00,2025-07-24 21:45:00+00:00,2025-07-25 02:45:00+00:00,1.1749800000000001,1.1735,1.1772000000000005,1.17349,STOP,0.0014800000000001479,-1.0067567567568003,-1.0405405405405808,-1.4900000000002134
C2_USD_ALIGNED_PULLBACK,LONG,2025-07-25 02:30:00+00:00,2025-07-25 03:35:00+00:00,2025-07-25 03:35:00+00:00,2025-07-25 06:30:00+00:00,1.17415,1.17339,1.1752900000000002,1.17528,TARGET,0.0007600000000000939,1.4868421052630734,1.421052631578871,1.1300000000000754
C2_USD_ALIGNED_PULLBACK,LONG,2025-08-14 08:45:00+00:00,2025-08-14 09:10:00+00:00,2025-08-14 09:10:00+00:00,2025-08-14 12:30:00+00:00,1.16802,1.16678,1.1698800000000003,1.1667699999999999,STOP,0.0012400000000001299,-1.0080645161290842,-1.0483870967742412,-1.2500000000001954
C2_USD_ALIGNED_PULLBACK,LONG,2025-09-09 23:15:00+00:00,2025-09-09 23:50:00+00:00,2025-09-09 23:50:00+00:00,2025-09-10 00:05:00+00:00,1.17022,1.1695916697993018,1.1711624953010473,1.1695816697993018,STOP,0.0006283302006981906,-1.0159151987107315,-1.0954911922638677,-0.6383302006982561
C2_USD_ALIGNED_PULLBACK,LONG,2025-09-10 01:15:00+00:00,2025-09-10 01:40:00+00:00,2025-09-10 01:40:00+00:00,2025-09-10 04:50:00+00:00,1.16984,1.16891,1.1712350000000002,1.1712250000000002,TARGET,0.0009300000000000974,1.489247311828007,1.4354838709677975,1.3850000000001916
C2_USD_ALIGNED_PULLBACK,LONG,2025-09-18 04:30:00+00:00,2025-09-18 05:30:00+00:00,2025-09-18 05:30:00+00:00,2025-09-18 05:45:00+00:00,1.17984,1.179047276892565,1.1810290846611524,1.179037276892565,STOP,0.000792723107434945,-1.012614745181862,-1.075688471090758,-0.8027231074350105
C2_USD_ALIGNED_PULLBACK,LONG,2025-09-18 06:00:00+00:00,2025-09-18 06:35:00+00:00,2025-09-18 06:35:00+00:00,2025-09-18 07:10:00+00:00,1.1792500000000001,1.17802,1.1810950000000002,1.1810850000000002,TARGET,0.0012300000000000644,1.4918699186991342,1.4512195121950713,1.835000000000031
C2_USD_ALIGNED_PULLBACK,SHORT,2025-09-23 01:15:00+00:00,2025-09-23 02:10:00+00:00,2025-09-23 02:10:00+00:00,2025-09-23 03:05:00+00:00,1.1811699999999998,1.18203,1.1798799999999998,1.1798899999999999,TARGET,0.0008600000000000829,1.4883720930230517,1.4302325581393365,1.2799999999999478
C2_USD_ALIGNED_PULLBACK,SHORT,2025-09-28 23:15:00+00:00,2025-09-28 23:55:00+00:00,2025-09-28 23:55:00+00:00,2025-09-29 00:00:00+00:00,1.17065,1.171128037563481,1.1699329436547785,1.171138037563481,STOP,0.0004780375634809708,-1.0209188581902384,-1.125513149140745,-0.48803756348103633
C2_USD_ALIGNED_PULLBACK,SHORT,2025-09-29 00:00:00+00:00,2025-09-29 01:05:00+00:00,2025-09-29 01:05:00+00:00,2025-09-29 01:35:00+00:00,1.17181,1.1723665683407318,1.1709751474889023,1.172376568340732,STOP,0.0005565683407318112,-1.0179672454723474,-1.1078034728334956,-0.5665683407318767
C2_USD_ALIGNED_PULLBACK,SHORT,2025-09-29 13:30:00+00:00,2025-09-29 14:00:00+00:00,2025-09-29 14:00:00+00:00,2025-09-30 00:45:00+00:00,1.17405,1.17549,1.1718900000000003,1.1719000000000004,TARGET,0.0014399999999998858,1.4930555555554323,1.4583333333332074,2.149999999999652
C2_USD_ALIGNED_PULLBACK,SHORT,2025-10-06 14:45:00+00:00,2025-10-06 15:20:00+00:00,2025-10-06 15:20:00+00:00,2025-10-07 03:20:00+00:00,1.17119,1.1723621889210727,1.1694317166183907,1.17063,TIME_12H,0.0011721889210727365,0.47773869035326333,0.4350834501431424,0.5599999999998939
C2_USD_ALIGNED_PULLBACK,LONG,2025-10-17 14:00:00+00:00,2025-10-17 14:30:00+00:00,2025-10-17 14:30:00+00:00,2025-10-17 20:40:00+00:00,1.16672,1.1656279094098971,1.1683581358851542,1.165617909409897,STOP,0.0010920905901028455,-1.0091567495322196,-1.054940497193017,-1.102090590102911
C2_USD_ALIGNED_PULLBACK,SHORT,2025-10-27 01:00:00+00:00,2025-10-27 01:40:00+00:00,2025-10-27 01:40:00+00:00,2025-10-27 02:30:00+00:00,1.16415,1.1648246314923398,1.1631380527614903,1.1631480527614904,TARGET,0.0006746314923398167,1.4851770928075376,1.4110625568457111,1.0019472385096595
C2_USD_ALIGNED_PULLBACK,SHORT,2025-10-30 04:15:00+00:00,2025-10-30 05:20:00+00:00,2025-10-30 05:20:00+00:00,2025-10-30 07:40:00+00:00,1.16278,1.16374,1.1613399999999998,1.1613499999999999,TARGET,0.0009600000000000719,1.489583333333266,1.4374999999999365,1.4300000000000423
C2_USD_ALIGNED_PULLBACK,SHORT,2025-11-06 05:45:00+00:00,2025-11-06 06:40:00+00:00,2025-11-06 06:40:00+00:00,2025-11-06 08:00:00+00:00,1.15079,1.15142,1.1498449999999998,1.1514300000000002,STOP,0.0006300000000001305,-1.0158730158731166,-1.0952380952381795,-0.640000000000196
C2_USD_ALIGNED_PULLBACK,SHORT,2025-11-06 08:45:00+00:00,2025-11-06 09:20:00+00:00,2025-11-06 09:20:00+00:00,2025-11-06 12:10:00+00:00,1.15141,1.15242,1.1498950000000001,1.15243,STOP,0.0010099999999999554,-1.0099009900990752,-1.059405940594127,-1.020000000000021
C2_USD_ALIGNED_PULLBACK,LONG,2025-11-12 01:45:00+00:00,2025-11-12 02:55:00+00:00,2025-11-12 02:55:00+00:00,2025-11-12 04:15:00+00:00,1.15791,1.1574642476548151,1.1585786285177773,1.157454247654815,STOP,0.00044575234518484663,-1.0224339818019772,-1.1346038908111284,-0.45575234518491214
C2_USD_ALIGNED_PULLBACK,SHORT,2025-12-10 07:45:00+00:00,2025-12-10 09:00:00+00:00,2025-12-10 09:00:00+00:00,2025-12-10 09:10:00+00:00,1.1652399999999998,1.1658,1.1643999999999997,1.1644099999999997,TARGET,0.000560000000000116,1.482142857142744,1.3928571428570482,0.8300000000001084
C2_USD_ALIGNED_PULLBACK,SHORT,2026-01-02 02:00:00+00:00,2026-01-02 02:35:00+00:00,2026-01-02 02:35:00+00:00,2026-01-02 03:50:00+00:00,1.1759899999999999,1.1764725166455972,1.175266225031604,1.1764825166455972,STOP,0.00048251664559728624,-1.0207246736279676,-1.1243480417671272,-0.49251664559735175
C2_USD_ALIGNED_PULLBACK,SHORT,2026-01-18 23:30:00+00:00,2026-01-19 00:10:00+00:00,2026-01-19 00:10:00+00:00,2026-01-19 00:30:00+00:00,1.16106,1.16271,1.158585,1.16272,STOP,0.0016499999999999293,-1.006060606060646,-1.0363636363636777,-1.6599999999999948
C2_USD_ALIGNED_PULLBACK,SHORT,2026-01-19 00:30:00+00:00,2026-01-19 01:10:00+00:00,2026-01-19 01:10:00+00:00,2026-01-19 07:10:00+00:00,1.1627399999999999,1.1640367668480622,1.1607948497279064,1.1640467668480623,STOP,0.0012967668480623473,-1.0077114864672918,-1.0462689188034986,-1.3067668480624128
C2_USD_ALIGNED_PULLBACK,SHORT,2026-02-03 01:30:00+00:00,2026-02-03 02:20:00+00:00,2026-02-03 02:20:00+00:00,2026-02-03 04:05:00+00:00,1.18082,1.1815210782287713,1.179768382656843,1.1815310782287713,STOP,0.0007010782287713013,-1.014263743459259,-1.0855824607550866,-0.7110782287713668
C2_USD_ALIGNED_PULLBACK,LONG,2026-02-10 00:30:00+00:00,2026-02-10 01:00:00+00:00,2026-02-10 01:00:00+00:00,2026-02-10 01:25:00+00:00,1.1902700000000002,1.1897012714344464,1.191123092848331,1.1896912714344463,STOP,0.0005687285655537888,-1.0175830802349943,-1.1054984814093902,-0.5787285655538543
C2_USD_ALIGNED_PULLBACK,SHORT,2026-03-16 00:45:00+00:00,2026-03-16 01:10:00+00:00,2026-03-16 01:10:00+00:00,2026-03-16 06:20:00+00:00,1.14465,1.14567,1.14312,1.14313,TARGET,0.0010200000000000209,1.4901960784313084,1.4411764705881722,1.5199999999999658
C2_USD_ALIGNED_PULLBACK,SHORT,2026-03-17 17:45:00+00:00,2026-03-17 18:30:00+00:00,2026-03-17 18:30:00+00:00,2026-03-18 06:30:00+00:00,1.15429,1.1553439424368848,1.152709086344673,1.1545,TIME_12H,0.001053942436884725,-0.19925186865116454,-0.24669278975857484,-0.21000000000004349
C2_USD_ALIGNED_PULLBACK,SHORT,2026-03-19 15:00:00+00:00,2026-03-19 15:25:00+00:00,2026-03-19 15:25:00+00:00,2026-03-19 17:00:00+00:00,1.15143,1.15388,1.1477549999999999,1.15389,STOP,0.0024500000000000632,-1.004081632653088,-1.0244897959183936,-2.4600000000001288
C2_USD_ALIGNED_PULLBACK,SHORT,2026-03-19 17:15:00+00:00,2026-03-19 18:20:00+00:00,2026-03-19 18:20:00+00:00,2026-03-19 18:55:00+00:00,1.15532,1.1572880163772143,1.1523679754341782,1.1572980163772144,STOP,0.0019680163772144432,-1.0050812585280513,-1.0304875511681413,-1.9780163772145087
C2_USD_ALIGNED_PULLBACK,LONG,2026-04-02 06:00:00+00:00,2026-04-02 06:40:00+00:00,2026-04-02 06:40:00+00:00,2026-04-02 10:15:00+00:00,1.15303,1.1515,1.155325,1.15149,STOP,0.0015300000000000313,-1.006535947712461,-1.0392156862745519,-1.5400000000000968
C2_USD_ALIGNED_PULLBACK,LONG,2026-04-09 01:00:00+00:00,2026-04-09 01:35:00+00:00,2026-04-09 01:35:00+00:00,2026-04-09 08:50:00+00:00,1.1659300000000001,1.16503,1.1672800000000003,1.1672700000000003,TARGET,0.0009000000000001229,1.4888888888888177,1.4333333333332696,1.3400000000001189
C2_USD_ALIGNED_PULLBACK,LONG,2026-04-10 06:15:00+00:00,2026-04-10 06:35:00+00:00,2026-04-10 06:35:00+00:00,2026-04-10 07:00:00+00:00,1.1689,1.16831,1.169785,1.1683,STOP,0.0005900000000000905,-1.0169491525424814,-1.101694915254333,-0.600000000000156
C2_USD_ALIGNED_PULLBACK,LONG,2026-04-10 07:45:00+00:00,2026-04-10 08:15:00+00:00,2026-04-10 08:15:00+00:00,2026-04-10 09:15:00+00:00,1.16862,1.16773,1.169955,1.169945,TARGET,0.0008900000000000574,1.4887640449437474,1.4325842696628521,1.3250000000000206
C2_USD_ALIGNED_PULLBACK,LONG,2026-04-16 13:45:00+00:00,2026-04-16 14:35:00+00:00,2026-04-16 14:35:00+00:00,2026-04-17 02:35:00+00:00,1.17812,1.17668,1.1802800000000002,1.17767,TIME_12H,0.0014400000000001079,-0.31250000000001926,-0.34722222222223886,-0.45000000000006146
C2_USD_ALIGNED_PULLBACK,LONG,2026-04-19 21:00:00+00:00,2026-04-19 22:10:00+00:00,2026-04-19 22:10:00+00:00,2026-04-20 00:30:00+00:00,1.1738000000000002,1.1726531678283747,1.1755202482574383,1.1755102482574382,TARGET,0.0011468321716254781,1.4912803283273761,1.4476819699650258,1.7102482574380407
C2_USD_ALIGNED_PULLBACK,SHORT,2026-04-28 15:15:00+00:00,2026-04-28 16:20:00+00:00,2026-04-28 16:20:00+00:00,2026-04-28 17:45:00+00:00,1.1708399999999999,1.171769372847198,1.1694459407292026,1.1717793728471981,STOP,0.0009293728471981844,-1.0107599442249824,-1.0645596653495417,-0.9393728471982499
C2_USD_ALIGNED_PULLBACK,SHORT,2026-06-03 23:45:00+00:00,2026-06-04 00:10:00+00:00,2026-06-04 00:10:00+00:00,2026-06-04 00:15:00+00:00,1.16056,1.16115,1.1596750000000002,1.16116,STOP,0.0005899999999998684,-1.0169491525424876,-1.101694915254371,-0.5999999999999339
C2_USD_ALIGNED_PULLBACK,SHORT,2026-06-09 10:30:00+00:00,2026-06-09 11:00:00+00:00,2026-06-09 11:00:00+00:00,2026-06-09 11:20:00+00:00,1.15652,1.1570871897479433,1.155669215378085,1.1570971897479434,STOP,0.0005671897479433419,-1.0176307841182355,-1.1057847047088358,-0.5771897479434074
C2_USD_ALIGNED_PULLBACK,LONG,2026-06-16 04:00:00+00:00,2026-06-16 05:05:00+00:00,2026-06-16 05:05:00+00:00,2026-06-16 05:45:00+00:00,1.15811,1.15756,1.158935,1.1575499999999999,STOP,0.0005500000000000504,-1.0181818181819355,-1.1090909090910182,-0.560000000000116
