month,training_start_utc,training_cutoff_utc,training_signals,score_signals,admitted_experts,selected_signals,status
2020-01,2017-01-01T00:00:00+00:00,2020-01-01T00:00:00+00:00,2221,56,8,0,PAST_ONLY_SUBREGIME_CONSENSUS_FIT
2020-02,2017-02-01T00:00:00+00:00,2020-02-01T00:00:00+00:00,2181,13,4,0,PAST_ONLY_SUBREGIME_CONSENSUS_FIT
2020-03,2017-03-01T00:00:00+00:00,2020-03-01T00:00:00+00:00,2111,9,4,0,PAST_ONLY_SUBREGIME_CONSENSUS_FIT
2020-04,2017-04-01T00:00:00+00:00,2020-04-01T00:00:00+00:00,2047,83,3,2,PAST_ONLY_SUBREGIME_CONSENSUS_FIT
2020-05,2017-05-01T00:00:00+00:00,2020-05-01T00:00:00+00:00,2101,56,7,0,PAST_ONLY_SUBREGIME_CONSENSUS_FIT
2020-06,2017-06-01T00:00:00+00:00,2020-06-01T00:00:00+00:00,2097,63,5,0,PAST_ONLY_SUBREGIME_CONSENSUS_FIT
2020-07,2017-07-01T00:00:00+00:00,2020-07-01T00:00:00+00:00,2074,58,8,0,PAST_ONLY_SUBREGIME_CONSENSUS_FIT
2020-08,2017-08-01T00:00:00+00:00,2020-08-01T00:00:00+00:00,2090,71,9,1,PAST_ONLY_SUBREGIME_CONSENSUS_FIT
2020-09,2017-09-01T00:00:00+00:00,2020-09-01T00:00:00+00:00,2106,54,11,0,PAST_ONLY_SUBREGIME_CONSENSUS_FIT
2020-10,2017-10-01T00:00:00+00:00,2020-10-01T00:00:00+00:00,2097,79,10,0,PAST_ONLY_SUBREGIME_CONSENSUS_FIT
2020-11,2017-11-01T00:00:00+00:00,2020-11-01T00:00:00+00:00,2096,72,8,0,PAST_ONLY_SUBREGIME_CONSENSUS_FIT
2020-12,2017-12-01T00:00:00+00:00,2020-12-01T00:00:00+00:00,2115,50,7,0,PAST_ONLY_SUBREGIME_CONSENSUS_FIT
2021-01,2018-01-01T00:00:00+00:00,2021-01-01T00:00:00+00:00,2089,67,7,1,PAST_ONLY_SUBREGIME_CONSENSUS_FIT
2021-02,2018-02-01T00:00:00+00:00,2021-02-01T00:00:00+00:00,2134,50,8,1,PAST_ONLY_SUBREGIME_CONSENSUS_FIT
2021-03,2018-03-01T00:00:00+00:00,2021-03-01T00:00:00+00:00,2133,52,7,8,PAST_ONLY_SUBREGIME_CONSENSUS_FIT
2021-04,2018-04-01T00:00:00+00:00,2021-04-01T00:00:00+00:00,2091,38,7,1,PAST_ONLY_SUBREGIME_CONSENSUS_FIT
2021-05,2018-05-01T00:00:00+00:00,2021-05-01T00:00:00+00:00,2063,71,5,6,PAST_ONLY_SUBREGIME_CONSENSUS_FIT
2021-06,2018-06-01T00:00:00+00:00,2021-06-01T00:00:00+00:00,2109,76,4,1,PAST_ONLY_SUBREGIME_CONSENSUS_FIT
2021-07,2018-07-01T00:00:00+00:00,2021-07-01T00:00:00+00:00,2122,98,3,0,PAST_ONLY_SUBREGIME_CONSENSUS_FIT
2021-08,2018-08-01T00:00:00+00:00,2021-08-01T00:00:00+00:00,2108,69,5,0,PAST_ONLY_SUBREGIME_CONSENSUS_FIT
2021-09,2018-09-01T00:00:00+00:00,2021-09-01T00:00:00+00:00,2139,69,2,0,PAST_ONLY_SUBREGIME_CONSENSUS_FIT
2021-10,2018-10-01T00:00:00+00:00,2021-10-01T00:00:00+00:00,2144,64,2,0,PAST_ONLY_SUBREGIME_CONSENSUS_FIT
2021-11,2018-11-01T00:00:00+00:00,2021-11-01T00:00:00+00:00,2158,34,4,0,PAST_ONLY_SUBREGIME_CONSENSUS_FIT
2021-12,2018-12-01T00:00:00+00:00,2021-12-01T00:00:00+00:00,2120,109,0,0,PAST_ONLY_SUBREGIME_CONSENSUS_FIT
2022-01,2019-01-01T00:00:00+00:00,2022-01-01T00:00:00+00:00,2126,60,0,0,PAST_ONLY_SUBREGIME_CONSENSUS_FIT
2022-02,2019-02-01T00:00:00+00:00,2022-02-01T00:00:00+00:00,2127,48,0,0,PAST_ONLY_SUBREGIME_CONSENSUS_FIT
2022-03,2019-03-01T00:00:00+00:00,2022-03-01T00:00:00+00:00,2111,56,0,0,PAST_ONLY_SUBREGIME_CONSENSUS_FIT
2022-04,2019-04-01T00:00:00+00:00,2022-04-01T00:00:00+00:00,2120,47,3,0,PAST_ONLY_SUBREGIME_CONSENSUS_FIT
2022-05,2019-05-01T00:00:00+00:00,2022-05-01T00:00:00+00:00,2122,63,3,0,PAST_ONLY_SUBREGIME_CONSENSUS_FIT
2022-06,2019-06-01T00:00:00+00:00,2022-06-01T00:00:00+00:00,2082,92,4,0,PAST_ONLY_SUBREGIME_CONSENSUS_FIT
2022-07,2019-07-01T00:00:00+00:00,2022-07-01T00:00:00+00:00,2149,18,4,0,PAST_ONLY_SUBREGIME_CONSENSUS_FIT
2022-08,2019-08-01T00:00:00+00:00,2022-08-01T00:00:00+00:00,2097,82,4,2,PAST_ONLY_SUBREGIME_CONSENSUS_FIT
2022-09,2019-09-01T00:00:00+00:00,2022-09-01T00:00:00+00:00,2113,70,6,18,PAST_ONLY_SUBREGIME_CONSENSUS_FIT
2022-10,2019-10-01T00:00:00+00:00,2022-10-01T00:00:00+00:00,2128,71,6,9,PAST_ONLY_SUBREGIME_CONSENSUS_FIT
2022-11,2019-11-01T00:00:00+00:00,2022-11-01T00:00:00+00:00,2120,57,3,0,PAST_ONLY_SUBREGIME_CONSENSUS_FIT
2022-12,2019-12-01T00:00:00+00:00,2022-12-01T00:00:00+00:00,2157,78,2,0,PAST_ONLY_SUBREGIME_CONSENSUS_FIT
2023-01,2020-01-01T00:00:00+00:00,2023-01-01T00:00:00+00:00,2203,79,6,2,PAST_ONLY_SUBREGIME_CONSENSUS_FIT
2023-02,2020-02-01T00:00:00+00:00,2023-02-01T00:00:00+00:00,2223,80,5,5,PAST_ONLY_SUBREGIME_CONSENSUS_FIT
2023-03,2020-03-01T00:00:00+00:00,2023-03-01T00:00:00+00:00,2290,88,4,0,PAST_ONLY_SUBREGIME_CONSENSUS_FIT
2023-04,2020-04-01T00:00:00+00:00,2023-04-01T00:00:00+00:00,2371,92,2,0,PAST_ONLY_SUBREGIME_CONSENSUS_FIT
2023-05,2020-05-01T00:00:00+00:00,2023-05-01T00:00:00+00:00,2379,50,5,0,PAST_ONLY_SUBREGIME_CONSENSUS_FIT
2023-06,2020-06-01T00:00:00+00:00,2023-06-01T00:00:00+00:00,2374,79,5,0,PAST_ONLY_SUBREGIME_CONSENSUS_FIT
2023-07,2020-07-01T00:00:00+00:00,2023-07-01T00:00:00+00:00,2389,36,6,0,PAST_ONLY_SUBREGIME_CONSENSUS_FIT
2023-08,2020-08-01T00:00:00+00:00,2023-08-01T00:00:00+00:00,2368,103,7,4,PAST_ONLY_SUBREGIME_CONSENSUS_FIT
2023-09,2020-09-01T00:00:00+00:00,2023-09-01T00:00:00+00:00,2398,60,7,1,PAST_ONLY_SUBREGIME_CONSENSUS_FIT
2023-10,2020-10-01T00:00:00+00:00,2023-10-01T00:00:00+00:00,2406,97,6,9,PAST_ONLY_SUBREGIME_CONSENSUS_FIT
2023-11,2020-11-01T00:00:00+00:00,2023-11-01T00:00:00+00:00,2425,58,7,8,PAST_ONLY_SUBREGIME_CONSENSUS_FIT
2023-12,2020-12-01T00:00:00+00:00,2023-12-01T00:00:00+00:00,2408,12,10,0,PAST_ONLY_SUBREGIME_CONSENSUS_FIT
2024-01,2021-01-01T00:00:00+00:00,2024-01-01T00:00:00+00:00,2373,73,7,4,PAST_ONLY_SUBREGIME_CONSENSUS_FIT
2024-02,2021-02-01T00:00:00+00:00,2024-02-01T00:00:00+00:00,2378,91,7,0,PAST_ONLY_SUBREGIME_CONSENSUS_FIT
2024-03,2021-03-01T00:00:00+00:00,2024-03-01T00:00:00+00:00,2418,72,8,8,PAST_ONLY_SUBREGIME_CONSENSUS_FIT
2024-04,2021-04-01T00:00:00+00:00,2024-04-01T00:00:00+00:00,2437,57,6,0,PAST_ONLY_SUBREGIME_CONSENSUS_FIT
2024-05,2021-05-01T00:00:00+00:00,2024-05-01T00:00:00+00:00,2456,93,5,5,PAST_ONLY_SUBREGIME_CONSENSUS_FIT
2024-06,2021-06-01T00:00:00+00:00,2024-06-01T00:00:00+00:00,2479,61,4,1,PAST_ONLY_SUBREGIME_CONSENSUS_FIT
2024-07,2021-07-01T00:00:00+00:00,2024-07-01T00:00:00+00:00,2465,50,5,5,PAST_ONLY_SUBREGIME_CONSENSUS_FIT
2024-08,2021-08-01T00:00:00+00:00,2024-08-01T00:00:00+00:00,2415,28,4,2,PAST_ONLY_SUBREGIME_CONSENSUS_FIT
2024-09,2021-09-01T00:00:00+00:00,2024-09-01T00:00:00+00:00,2377,44,4,0,PAST_ONLY_SUBREGIME_CONSENSUS_FIT
2024-10,2021-10-01T00:00:00+00:00,2024-10-01T00:00:00+00:00,2352,22,4,2,PAST_ONLY_SUBREGIME_CONSENSUS_FIT
2024-11,2021-11-01T00:00:00+00:00,2024-11-01T00:00:00+00:00,2309,21,4,3,PAST_ONLY_SUBREGIME_CONSENSUS_FIT
2024-12,2021-12-01T00:00:00+00:00,2024-12-01T00:00:00+00:00,2296,101,4,1,PAST_ONLY_SUBREGIME_CONSENSUS_FIT
2025-01,2022-01-01T00:00:00+00:00,2025-01-01T00:00:00+00:00,2287,77,5,6,PAST_ONLY_SUBREGIME_CONSENSUS_FIT
2025-02,2022-02-01T00:00:00+00:00,2025-02-01T00:00:00+00:00,2305,88,5,0,PAST_ONLY_SUBREGIME_CONSENSUS_FIT
2025-03,2022-03-01T00:00:00+00:00,2025-03-01T00:00:00+00:00,2346,30,3,0,PAST_ONLY_SUBREGIME_CONSENSUS_FIT
2025-04,2022-04-01T00:00:00+00:00,2025-04-01T00:00:00+00:00,2316,39,4,0,PAST_ONLY_SUBREGIME_CONSENSUS_FIT
2025-05,2022-05-01T00:00:00+00:00,2025-05-01T00:00:00+00:00,2309,88,6,5,PAST_ONLY_SUBREGIME_CONSENSUS_FIT
2025-06,2022-06-01T00:00:00+00:00,2025-06-01T00:00:00+00:00,2332,73,5,3,PAST_ONLY_SUBREGIME_CONSENSUS_FIT
2025-07,2022-07-01T00:00:00+00:00,2025-07-01T00:00:00+00:00,2318,42,7,4,PAST_ONLY_SUBREGIME_CONSENSUS_FIT
2025-08,2022-08-01T00:00:00+00:00,2025-08-01T00:00:00+00:00,2342,89,4,0,PAST_ONLY_SUBREGIME_CONSENSUS_FIT
2025-09,2022-09-01T00:00:00+00:00,2025-09-01T00:00:00+00:00,2347,88,4,0,PAST_ONLY_SUBREGIME_CONSENSUS_FIT
2025-10,2022-10-01T00:00:00+00:00,2025-10-01T00:00:00+00:00,2364,90,5,0,PAST_ONLY_SUBREGIME_CONSENSUS_FIT
2025-11,2022-11-01T00:00:00+00:00,2025-11-01T00:00:00+00:00,2386,60,4,0,PAST_ONLY_SUBREGIME_CONSENSUS_FIT
2025-12,2022-12-01T00:00:00+00:00,2025-12-01T00:00:00+00:00,2387,63,4,0,PAST_ONLY_SUBREGIME_CONSENSUS_FIT
2026-01,2023-01-01T00:00:00+00:00,2026-01-01T00:00:00+00:00,2374,41,2,0,PAST_ONLY_SUBREGIME_CONSENSUS_FIT
2026-02,2023-02-01T00:00:00+00:00,2026-02-01T00:00:00+00:00,2336,49,2,0,PAST_ONLY_SUBREGIME_CONSENSUS_FIT
2026-03,2023-03-01T00:00:00+00:00,2026-03-01T00:00:00+00:00,2302,62,4,0,PAST_ONLY_SUBREGIME_CONSENSUS_FIT
2026-04,2023-04-01T00:00:00+00:00,2026-04-01T00:00:00+00:00,2277,63,3,0,PAST_ONLY_SUBREGIME_CONSENSUS_FIT
2026-05,2023-05-01T00:00:00+00:00,2026-05-01T00:00:00+00:00,2247,75,2,0,PAST_ONLY_SUBREGIME_CONSENSUS_FIT
2026-06,2023-06-01T00:00:00+00:00,2026-06-01T00:00:00+00:00,2274,62,1,0,PAST_ONLY_SUBREGIME_CONSENSUS_FIT
