trade_id,source_id,entry_time_utc,entry_year,entry_date,causal_rank,prior_profit_factor,baseline_runtime_pnl_usd,selected_by_v2
V7_20210512T085500Z_LONG,V7_SWING_HEALTH,2021-05-12 08:55:00+00:00,2021,2021-05-12,0.5447570332480819,0.9693603014297524,-4.028472222222223,False
V7_20210514T112500Z_SHORT,V7_SWING_HEALTH,2021-05-14 11:25:00+00:00,2021,2021-05-14,0.3836317135549872,0.7648416629707587,-3.987152777777778,False
V9_BREAK_20210520T135000Z_LONG,V57_BREAK_SWING_H4ADX_HIGH,2021-05-20 13:50:00+00:00,2021,2021-05-20,0.21739130434782608,0.730940732627516,-5.57730151501526,False
V9_BREAK_20210521T123000Z_LONG,V57_BREAK_SWING_H4ADX_HIGH,2021-05-21 12:30:00+00:00,2021,2021-05-21,0.3989769820971867,0.7395507326905709,-3.994444444444445,False
V9_BREAK_20210521T135000Z_SHORT,V57_BREAK_SWING_H4ADX_HIGH,2021-05-21 13:50:00+00:00,2021,2021-05-21,0.2071611253196931,0.7395905789935645,-5.791234045278524,False
V9_BREAK_20210525T070500Z_LONG,V57_BREAK_SWING_H4ADX_HIGH,2021-05-25 07:05:00+00:00,2021,2021-05-25,0.8567774936061381,0.5927386091845089,-3.984722222222222,False
V9_BREAK_20210525T135000Z_LONG,V57_BREAK_SWING_H4ADX_HIGH,2021-05-25 13:50:00+00:00,2021,2021-05-25,0.9053708439897699,0.5926797781355359,8.359424510258457,False
V9_BREAK_20210526T021000Z_LONG,V57_BREAK_SWING_H4ADX_HIGH,2021-05-26 02:10:00+00:00,2021,2021-05-26,0.5728900255754475,0.6180301252941466,-4.033333333333334,False
V9_BREAK_20210526T123500Z_LONG,V57_BREAK_SWING_H4ADX_HIGH,2021-05-26 12:35:00+00:00,2021,2021-05-26,0.23273657289002558,0.6176520852885263,-3.9786458333333337,False
V9_BREAK_20210527T122000Z_SHORT,V57_BREAK_SWING_H4ADX_HIGH,2021-05-27 12:20:00+00:00,2021,2021-05-27,0.40153452685422,0.5019218159542855,-4.250919693147671,False
V9_BREAK_20210527T123500Z_LONG,V57_BREAK_SWING_H4ADX_HIGH,2021-05-27 12:35:00+00:00,2021,2021-05-27,0.4629156010230179,0.39157390071755804,-5.350663142770403,False
V7_20210528T123500Z_LONG,V7_SWING_HEALTH,2021-05-28 12:35:00+00:00,2021,2021-05-28,0.5191815856777494,0.5924256035367899,2.2376349558564748,False
V7_20210602T084500Z_LONG,V7_SWING_HEALTH,2021-06-02 08:45:00+00:00,2021,2021-06-02,0.8542199488491049,0.6980556084586427,6.471527777777777,False
V7_20210603T103000Z_SHORT,V7_SWING_HEALTH,2021-06-03 10:30:00+00:00,2021,2021-06-03,0.27621483375959077,0.6972811520324919,1.6688333333333345,False
V7_20210610T121500Z_LONG,V7_SWING_HEALTH,2021-06-10 12:15:00+00:00,2021,2021-06-10,0.4424552429667519,0.7945674509951594,-3.979861111111111,False
V9_BREAK_20210617T020000Z_LONG,V57_BREAK_SWING_H4ADX_HIGH,2021-06-17 02:00:00+00:00,2021,2021-06-17,0.16666666666666666,0.26720743495468574,-1.0214455238275386,False
V9_BREAK_20210617T102500Z_SHORT,V57_BREAK_SWING_H4ADX_HIGH,2021-06-17 10:25:00+00:00,2021,2021-06-17,0.8410596026490066,0.182287099327255,7.315956669254722,False
V9_BREAK_20210618T014000Z_LONG,V57_BREAK_SWING_H4ADX_HIGH,2021-06-18 01:40:00+00:00,2021,2021-06-18,0.0,0.28356907023919387,-3.982291666666667,True
V9_BREAK_20210618T075500Z_LONG,V57_BREAK_SWING_H4ADX_HIGH,2021-06-18 07:55:00+00:00,2021,2021-06-18,0.2222222222222222,0.28356907023919387,-4.623574885420669,False
V9_BREAK_20210621T061000Z_LONG,V57_BREAK_SWING_H4ADX_HIGH,2021-06-21 06:10:00+00:00,2021,2021-06-21,0.7612903225806451,0.2924101080400658,7.317728419507145,False
V9_BREAK_20210621T081500Z_LONG,V57_BREAK_SWING_H4ADX_HIGH,2021-06-21 08:15:00+00:00,2021,2021-06-21,0.5192307692307693,0.41977694875048777,-5.606359169413273,False
V9_BREAK_20210623T133500Z_LONG,V57_BREAK_SWING_H4ADX_HIGH,2021-06-23 13:35:00+00:00,2021,2021-06-23,0.10191082802547771,0.42722565119843636,7.929351888002732,False
V9_BREAK_20210623T151000Z_SHORT,V57_BREAK_SWING_H4ADX_HIGH,2021-06-23 15:10:00+00:00,2021,2021-06-23,0.7531645569620253,0.5691638539751027,7.822356466209369,False
V9_BREAK_20210624T145000Z_SHORT,V57_BREAK_SWING_H4ADX_HIGH,2021-06-24 14:50:00+00:00,2021,2021-06-24,0.8490566037735849,0.5709332450933496,-4.771024187939792,False
V9_BREAK_20210625T145000Z_SHORT,V57_BREAK_SWING_H4ADX_HIGH,2021-06-25 14:50:00+00:00,2021,2021-06-25,0.81875,0.5858199229212138,-2.713382918161798,False
V9_BREAK_20210630T080000Z_SHORT,V57_BREAK_SWING_H4ADX_HIGH,2021-06-30 08:00:00+00:00,2021,2021-06-30,0.9814814814814815,0.6048431112558373,-3.993229166666667,False
V9_BREAK_20210630T123000Z_SHORT,V57_BREAK_SWING_H4ADX_HIGH,2021-06-30 12:30:00+00:00,2021,2021-06-30,0.8895705521472392,0.6047169141276628,-4.402055434144791,False
V7_20210701T112500Z_SHORT,V7_SWING_HEALTH,2021-07-01 11:25:00+00:00,2021,2021-07-01,0.7378048780487805,0.7953840144417859,-3.999305555555555,False
V7_20210707T082500Z_SHORT,V7_SWING_HEALTH,2021-07-07 08:25:00+00:00,2021,2021-07-07,0.12048192771084337,0.5506758491332212,-4.032118055555555,False
V7_20210722T130000Z_SHORT,V7_SWING_HEALTH,2021-07-22 13:00:00+00:00,2021,2021-07-22,0.3063583815028902,0.38962327025798016,-5.257825132739672,False
V7_20210803T093000Z_LONG,V7_SWING_HEALTH,2021-08-03 09:30:00+00:00,2021,2021-08-03,0.8171428571428572,0.3909426368912985,6.144618055555555,False
V9_BREAK_20210810T124500Z_SHORT,V57_BREAK_SWING_H4ADX_HIGH,2021-08-10 12:45:00+00:00,2021,2021-08-10,0.8409090909090909,0.6045156201881943,-4.183181378401151,False
V9_BREAK_20210811T073500Z_LONG,V57_BREAK_SWING_H4ADX_HIGH,2021-08-11 07:35:00+00:00,2021,2021-08-11,0.7457627118644068,0.6179572691077749,6.458159722222222,False
V7_20210811T093500Z_SHORT,V7_SWING_HEALTH,2021-08-11 09:35:00+00:00,2021,2021-08-11,0.6741573033707865,0.4789820283367513,-3.988368055555556,False
V9_BREAK_20210812T152500Z_LONG,V57_BREAK_SWING_H4ADX_HIGH,2021-08-12 15:25:00+00:00,2021,2021-08-12,0.1340782122905028,0.7700182962050044,7.661433215149934,False
V7_20210813T105500Z_SHORT,V7_SWING_HEALTH,2021-08-13 10:55:00+00:00,2021,2021-08-13,0.03888888888888889,0.4797707022593908,-4.006597222222222,True
V9_BREAK_20210813T123500Z_LONG,V57_BREAK_SWING_H4ADX_HIGH,2021-08-13 12:35:00+00:00,2021,2021-08-13,0.7679558011049724,0.9990904613347262,6.503125,False
V7_20210824T104500Z_SHORT,V7_SWING_HEALTH,2021-08-24 10:45:00+00:00,2021,2021-08-24,0.7759562841530054,0.4797707022593908,-4.004166666666667,False
V7_20210825T113500Z_LONG,V7_SWING_HEALTH,2021-08-25 11:35:00+00:00,2021,2021-08-25,0.4756756756756757,0.4799872307666308,-4.006597222222222,False
V7_20210830T084500Z_SHORT,V7_SWING_HEALTH,2021-08-30 08:45:00+00:00,2021,2021-08-30,0.7354497354497355,0.3346531903960873,1.7125972222223078,False
V7_20210831T090000Z_LONG,V7_SWING_HEALTH,2021-08-31 09:00:00+00:00,2021,2021-08-31,0.1736842105263158,0.39115625664587744,-4.027256944444445,False
V7_20210908T122500Z_SHORT,V7_SWING_HEALTH,2021-09-08 12:25:00+00:00,2021,2021-09-08,0.4153846153846154,0.3402286503070261,6.505555555555556,False
V7_20210913T122500Z_SHORT,V7_SWING_HEALTH,2021-09-13 12:25:00+00:00,2021,2021-09-13,0.9086294416243654,0.49000434234786294,-3.992013888888889,False
V7_20210915T081000Z_SHORT,V7_SWING_HEALTH,2021-09-15 08:10:00+00:00,2021,2021-09-15,0.542713567839196,0.43044789562180813,-4.036979166666667,False
V9_BREAK_20210921T122500Z_LONG,V57_BREAK_SWING_H4ADX_HIGH,2021-09-21 12:25:00+00:00,2021,2021-09-21,1.0,0.9337642155563788,6.955272101222418,False
V7_20211013T125500Z_LONG,V7_SWING_HEALTH,2021-10-13 12:55:00+00:00,2021,2021-10-13,0.7952380952380952,0.4303296111945075,10.563934579015566,False
V7_20211014T081000Z_SHORT,V7_SWING_HEALTH,2021-10-14 08:10:00+00:00,2021,2021-10-14,0.7819905213270142,0.6621440509131056,-3.993229166666667,False
V7_20211022T091000Z_LONG,V7_SWING_HEALTH,2021-10-22 09:10:00+00:00,2021,2021-10-22,0.9590909090909091,0.6619629959420693,6.476388888888889,False
V7_20211101T055500Z_SHORT,V7_SWING_HEALTH,2021-11-01 05:55:00+00:00,2021,2021-11-01,0.21524663677130046,0.847402846730062,-4.069791666666666,False
V7_20211101T123500Z_SHORT,V7_SWING_HEALTH,2021-11-01 12:35:00+00:00,2021,2021-11-01,0.8303571428571429,0.8459849087542056,-3.994444444444445,False
V7_20211103T040000Z_SHORT,V7_SWING_HEALTH,2021-11-03 04:00:00+00:00,2021,2021-11-03,0.2088888888888889,0.740764437601524,6.3973958333333325,False
V7_20211104T092000Z_SHORT,V7_SWING_HEALTH,2021-11-04 09:20:00+00:00,2021,2021-11-04,0.6061946902654868,0.7393757297214951,-3.996875,False
V7_20211104T143500Z_SHORT,V7_SWING_HEALTH,2021-11-04 14:35:00+00:00,2021,2021-11-04,0.2511013215859031,0.6587880715962156,8.868841196963666,False
V7_20211109T091000Z_SHORT,V7_SWING_HEALTH,2021-11-09 09:10:00+00:00,2021,2021-11-09,0.2543859649122807,0.8739743573183496,-4.012673611111111,False
V7_20211109T140500Z_SHORT,V7_SWING_HEALTH,2021-11-09 14:05:00+00:00,2021,2021-11-09,0.13973799126637554,0.8737556187651094,2.142372469322483,False
V7_20211112T083500Z_LONG,V7_SWING_HEALTH,2021-11-12 08:35:00+00:00,2021,2021-11-12,0.728448275862069,0.9884869457022832,-3.979861111111111,False
V7_20211117T090000Z_SHORT,V7_SWING_HEALTH,2021-11-17 09:00:00+00:00,2021,2021-11-17,0.18220338983050846,0.8187304535452263,-4.019965277777778,False
V7_20211119T083000Z_LONG,V7_SWING_HEALTH,2021-11-19 08:30:00+00:00,2021,2021-11-19,0.702928870292887,0.8182343474363452,-1.497506944444341,False
V7_20211126T090000Z_LONG,V7_SWING_HEALTH,2021-11-26 09:00:00+00:00,2021,2021-11-26,0.7591836734693878,0.8595536614644602,10.57897477570918,False
V7_20211230T081500Z_SHORT,V7_SWING_HEALTH,2021-12-30 08:15:00+00:00,2021,2021-12-30,0.16117216117216118,0.9381559374622672,-4.021180555555556,False
V7_20211230T130500Z_SHORT,V7_SWING_HEALTH,2021-12-30 13:05:00+00:00,2021,2021-12-30,0.572992700729927,0.9379813534974125,-3.996875,False
V7_20220704T082000Z_LONG,V7_SWING_HEALTH,2022-07-04 08:20:00+00:00,2022,2022-07-04,0.4721311475409836,0.8194674786650153,-3.996875,False
V7_20220713T095500Z_SHORT,V7_SWING_HEALTH,2022-07-13 09:55:00+00:00,2022,2022-07-13,0.46006389776357826,0.8191871033068326,-3.994444444444445,False
V7_20220718T122000Z_LONG,V7_SWING_HEALTH,2022-07-18 12:20:00+00:00,2022,2022-07-18,0.83125,0.8194674786650155,1.7024652777778044,False
V9_BREAK_20220802T132500Z_SHORT,V57_BREAK_SWING_H4ADX_HIGH,2022-08-02 13:25:00+00:00,2022,2022-08-02,0.08868501529051988,0.8123660373894055,-6.327940880607618,True
V9_BREAK_20221115T123500Z_LONG,V57_BREAK_SWING_H4ADX_HIGH,2022-11-15 12:35:00+00:00,2022,2022-11-15,0.6373937677053825,0.8123660373894055,6.510416666666667,False
V9_BREAK_20221115T133500Z_SHORT,V57_BREAK_SWING_H4ADX_HIGH,2022-11-15 13:35:00+00:00,2022,2022-11-15,0.9491525423728814,0.8122501636138597,9.248519956134514,False
V9_BREAK_20221116T065500Z_LONG,V57_BREAK_SWING_H4ADX_HIGH,2022-11-16 06:55:00+00:00,2022,2022-11-16,0.4169014084507042,0.8563028209490738,6.4921875,False
V9_BREAK_20221116T134000Z_SHORT,V57_BREAK_SWING_H4ADX_HIGH,2022-11-16 13:40:00+00:00,2022,2022-11-16,0.6039325842696629,0.9212305118818671,2.0890931237268013,False
V9_BREAK_20221117T120500Z_SHORT,V57_BREAK_SWING_H4ADX_HIGH,2022-11-17 12:05:00+00:00,2022,2022-11-17,0.16246498599439776,0.8510859808350792,6.509201388888889,False
V9_BREAK_20221121T140500Z_SHORT,V57_BREAK_SWING_H4ADX_HIGH,2022-11-21 14:05:00+00:00,2022,2022-11-21,0.8635097493036211,0.9589121011191857,-3.9786458333333337,False
V7_20221228T091500Z_LONG,V7_SWING_HEALTH,2022-12-28 09:15:00+00:00,2022,2022-12-28,0.6330049261083743,0.9288273727212988,6.443576388888888,False
V9_BREAK_20230104T123000Z_LONG,V57_BREAK_SWING_H4ADX_HIGH,2023-01-04 12:30:00+00:00,2023,2023-01-04,0.7529691211401425,0.9885964074562831,6.504340277777778,False
V7_20230111T111500Z_SHORT,V7_SWING_HEALTH,2023-01-11 11:15:00+00:00,2023,2023-01-11,0.30114942528735633,0.8657798013125751,6.509201388888889,False
V7_20230111T124500Z_LONG,V7_SWING_HEALTH,2023-01-11 12:45:00+00:00,2023,2023-01-11,0.6972477064220184,0.8706461303498993,-4.0029513888888895,False
V7_20230112T151500Z_LONG,V7_SWING_HEALTH,2023-01-12 15:15:00+00:00,2023,2023-01-12,0.562929061784897,0.8708437485363463,17.03897834398125,False
2023-01-19 10:00:00|LONG|r1_h1_pullback_long_v1,R1_PULLBACK,2023-01-19 10:00:00+00:00,2023,2023-01-19,0.4026548672566372,0.9214553534231397,6.7,False
2023-01-19 13:00:00|LONG|r1_h1_pullback_long_v1,R1_PULLBACK,2023-01-19 13:00:00+00:00,2023,2023-01-19,0.33774834437086093,0.9214553534231397,13.83,False
V7_20230412T081500Z_LONG,V7_SWING_HEALTH,2023-04-12 08:15:00+00:00,2023,2023-04-12,0.5,0.9109249596760844,-4.0078125,False
V7_20230421T122500Z_LONG,V7_SWING_HEALTH,2023-04-21 12:25:00+00:00,2023,2023-04-21,0.11517367458866545,0.7297608282621173,7.210956676876681,False
V7_20230426T093000Z_SHORT,V7_SWING_HEALTH,2023-04-26 09:30:00+00:00,2023,2023-04-26,0.2916666666666667,0.7422401206093587,6.4921875,False
V7_20230426T115000Z_LONG,V7_SWING_HEALTH,2023-04-26 11:50:00+00:00,2023,2023-04-26,0.40867992766726946,0.9257543254344558,7.450408803424424,False
V7_20230508T083000Z_LONG,V7_SWING_HEALTH,2023-05-08 08:30:00+00:00,2023,2023-05-08,0.7791519434628975,0.9420111603673247,-4.050347222222222,False
2023-05-09 13:45:00|LONG|r1_h1_pullback_long_v1,R1_PULLBACK,2023-05-09 13:45:00+00:00,2023,2023-05-09,0.5837742504409171,0.8924433912585558,9.89,False
2023-05-09 14:00:00|LONG|r1_h1_pullback_long_v1,R1_PULLBACK,2023-05-09 14:00:00+00:00,2023,2023-05-09,0.3045774647887324,0.8924433912585558,15.69,False
V7_20230516T120500Z_LONG,V7_SWING_HEALTH,2023-05-16 12:05:00+00:00,2023,2023-05-16,0.743006993006993,0.7567542518158842,-3.9786458333333337,False
V7_20230522T122500Z_LONG,V7_SWING_HEALTH,2023-05-22 12:25:00+00:00,2023,2023-05-22,0.7006920415224913,0.7571504531624313,-3.990798611111111,False
V7_20230523T102000Z_LONG,V7_SWING_HEALTH,2023-05-23 10:20:00+00:00,2023,2023-05-23,0.7098445595854922,0.5975656065672289,1.66546527777777,False
V7_20230524T094500Z_SHORT,V7_SWING_HEALTH,2023-05-24 09:45:00+00:00,2023,2023-05-24,0.5490533562822719,0.6717195515916559,-4.000520833333333,False
V7_20230525T090500Z_SHORT,V7_SWING_HEALTH,2023-05-25 09:05:00+00:00,2023,2023-05-25,0.3865979381443299,0.6009791638911639,6.473958333333333,False
V7_20230529T084500Z_LONG,V7_SWING_HEALTH,2023-05-29 08:45:00+00:00,2023,2023-05-29,0.4537671232876712,0.7604916576794245,-4.198611111111111,False
V7_20230614T095000Z_SHORT,V7_SWING_HEALTH,2023-06-14 09:50:00+00:00,2023,2023-06-14,0.676320272572402,0.7975068886963681,-4.016319444444445,False
V7_20230629T084500Z_SHORT,V7_SWING_HEALTH,2023-06-29 08:45:00+00:00,2023,2023-06-29,0.21885521885521886,0.7975434481077129,-4.009027777777778,False
V7_20230703T083000Z_LONG,V7_SWING_HEALTH,2023-07-03 08:30:00+00:00,2023,2023-07-03,0.6716917922948074,0.8080551058812084,6.461805555555555,False
V7_20230711T084000Z_SHORT,V7_SWING_HEALTH,2023-07-11 08:40:00+00:00,2023,2023-07-11,0.25752508361204013,0.8075441962806283,1.5881458333334502,False
V7_20230712T114500Z_SHORT,V7_SWING_HEALTH,2023-07-12 11:45:00+00:00,2023,2023-07-12,0.27879799666110183,0.9069301550034731,-3.987152777777778,False
V7_20230714T081000Z_SHORT,V7_SWING_HEALTH,2023-07-14 08:10:00+00:00,2023,2023-07-14,0.87,0.9071581838971925,-4.034548611111111,False
V7_20230724T091000Z_LONG,V7_SWING_HEALTH,2023-07-24 09:10:00+00:00,2023,2023-07-24,0.39403973509933776,0.9066566716068882,-4.0515625,False
V7_20230727T095500Z_LONG,V7_SWING_HEALTH,2023-07-27 09:55:00+00:00,2023,2023-07-27,0.5445544554455446,0.6989921268365574,-4.013888888888889,False
2023-07-27 10:15:00|LONG|r1_h1_pullback_long_v1,R1_PULLBACK,2023-07-27 10:15:00+00:00,2023,2023-07-27,0.6079077429983526,0.9644805571677323,-3.81,False
2023-07-27 11:15:00|LONG|r1_h1_pullback_long_v1,R1_PULLBACK,2023-07-27 11:15:00+00:00,2023,2023-07-27,0.7450657894736842,0.9644805571677323,-4.14,False
2023-07-27 11:45:00|LONG|r1_h1_pullback_long_v1,R1_PULLBACK,2023-07-27 11:45:00+00:00,2023,2023-07-27,0.7586206896551724,0.9644805571677323,-3.8,False
2023-07-27 12:00:00|LONG|r1_h1_pullback_long_v1,R1_PULLBACK,2023-07-27 12:00:00+00:00,2023,2023-07-27,0.23278688524590163,0.9644805571677323,-4.78,False
V7_20230728T082000Z_LONG,V7_SWING_HEALTH,2023-07-28 08:20:00+00:00,2023,2023-07-28,0.9362745098039216,0.5342150916983488,6.480034722222222,False
V7_20230803T081000Z_SHORT,V7_SWING_HEALTH,2023-08-03 08:10:00+00:00,2023,2023-08-03,0.13495934959349593,0.5170180924631181,0.1405902777777505,False
V7_20230807T084500Z_LONG,V7_SWING_HEALTH,2023-08-07 08:45:00+00:00,2023,2023-08-07,0.640194489465154,0.5591131551927149,-4.052777777777778,False
V7_20230816T123500Z_LONG,V7_SWING_HEALTH,2023-08-16 12:35:00+00:00,2023,2023-08-16,0.6235864297253635,0.5596230967579442,-3.979861111111111,False
V7_20230906T080500Z_LONG,V7_SWING_HEALTH,2023-09-06 08:05:00+00:00,2023,2023-09-06,0.9441786283891547,0.4047042008834251,-4.0625,False
V7_20230907T084500Z_SHORT,V7_SWING_HEALTH,2023-09-07 08:45:00+00:00,2023,2023-09-07,0.5428571428571428,0.40424223963669725,-4.010243055555556,False
V7_20230908T082500Z_LONG,V7_SWING_HEALTH,2023-09-08 08:25:00+00:00,2023,2023-09-08,0.4643423137876387,0.40452975189817436,-4.041840277777778,False
V7_20230911T082000Z_LONG,V7_SWING_HEALTH,2023-09-11 08:20:00+00:00,2023,2023-09-11,0.5126582278481012,0.40407688759034427,-4.066145833333334,False
V7_20230913T085500Z_SHORT,V7_SWING_HEALTH,2023-09-13 08:55:00+00:00,2023,2023-09-13,0.5599369085173501,0.40353825740822785,1.6669444444444803,False
V7_20230914T125500Z_LONG,V7_SWING_HEALTH,2023-09-14 12:55:00+00:00,2023,2023-09-14,0.7028301886792453,0.4035644257703103,-4.25907722760637,False
V7_20230919T094500Z_SHORT,V7_SWING_HEALTH,2023-09-19 09:45:00+00:00,2023,2023-09-19,0.9640625,0.4017268486721177,1.7396666666667144,False
V7_20230926T084500Z_SHORT,V7_SWING_HEALTH,2023-09-26 08:45:00+00:00,2023,2023-09-26,0.6780715396578538,0.31835250639256124,6.467881944444445,False
2023-10-31 09:45:00|LONG|r1_h1_pullback_long_v1,R1_PULLBACK,2023-10-31 09:45:00+00:00,2023,2023-10-31,0.6983655274888558,0.92481718464351,-3.8,False
2023-10-31 10:00:00|LONG|r1_h1_pullback_long_v1,R1_PULLBACK,2023-10-31 10:00:00+00:00,2023,2023-10-31,0.7418397626112759,0.92481718464351,-4.26,False
2023-10-31 13:00:00|LONG|r1_h1_pullback_long_v1,R1_PULLBACK,2023-10-31 13:00:00+00:00,2023,2023-10-31,0.5407407407407407,0.9300241296104791,-8.88,False
2023-10-31 13:15:00|LONG|r1_h1_pullback_long_v1,R1_PULLBACK,2023-10-31 13:15:00+00:00,2023,2023-10-31,0.23964497041420119,0.9300241296104791,-11.94,False
2023-11-03 14:00:00|LONG|r1_h1_pullback_long_v1,R1_PULLBACK,2023-11-03 14:00:00+00:00,2023,2023-11-03,0.556047197640118,0.5718127028280019,-8.46,False
2023-11-27 14:30:00|LONG|r1_h1_pullback_long_v1,R1_PULLBACK,2023-11-27 14:30:00+00:00,2023,2023-11-27,0.03012912482065997,0.44175049436849795,-5.819999999999999,True
2023-11-28 09:00:00|LONG|r1_h1_pullback_long_v1,R1_PULLBACK,2023-11-28 09:00:00+00:00,2023,2023-11-28,0.1489971346704871,0.44175049436849795,-3.81,False
2023-11-28 10:00:00|LONG|r1_h1_pullback_long_v1,R1_PULLBACK,2023-11-28 10:00:00+00:00,2023,2023-11-28,0.30472103004291845,0.44175049436849795,6.72,False
2023-11-28 10:15:00|LONG|r1_h1_pullback_long_v1,R1_PULLBACK,2023-11-28 10:15:00+00:00,2023,2023-11-28,0.2914285714285714,0.44175049436849795,-3.8,False
2023-11-29 11:00:00|LONG|r1_h1_pullback_long_v1,R1_PULLBACK,2023-11-29 11:00:00+00:00,2023,2023-11-29,0.5106685633001422,0.269076974341886,1.8300000000000816,False
2023-11-29 11:45:00|LONG|r1_h1_pullback_long_v1,R1_PULLBACK,2023-11-29 11:45:00+00:00,2023,2023-11-29,0.09943181818181818,0.269076974341886,-3.81,True
2023-11-29 12:30:00|LONG|r1_h1_pullback_long_v1,R1_PULLBACK,2023-11-29 12:30:00+00:00,2023,2023-11-29,0.1375886524822695,0.269076974341886,-3.81,False
V9_BREAK_20231129T124000Z_SHORT,V57_BREAK_SWING_H4ADX_HIGH,2023-11-29 12:40:00+00:00,2023,2023-11-29,0.12606232294617564,0.8395767146498868,-4.004166666666667,False
V7_20231130T125500Z_SHORT,V7_SWING_HEALTH,2023-11-30 12:55:00+00:00,2023,2023-11-30,0.38189533239038187,0.4667698960657494,-3.981076388888889,False
V7_20231130T152500Z_LONG,V7_SWING_HEALTH,2023-11-30 15:25:00+00:00,2023,2023-11-30,0.6468926553672316,0.46708294060608685,10.137195117675262,False
V9_BREAK_20231201T135000Z_LONG,V57_BREAK_SWING_H4ADX_HIGH,2023-12-01 13:50:00+00:00,2023,2023-12-01,0.29014084507042254,0.8413483243443297,6.5067708333333325,False
V7_20231212T133500Z_SHORT,V7_SWING_HEALTH,2023-12-12 13:35:00+00:00,2023,2023-12-12,0.3899018232819074,0.7144990248944172,8.60418304336365,False
V7_20231218T104500Z_LONG,V7_SWING_HEALTH,2023-12-18 10:45:00+00:00,2023,2023-12-18,0.8368200836820083,0.7586347422508467,1.7217013888890706,False
2023-12-19 10:00:00|LONG|r1_h1_pullback_long_v1,R1_PULLBACK,2023-12-19 10:00:00+00:00,2023,2023-12-19,0.5278551532033426,0.3195692883895139,6.7,False
2023-12-19 10:15:00|LONG|r1_h1_pullback_long_v1,R1_PULLBACK,2023-12-19 10:15:00+00:00,2023,2023-12-19,0.6536856745479833,0.3195692883895139,6.7,False
2023-12-19 11:15:00|LONG|r1_h1_pullback_long_v1,R1_PULLBACK,2023-12-19 11:15:00+00:00,2023,2023-12-19,0.22361111111111112,0.3195692883895139,9.32,False
2023-12-19 12:00:00|LONG|r1_h1_pullback_long_v1,R1_PULLBACK,2023-12-19 12:00:00+00:00,2023,2023-12-19,0.2635228848821082,0.3195692883895139,7.66,False
2023-12-19 12:15:00|LONG|r1_h1_pullback_long_v1,R1_PULLBACK,2023-12-19 12:15:00+00:00,2023,2023-12-19,0.4806094182825485,0.3195692883895139,9.91,False
2023-12-19 13:15:00|LONG|r1_h1_pullback_long_v1,R1_PULLBACK,2023-12-19 13:15:00+00:00,2023,2023-12-19,0.10511756569847856,0.3195692883895139,9.61,False
V7_20231219T162000Z_SHORT,V7_SWING_HEALTH,2023-12-19 16:20:00+00:00,2023,2023-12-19,1.0,0.7613861575756102,7.729384719207576,False
2023-12-21 12:45:00|LONG|r1_h1_pullback_long_v1,R1_PULLBACK,2023-12-21 12:45:00+00:00,2023,2023-12-21,0.12087912087912088,0.8952366365446484,22.47,False
2023-12-21 14:30:00|LONG|r1_h1_pullback_long_v1,R1_PULLBACK,2023-12-21 14:30:00+00:00,2023,2023-12-21,0.24828532235939643,0.8952366365446484,10.1,False
V9_BREAK_20240521T020000Z_SHORT,V57_BREAK_SWING_H4ADX_HIGH,2024-05-21 02:00:00+00:00,2024,2024-05-21,0.2942528735632184,0.921103072966964,11.94776352538574,False
V9_BREAK_20240521T073500Z_LONG,V57_BREAK_SWING_H4ADX_HIGH,2024-05-21 07:35:00+00:00,2024,2024-05-21,0.2663605051664753,0.9783303984039893,-5.585983640201792,False
V9_BREAK_20240522T025000Z_SHORT,V57_BREAK_SWING_H4ADX_HIGH,2024-05-22 02:50:00+00:00,2024,2024-05-22,0.7591743119266054,0.7981362658963049,1.7563420733187085,False
V9_BREAK_20240524T012000Z_LONG,V57_BREAK_SWING_H4ADX_HIGH,2024-05-24 01:20:00+00:00,2024,2024-05-24,0.6242840778923253,0.685894861337887,-4.146315900484686,False
V9_BREAK_20240524T023000Z_SHORT,V57_BREAK_SWING_H4ADX_HIGH,2024-05-24 02:30:00+00:00,2024,2024-05-24,0.2402745995423341,0.636164004409602,-5.301488670459412,False
V9_BREAK_20240527T132000Z_LONG,V57_BREAK_SWING_H4ADX_HIGH,2024-05-27 13:20:00+00:00,2024,2024-05-27,0.9371428571428572,0.5060633570309185,1.9894083575885944,False
V9_BREAK_20240705T134500Z_LONG,V57_BREAK_SWING_H4ADX_HIGH,2024-07-05 13:45:00+00:00,2024,2024-07-05,0.8270509977827051,0.5366849976768717,-9.904357360961257,False
V9_BREAK_20240708T084000Z_SHORT,V57_BREAK_SWING_H4ADX_HIGH,2024-07-08 08:40:00+00:00,2024,2024-07-08,0.8460686600221484,0.49752000990825257,-4.0296875,False
V9_BREAK_20240708T140500Z_LONG,V57_BREAK_SWING_H4ADX_HIGH,2024-07-08 14:05:00+00:00,2024,2024-07-08,0.22234513274336284,0.49719260067392734,-5.974949953092223,False
2024-07-12 09:00:00|LONG|r1_h1_pullback_long_v1,R1_PULLBACK,2024-07-12 09:00:00+00:00,2024,2024-07-12,0.17420066152149946,0.8647757255936673,-7.399999999999999,False
V9_BREAK_20240716T175000Z_LONG,V57_BREAK_SWING_H4ADX_HIGH,2024-07-16 17:50:00+00:00,2024,2024-07-16,0.3475409836065574,0.3885009988360277,8.568029979942368,False
V9_BREAK_20240717T012500Z_LONG,V57_BREAK_SWING_H4ADX_HIGH,2024-07-17 01:25:00+00:00,2024,2024-07-17,0.13537117903930132,0.5242022374286363,2.2824010554558605,False
V9_BREAK_20240717T024000Z_SHORT,V57_BREAK_SWING_H4ADX_HIGH,2024-07-17 02:40:00+00:00,2024,2024-07-17,0.08178844056706652,0.589210073270857,2.239435469830348,True
V9_BREAK_20240718T023500Z_LONG,V57_BREAK_SWING_H4ADX_HIGH,2024-07-18 02:35:00+00:00,2024,2024-07-18,0.4652173913043478,0.589210073270857,6.5850754187812806,False
V9_BREAK_20240718T070500Z_LONG,V57_BREAK_SWING_H4ADX_HIGH,2024-07-18 07:05:00+00:00,2024,2024-07-18,0.09229098805646037,0.540193729016698,-4.417077028974225,True
V9_BREAK_20240719T053500Z_SHORT,V57_BREAK_SWING_H4ADX_HIGH,2024-07-19 05:35:00+00:00,2024,2024-07-19,0.4229934924078091,0.540193729016698,1.6362053661250269,False
V9_BREAK_20240719T093500Z_SHORT,V57_BREAK_SWING_H4ADX_HIGH,2024-07-19 09:35:00+00:00,2024,2024-07-19,0.6132177681473456,0.6004962952279603,8.300895205388237,False
V9_BREAK_20240722T012500Z_LONG,V57_BREAK_SWING_H4ADX_HIGH,2024-07-22 01:25:00+00:00,2024,2024-07-22,0.5616883116883117,0.7981242738674447,-4.119060372495137,False
V9_BREAK_20240722T060000Z_SHORT,V57_BREAK_SWING_H4ADX_HIGH,2024-07-22 06:00:00+00:00,2024,2024-07-22,0.32756756756756755,0.8101305046749939,-4.23549242627678,False
V9_BREAK_20240723T075500Z_LONG,V57_BREAK_SWING_H4ADX_HIGH,2024-07-23 07:55:00+00:00,2024,2024-07-23,0.8120950323974082,0.8300411005672048,8.315998194856885,False
V7_20240729T084500Z_LONG,V7_SWING_HEALTH,2024-07-29 08:45:00+00:00,2024,2024-07-29,0.5285252960172229,0.9743303530195091,-4.977693054368543,False
V7_20240729T130500Z_SHORT,V7_SWING_HEALTH,2024-07-29 13:05:00+00:00,2024,2024-07-29,0.5516129032258065,0.7600975081238125,7.452363484699683,False
V7_20240802T130500Z_SHORT,V7_SWING_HEALTH,2024-08-02 13:05:00+00:00,2024,2024-08-02,0.947481243301179,0.7785773975682668,-10.769992492484064,False
V7_20240807T095500Z_SHORT,V7_SWING_HEALTH,2024-08-07 09:55:00+00:00,2024,2024-08-07,0.3030949839914621,0.6891606941448039,-4.149486592659904,False
2024-09-12 09:00:00|LONG|r1_h1_pullback_long_v1,R1_PULLBACK,2024-09-12 09:00:00+00:00,2024,2024-09-12,0.5711318795430945,0.9530455128688939,-3.82,False
2024-09-12 09:15:00|LONG|r1_h1_pullback_long_v1,R1_PULLBACK,2024-09-12 09:15:00+00:00,2024,2024-09-12,0.6338174273858921,0.9530455128688939,-3.9,False
2024-09-12 10:00:00|LONG|r1_h1_pullback_long_v1,R1_PULLBACK,2024-09-12 10:00:00+00:00,2024,2024-09-12,0.8549222797927462,0.9530455128688939,-3.85,False
2024-09-12 10:15:00|LONG|r1_h1_pullback_long_v1,R1_PULLBACK,2024-09-12 10:15:00+00:00,2024,2024-09-12,0.922360248447205,0.9530455128688939,-4.55,False
2024-09-12 12:45:00|LONG|r1_h1_pullback_long_v1,R1_PULLBACK,2024-09-12 12:45:00+00:00,2024,2024-09-12,0.9141675284384695,0.23461409057263843,26.82,False
2024-09-16 09:30:00|LONG|r1_h1_pullback_long_v1,R1_PULLBACK,2024-09-16 09:30:00+00:00,2024,2024-09-16,0.8668730650154799,0.39501379449565793,-7.399999999999999,False
2024-09-16 12:00:00|LONG|r1_h1_pullback_long_v1,R1_PULLBACK,2024-09-16 12:00:00+00:00,2024,2024-09-16,0.8268041237113402,0.42195945945945745,-8.700000000000001,False
2024-09-16 13:00:00|LONG|r1_h1_pullback_long_v1,R1_PULLBACK,2024-09-16 13:00:00+00:00,2024,2024-09-16,0.7713697219361483,0.42195945945945745,-6.04,False
2024-09-16 13:15:00|LONG|r1_h1_pullback_long_v1,R1_PULLBACK,2024-09-16 13:15:00+00:00,2024,2024-09-16,0.6080246913580247,0.42195945945945745,-7.85,False
2024-09-16 14:00:00|LONG|r1_h1_pullback_long_v1,R1_PULLBACK,2024-09-16 14:00:00+00:00,2024,2024-09-16,0.8591983556012333,0.42195945945945745,-10.92,False
2024-09-18 13:00:00|LONG|r1_h1_pullback_long_v1,R1_PULLBACK,2024-09-18 13:00:00+00:00,2024,2024-09-18,0.7535934291581109,0.34665413272056145,-3.8,False
2024-09-23 10:00:00|LONG|r1_h1_pullback_long_v1,R1_PULLBACK,2024-09-23 10:00:00+00:00,2024,2024-09-23,0.9128205128205128,0.37903913506928455,13.7,False
2024-09-23 10:15:00|LONG|r1_h1_pullback_long_v1,R1_PULLBACK,2024-09-23 10:15:00+00:00,2024,2024-09-23,0.9682377049180327,0.37903913506928455,16.45,False
2024-09-23 12:45:00|LONG|r1_h1_pullback_long_v1,R1_PULLBACK,2024-09-23 12:45:00+00:00,2024,2024-09-23,0.4687819856704197,0.37903913506928455,8.989999999999998,False
2024-09-23 13:00:00|LONG|r1_h1_pullback_long_v1,R1_PULLBACK,2024-09-23 13:00:00+00:00,2024,2024-09-23,0.37116564417177916,0.37903913506928455,15.05,False
2024-09-23 13:15:00|LONG|r1_h1_pullback_long_v1,R1_PULLBACK,2024-09-23 13:15:00+00:00,2024,2024-09-23,0.4065372829417773,0.37903913506928455,19.27,False
2024-09-24 10:00:00|LONG|r1_h1_pullback_long_v1,R1_PULLBACK,2024-09-24 10:00:00+00:00,2024,2024-09-24,0.9897959183673469,0.8827856646480674,-5.44,False
2024-09-24 10:30:00|LONG|r1_h1_pullback_long_v1,R1_PULLBACK,2024-09-24 10:30:00+00:00,2024,2024-09-24,0.3547400611620795,0.8827856646480674,-7.84,False
2024-09-24 13:00:00|LONG|r1_h1_pullback_long_v1,R1_PULLBACK,2024-09-24 13:00:00+00:00,2024,2024-09-24,0.49490835030549896,0.8434261286622858,21.0,False
2024-09-24 14:30:00|LONG|r1_h1_pullback_long_v1,R1_PULLBACK,2024-09-24 14:30:00+00:00,2024,2024-09-24,0.930824008138352,0.8434261286622858,17.45,False
V9_BREAK_20240926T061500Z_SHORT,V57_BREAK_SWING_H4ADX_HIGH,2024-09-26 06:15:00+00:00,2024,2024-09-26,0.6808080808080809,0.8461167939795959,-3.979861111111111,False
V9_BREAK_20240926T075000Z_LONG,V57_BREAK_SWING_H4ADX_HIGH,2024-09-26 07:50:00+00:00,2024,2024-09-26,0.4177598385469223,0.8708390015553241,6.487326388888889,False
V9_BREAK_20240927T073000Z_SHORT,V57_BREAK_SWING_H4ADX_HIGH,2024-09-27 07:30:00+00:00,2024,2024-09-27,0.3877139979859013,0.9569046346401839,-5.14102188864256,False
V9_BREAK_20240930T012500Z_SHORT,V57_BREAK_SWING_H4ADX_HIGH,2024-09-30 01:25:00+00:00,2024,2024-09-30,0.47484909456740443,0.9398966408229492,7.184801072258808,False
V7_20241001T094500Z_SHORT,V7_SWING_HEALTH,2024-10-01 09:45:00+00:00,2024,2024-10-01,0.8403614457831325,0.5352719532000256,-3.9859375,False
V7_20241002T080500Z_SHORT,V7_SWING_HEALTH,2024-10-02 08:05:00+00:00,2024,2024-10-02,0.3163163163163163,0.4083348631124086,6.541094213186357,False
V7_20241004T093500Z_LONG,V7_SWING_HEALTH,2024-10-04 09:35:00+00:00,2024,2024-10-04,0.842,0.4088455807581508,-4.018750000000001,False
V7_20241007T082500Z_SHORT,V7_SWING_HEALTH,2024-10-07 08:25:00+00:00,2024,2024-10-07,0.03788634097706879,0.40861652353488476,-4.839140796303192,True
V7_20241008T082500Z_LONG,V7_SWING_HEALTH,2024-10-08 08:25:00+00:00,2024,2024-10-08,0.6404382470119522,0.40861652353488476,10.53515802048564,False
V7_20241011T124000Z_SHORT,V7_SWING_HEALTH,2024-10-11 12:40:00+00:00,2024,2024-10-11,0.42204568023833167,0.6009991146714261,-5.409614844599524,False
V7_20241014T085500Z_LONG,V7_SWING_HEALTH,2024-10-14 08:55:00+00:00,2024,2024-10-14,0.871031746031746,0.5890379913515404,-3.987152777777778,False
V7_20241014T101000Z_LONG,V7_SWING_HEALTH,2024-10-14 10:10:00+00:00,2024,2024-10-14,0.24281466798810702,0.567379043823441,-3.987152777777778,False
V7_20241016T084000Z_SHORT,V7_SWING_HEALTH,2024-10-16 08:40:00+00:00,2024,2024-10-16,0.8646245059288538,0.44387901964052917,-3.981076388888889,False
V7_20241017T094000Z_LONG,V7_SWING_HEALTH,2024-10-17 09:40:00+00:00,2024,2024-10-17,0.4501480750246792,0.4466220522320186,6.512847222222222,False
V7_20241017T125500Z_LONG,V7_SWING_HEALTH,2024-10-17 12:55:00+00:00,2024,2024-10-17,0.6227897838899804,0.5745546588857016,10.14648332856999,False
V7_20241022T085000Z_SHORT,V7_SWING_HEALTH,2024-10-22 08:50:00+00:00,2024,2024-10-22,0.49319066147859925,0.7747951052064975,-4.114183879652545,False
V9_BREAK_20241023T074000Z_LONG,V57_BREAK_SWING_H4ADX_HIGH,2024-10-23 07:40:00+00:00,2024,2024-10-23,0.633107454017425,0.9052319251581766,1.726048611110925,False
V9_BREAK_20241024T012000Z_LONG,V57_BREAK_SWING_H4ADX_HIGH,2024-10-24 01:20:00+00:00,2024,2024-10-24,0.172147001934236,0.9067895394552008,-3.989583333333333,False
V9_BREAK_20241024T075000Z_SHORT,V57_BREAK_SWING_H4ADX_HIGH,2024-10-24 07:50:00+00:00,2024,2024-10-24,0.0647342995169082,0.7135240672209707,-4.121659523873351,True
V7_20241029T031000Z_LONG,V7_SWING_HEALTH,2024-10-29 03:10:00+00:00,2024,2024-10-29,0.14946962391513982,0.6214055801959153,-4.298846107800144,False
V7_20241029T093500Z_SHORT,V7_SWING_HEALTH,2024-10-29 09:35:00+00:00,2024,2024-10-29,0.6907514450867052,0.5863414932998702,-4.177480514046084,False
V7_20241101T130500Z_SHORT,V7_SWING_HEALTH,2024-11-01 13:05:00+00:00,2024,2024-11-01,0.49334600760456276,0.585130656523252,13.486246184894062,False
V7_20241104T052500Z_SHORT,V7_SWING_HEALTH,2024-11-04 05:25:00+00:00,2024,2024-11-04,0.7466793168880456,0.8239767799251837,6.486111111111111,False
V7_20241104T082500Z_LONG,V7_SWING_HEALTH,2024-11-04 08:25:00+00:00,2024,2024-11-04,0.6625592417061611,0.9814374698878319,-4.144791820153668,False
V7_20241106T103000Z_SHORT,V7_SWING_HEALTH,2024-11-06 10:30:00+00:00,2024,2024-11-06,0.17897727272727273,0.9864221633244825,14.772582569445182,False
V9_BREAK_20241108T125000Z_LONG,V57_BREAK_SWING_H4ADX_HIGH,2024-11-08 12:50:00+00:00,2024,2024-11-08,0.45179584120982985,0.7135240672209707,7.989650981733886,False
V9_BREAK_20241112T050500Z_SHORT,V57_BREAK_SWING_H4ADX_HIGH,2024-11-12 05:05:00+00:00,2024,2024-11-12,0.8963242224316682,0.9034214434621959,6.517708333333333,False
V9_BREAK_20241113T002000Z_LONG,V57_BREAK_SWING_H4ADX_HIGH,2024-11-13 00:20:00+00:00,2024,2024-11-13,0.3073308270676692,0.9648335702957583,6.510416666666667,False
V9_BREAK_20241114T000500Z_SHORT,V57_BREAK_SWING_H4ADX_HIGH,2024-11-14 00:05:00+00:00,2024,2024-11-14,0.45121951219512196,0.9304193499630777,10.488250387319786,False
2025-02-03 10:45:00|LONG|r1_h1_pullback_long_v1,R1_PULLBACK,2025-02-03 10:45:00+00:00,2025,2025-02-03,0.6557659208261618,0.8386922938746239,15.82,False
2025-02-03 11:00:00|LONG|r1_h1_pullback_long_v1,R1_PULLBACK,2025-02-03 11:00:00+00:00,2025,2025-02-03,0.641444539982803,0.8386922938746239,17.83,False
2025-02-04 10:30:00|LONG|r1_h1_pullback_long_v1,R1_PULLBACK,2025-02-04 10:30:00+00:00,2025,2025-02-04,0.9974226804123711,0.7015448176755907,6.74,False
2025-02-04 11:15:00|LONG|r1_h1_pullback_long_v1,R1_PULLBACK,2025-02-04 11:15:00+00:00,2025,2025-02-04,0.8180257510729614,0.7015448176755907,8.19,False
2025-02-04 11:30:00|LONG|r1_h1_pullback_long_v1,R1_PULLBACK,2025-02-04 11:30:00+00:00,2025,2025-02-04,0.7924528301886793,0.7015448176755907,13.14,False
V7_20250610T082500Z_SHORT,V7_SWING_HEALTH,2025-06-10 08:25:00+00:00,2025,2025-06-10,0.7584355828220859,0.7687229810255863,-7.709271461124238,False
V7_20250616T111000Z_SHORT,V7_SWING_HEALTH,2025-06-16 11:10:00+00:00,2025,2025-06-16,0.856159143075746,0.750886872756399,2.8661238192938754,False
V7_20250620T130500Z_LONG,V7_SWING_HEALTH,2025-06-20 13:05:00+00:00,2025,2025-06-20,0.7035905271199389,0.8861598401762408,13.079402535858598,False
V7_20250626T093000Z_LONG,V7_SWING_HEALTH,2025-06-26 09:30:00+00:00,2025,2025-06-26,0.7969581749049429,0.8784813966255738,-5.305658790430066,False
V7_20250704T073500Z_LONG,V7_SWING_HEALTH,2025-07-04 07:35:00+00:00,2025,2025-07-04,0.014328808446455505,0.8733288666257494,-4.887974933236372,True
V7_20250710T091000Z_SHORT,V7_SWING_HEALTH,2025-07-10 09:10:00+00:00,2025,2025-07-10,0.18304576144036008,0.8733288666257494,7.744723750837397,False
V7_20250811T092500Z_LONG,V7_SWING_HEALTH,2025-08-11 09:25:00+00:00,2025,2025-08-11,0.5389705882352941,0.9433260626232237,-7.545713421108808,False
V9_BREAK_20250916T010000Z_LONG,V57_BREAK_SWING_H4ADX_HIGH,2025-09-16 01:00:00+00:00,2025,2025-09-16,0.6399147727272727,0.9516371326804888,-4.728565405431127,False
V9_BREAK_20250916T012000Z_SHORT,V57_BREAK_SWING_H4ADX_HIGH,2025-09-16 01:20:00+00:00,2025,2025-09-16,0.2207239176721079,0.9886300194496669,-6.062826456606985,False
V9_BREAK_20250917T025000Z_LONG,V57_BREAK_SWING_H4ADX_HIGH,2025-09-17 02:50:00+00:00,2025,2025-09-17,0.5705173635719348,0.9840239498879606,-6.746187506034548,False
V9_BREAK_20250917T072000Z_SHORT,V57_BREAK_SWING_H4ADX_HIGH,2025-09-17 07:20:00+00:00,2025,2025-09-17,0.31586402266288954,0.7966384295183595,-7.079970099994214,False
V9_BREAK_20250918T012000Z_SHORT,V57_BREAK_SWING_H4ADX_HIGH,2025-09-18 01:20:00+00:00,2025,2025-09-18,0.7133757961783439,0.7958391572051342,-9.29201985770206,False
V9_BREAK_20250918T055500Z_SHORT,V57_BREAK_SWING_H4ADX_HIGH,2025-09-18 05:55:00+00:00,2025,2025-09-18,0.7305516265912305,0.5668526752683808,10.084136116055562,False
V7_20250919T093000Z_SHORT,V7_SWING_HEALTH,2025-09-19 09:30:00+00:00,2025,2025-09-19,0.4282685512367491,0.761469738264453,8.248343344744402,False
V9_BREAK_20250922T160500Z_LONG,V57_BREAK_SWING_H4ADX_HIGH,2025-09-22 16:05:00+00:00,2025,2025-09-22,0.9830508474576272,0.48714389203105757,12.631966875793774,False
V9_BREAK_20250923T035000Z_LONG,V57_BREAK_SWING_H4ADX_HIGH,2025-09-23 03:50:00+00:00,2025,2025-09-23,0.13196894848270996,0.6661623787203005,3.3163022225666072,False
V9_BREAK_20250923T083500Z_LONG,V57_BREAK_SWING_H4ADX_HIGH,2025-09-23 08:35:00+00:00,2025,2025-09-23,0.13469675599435826,0.7517726180095006,12.126322250761357,False
V9_BREAK_20250924T000500Z_SHORT,V57_BREAK_SWING_H4ADX_HIGH,2025-09-24 00:05:00+00:00,2025,2025-09-24,0.09795630725863284,0.9817135707692763,-5.680395270063707,True
V9_BREAK_20250924T011000Z_LONG,V57_BREAK_SWING_H4ADX_HIGH,2025-09-24 01:10:00+00:00,2025,2025-09-24,0.03943661971830986,0.9817135707692763,-6.53165427614743,True
V9_BREAK_20250925T001500Z_LONG,V57_BREAK_SWING_H4ADX_HIGH,2025-09-25 00:15:00+00:00,2025,2025-09-25,0.7442023893183415,0.9817135707692763,-5.591076961415099,False
V9_BREAK_20251002T012500Z_LONG,V57_BREAK_SWING_H4ADX_HIGH,2025-10-02 01:25:00+00:00,2025,2025-10-02,0.6801112656467315,0.8035010792438532,12.586587201069994,False
V9_BREAK_20251002T112000Z_LONG,V57_BREAK_SWING_H4ADX_HIGH,2025-10-02 11:20:00+00:00,2025,2025-10-02,0.8033356497567755,0.9349330906871248,2.006275913699308,False
V7_20251031T081500Z_SHORT,V7_SWING_HEALTH,2025-10-31 08:15:00+00:00,2025,2025-10-31,0.4193103448275862,0.761475050739944,5.873033143725232,False
V7_20251104T081500Z_SHORT,V7_SWING_HEALTH,2025-11-04 08:15:00+00:00,2025,2025-11-04,0.6232782369146006,0.7268307047799468,19.82348241603016,False
V9_BREAK_20251117T185500Z_SHORT,V57_BREAK_SWING_H4ADX_HIGH,2025-11-17 18:55:00+00:00,2025,2025-11-17,0.18992511912865895,0.936853221693477,18.305070064966213,False
V9_BREAK_20251118T015500Z_SHORT,V57_BREAK_SWING_H4ADX_HIGH,2025-11-18 01:55:00+00:00,2025,2025-11-18,0.37755102040816324,0.9706688342219242,6.752074769591669,False
V9_BREAK_20251217T013500Z_LONG,V57_BREAK_SWING_H4ADX_HIGH,2025-12-17 01:35:00+00:00,2025,2025-12-17,0.88561872909699,0.9753719457825746,-7.208456066673353,False
V9_BREAK_20251218T005000Z_SHORT,V57_BREAK_SWING_H4ADX_HIGH,2025-12-18 00:50:00+00:00,2025,2025-12-18,0.7046666666666667,0.9637712602612493,12.022715854824993,False
V9_BREAK_20251222T000500Z_LONG,V57_BREAK_SWING_H4ADX_HIGH,2025-12-22 00:05:00+00:00,2025,2025-12-22,0.8611295681063122,0.8945057976419812,13.802725655535912,False
2026-01-13 13:00:00|LONG|r1_h1_pullback_long_v1,R1_PULLBACK,2026-01-13 13:00:00+00:00,2026,2026-01-13,0.745619727449708,0.997087077781221,33.52,False
2026-01-22 14:00:00|LONG|r1_h1_pullback_long_v1,R1_PULLBACK,2026-01-22 14:00:00+00:00,2026,2026-01-22,0.8545803971812941,0.8442321386185615,26.96,False
2026-01-22 14:30:00|LONG|r1_h1_pullback_long_v1,R1_PULLBACK,2026-01-22 14:30:00+00:00,2026,2026-01-22,0.6619718309859155,0.8442321386185615,41.330000000000005,False
V9_BREAK_20260127T004500Z_SHORT,V57_BREAK_SWING_H4ADX_HIGH,2026-01-27 00:45:00+00:00,2026,2026-01-27,0.9240587109125717,0.8712188665460789,-21.355944782208493,False
V9_BREAK_20260127T011500Z_LONG,V57_BREAK_SWING_H4ADX_HIGH,2026-01-27 01:15:00+00:00,2026,2026-01-27,0.9808673469387755,0.8372581086131313,49.29037404766525,False
V9_BREAK_20260626T022000Z_SHORT,V57_BREAK_SWING_H4ADX_HIGH,2026-06-26 02:20:00+00:00,2026,2026-06-26,0.19258373205741627,0.9745081344434756,24.138641862336264,False
