candidate_id,event_id,source_id,entry_time_utc,baseline_executed,causal_score,causal_rank,prior_source_executed_count,prior_health_window_count,prior_executed_profit_factor,would_veto,broker_outcome_resolved,broker_exit_time_utc,broker_pnl_usd,evidence_status,broker_execution,broker_exit_fills,refined_antichase_proposal,v2_baseline_path_proposal,combined_veto
57fd8f91589b5c0c118bbf3e,57fd8f91589b5c0c118bbf3e,R4_CHOP,2026-08-04T11:45:00Z,True,10.50508623767836,1.0,46,20,,False,True,2026-08-04T14:34:56.630000Z,6.398910823689585,INCOMPLETE_EXECUTED_HEALTH,"{'ticket': 5092168, 'broker_entry_time_utc': '2026-08-04T11:47:13.661000Z', 'direction': 'LONG', 'volume_lots': 0.01, 'entry_price': 4071.0, 'entry_cost_usd': 0.0}","[{'deal_ticket': 4691900, 'exit_time_utc': '2026-08-04T14:34:56.630000Z', 'volume_lots': 0.01, 'exit_price': 4077.4, 'pnl_usd': 6.398910823689585}]",False,False,False
017351ebb25effbf2bf83979,20260806T081500Z_LONG,V57_BREAK_SWING_H4ADX_HIGH,2026-08-06T08:15:00Z,True,0.7770942885519649,0.5233589591957422,53,20,0.8067850233045881,False,True,2026-08-06T11:45:54.596000Z,-11.433628318584072,RETAIN,"{'ticket': 5160738, 'broker_entry_time_utc': '2026-08-06T08:16:25.420000Z', 'direction': 'LONG', 'volume_lots': 0.01, 'entry_price': 4269.51, 'entry_cost_usd': 0.0}","[{'deal_ticket': 4742630, 'exit_time_utc': '2026-08-06T11:45:54.596000Z', 'volume_lots': 0.01, 'exit_price': 4258.08, 'pnl_usd': -11.433628318584072}]",False,False,False
3cecc5a1a6bf9480e1faedfc,20260806T125500Z_SHORT,V57_BREAK_SWING_H4ADX_HIGH,2026-08-06T12:55:00Z,True,0.6682509411366542,0.4899527186761229,54,20,0.8807074939077467,False,True,2026-08-06T13:21:00.750000Z,6.208304969366917,RETAIN,"{'ticket': 5167285, 'broker_entry_time_utc': '2026-08-06T12:55:43.897000Z', 'direction': 'SHORT', 'volume_lots': 0.01, 'entry_price': 4253.52, 'entry_cost_usd': 0.0}","[{'deal_ticket': 4745020, 'exit_time_utc': '2026-08-06T13:21:00.750000Z', 'volume_lots': 0.01, 'exit_price': 4247.31, 'pnl_usd': 6.208304969366917}]",False,False,False
0cf6e4dae119625927ba711d,20260807T002000Z_SHORT,V57_BREAK_SWING_H4ADX_HIGH,2026-08-07T00:20:00Z,True,1.0075596801512836,0.574719432959244,55,20,0.92985643807645,False,True,2026-08-07T01:00:26.454000Z,3.21851599727706,RETAIN,"{'ticket': 5183337, 'broker_entry_time_utc': '2026-08-07T00:20:42.333000Z', 'direction': 'SHORT', 'volume_lots': 0.01, 'entry_price': 4242.77, 'entry_cost_usd': 0.0}","[{'deal_ticket': 4758310, 'exit_time_utc': '2026-08-07T01:00:26.454000Z', 'volume_lots': 0.01, 'exit_price': 4239.55, 'pnl_usd': 3.2185159972770596}]",False,False,False
2f78518e98f03ba1271bddec,20260807T014500Z_LONG,V57_BREAK_SWING_H4ADX_HIGH,2026-08-07T01:45:00Z,True,0.9874995562042088,0.5714285714285714,56,20,0.8977148544295762,False,True,2026-08-07T06:04:35.586000Z,25.26072157930565,RETAIN,"{'ticket': 5185151, 'broker_entry_time_utc': '2026-08-07T01:45:19.505000Z', 'direction': 'LONG', 'volume_lots': 0.01, 'entry_price': 4256.08, 'entry_cost_usd': 0.0}","[{'deal_ticket': 4761442, 'exit_time_utc': '2026-08-07T06:04:35.586000Z', 'volume_lots': 0.01, 'exit_price': 4281.35, 'pnl_usd': 25.26072157930565}]",False,False,False
9ddf47d50ce38426306515a5,20260810T000000Z_SHORT,V57_BREAK_SWING_H4ADX_HIGH,2026-08-10T00:00:00Z,True,-1.267384018740802,0.1050147492625368,57,20,0.6902692133275707,False,True,2026-08-10T01:21:07.860000Z,17.56569094622192,RETAIN,"{'ticket': 5213462, 'broker_entry_time_utc': '2026-08-10T00:03:12.994000Z', 'direction': 'SHORT', 'volume_lots': 0.01, 'entry_price': 4339.3, 'entry_cost_usd': 0.0}","[{'deal_ticket': 4786301, 'exit_time_utc': '2026-08-10T01:21:07.860000Z', 'volume_lots': 0.01, 'exit_price': 4321.73, 'pnl_usd': 17.56569094622192}]",False,False,False
8f5ad51f5d7018d4d5bcf111,20260811T001000Z_LONG,V57_BREAK_SWING_H4ADX_HIGH,2026-08-11T00:10:00Z,True,3.4940664399166765,0.952857984678845,58,20,0.8449997327537492,False,True,2026-08-11T00:48:24.650000Z,3.2484683458134787,RETAIN,"{'ticket': 5243325, 'broker_entry_time_utc': '2026-08-11T00:12:03.529000Z', 'direction': 'LONG', 'volume_lots': 0.01, 'entry_price': 4407.75, 'entry_cost_usd': 0.0}","[{'deal_ticket': 4813628, 'exit_time_utc': '2026-08-11T00:48:24.650000Z', 'volume_lots': 0.01, 'exit_price': 4411.0, 'pnl_usd': 3.2484683458134787}]",False,False,False
57b08f5906765a64b5a92a36,20260811T015000Z_LONG,V57_BREAK_SWING_H4ADX_HIGH,2026-08-11T01:50:00Z,True,3.395036341679318,0.9440518256772674,59,20,0.913048941696186,False,True,2026-08-11T02:39:21.778000Z,-13.66643975493533,RETAIN,"{'ticket': 5245856, 'broker_entry_time_utc': '2026-08-11T01:50:16.418000Z', 'direction': 'LONG', 'volume_lots': 0.01, 'entry_price': 4427.76, 'entry_cost_usd': 0.0}","[{'deal_ticket': 4816430, 'exit_time_utc': '2026-08-11T02:39:21.778000Z', 'volume_lots': 0.01, 'exit_price': 4414.1, 'pnl_usd': -13.66643975493533}]",False,False,False
adfa8a3f3efbe30259009f87,20260812T001500Z_LONG,V57_BREAK_SWING_H4ADX_HIGH,2026-08-12T00:15:00Z,True,2.4483382124361865,0.8605061801059447,60,20,0.9464563000823484,False,True,2026-08-12T01:47:43.879000Z,17.52484683458135,RETAIN,"{'ticket': 5282821, 'broker_entry_time_utc': '2026-08-12T00:18:11.700000Z', 'direction': 'LONG', 'volume_lots': 0.01, 'entry_price': 4376.39, 'entry_cost_usd': 0.0}","[{'deal_ticket': 4853332, 'exit_time_utc': '2026-08-12T01:47:43.879000Z', 'volume_lots': 0.01, 'exit_price': 4393.92, 'pnl_usd': 17.52484683458135}]",False,False,False
8c1da4a90975386c52927842,20260812T025000Z_LONG,V57_BREAK_SWING_H4ADX_HIGH,2026-08-12T02:50:00Z,True,1.2407687289146412,0.6441176470588236,61,20,0.885150452206994,False,True,2026-08-12T03:43:33.166000Z,-10.123893805309734,RETAIN,"{'ticket': 5287511, 'broker_entry_time_utc': '2026-08-12T02:56:53.385000Z', 'direction': 'LONG', 'volume_lots': 0.01, 'entry_price': 4411.85, 'entry_cost_usd': 0.0}","[{'deal_ticket': 4855516, 'exit_time_utc': '2026-08-12T03:43:33.166000Z', 'volume_lots': 0.01, 'exit_price': 4401.73, 'pnl_usd': -10.123893805309734}]",False,False,False
aa2e0b7496f1966e5f0825e8,20260813T000000Z_LONG,V57_BREAK_SWING_H4ADX_HIGH,2026-08-13T00:00:00Z,True,0.6538074819842252,0.4844209288653733,62,20,0.9341587000335568,False,True,2026-08-13T00:16:34.730000Z,10.306330837304287,RETAIN,"{'ticket': 5323114, 'broker_entry_time_utc': '2026-08-13T00:05:38.184000Z', 'direction': 'LONG', 'volume_lots': 0.01, 'entry_price': 4416.51, 'entry_cost_usd': 0.0}","[{'deal_ticket': 4888711, 'exit_time_utc': '2026-08-13T00:16:34.730000Z', 'volume_lots': 0.01, 'exit_price': 4426.82, 'pnl_usd': 10.306330837304289}]",False,False,False
0001dad65cb43ccbcaebe6d9,20260813T003500Z_LONG,V57_BREAK_SWING_H4ADX_HIGH,2026-08-13T00:35:00Z,True,-1.342790661312134,0.0975323149236192,63,20,1.1281193560775806,False,True,2026-08-13T00:50:00.316000Z,-12.473791695030634,RETAIN,"{'ticket': 5324820, 'broker_entry_time_utc': '2026-08-13T00:36:14.231000Z', 'direction': 'LONG', 'volume_lots': 0.01, 'entry_price': 4442.02, 'entry_cost_usd': 0.0}","[{'deal_ticket': 4889774, 'exit_time_utc': '2026-08-13T00:50:00.316000Z', 'volume_lots': 0.01, 'exit_price': 4429.55, 'pnl_usd': -12.473791695030634}]",True,False,True
4d68b77cc2b30efd39a4ebe0,20260814T001500Z_SHORT,V57_BREAK_SWING_H4ADX_HIGH,2026-08-14T00:15:00Z,True,0.1752171794069419,0.3529066353493834,64,20,1.147783748630958,False,True,2026-08-14T01:09:28.114000Z,19.681415929203546,RETAIN,"{'ticket': 5376548, 'broker_entry_time_utc': '2026-08-14T00:19:12.247000Z', 'direction': 'SHORT', 'volume_lots': 0.01, 'entry_price': 4348.99, 'entry_cost_usd': 0.0}","[{'deal_ticket': 4936606, 'exit_time_utc': '2026-08-14T01:09:28.114000Z', 'volume_lots': 0.01, 'exit_price': 4329.3, 'pnl_usd': 19.681415929203542}]",False,False,False
bbd0d5c6023c5e19e1d64d84,20260814T051000Z_SHORT,V57_BREAK_SWING_H4ADX_HIGH,2026-08-14T05:10:00Z,True,0.9396800737783432,0.5598591549295775,65,20,1.5080424579470857,False,True,2026-08-14T05:50:57.190000Z,-7.243022464261402,RETAIN,"{'ticket': 5383911, 'broker_entry_time_utc': '2026-08-14T05:10:33.435000Z', 'direction': 'SHORT', 'volume_lots': 0.01, 'entry_price': 4320.5, 'entry_cost_usd': 0.0}","[{'deal_ticket': 4943805, 'exit_time_utc': '2026-08-14T05:50:57.190000Z', 'volume_lots': 0.01, 'exit_price': 4327.74, 'pnl_usd': -7.2430224642614025}]",False,False,False
9ae1de630f35c48846f3be46,20260817T090500Z_LONG,V7_SWING_HEALTH,2026-08-17T09:05:00Z,True,0.4593193552114686,0.4320046893317702,51,20,1.6201840796636702,False,True,2026-08-17T12:26:36.093000Z,-8.313138189244384,RETAIN,"{'ticket': 5433652, 'broker_entry_time_utc': '2026-08-17T09:06:31.224000Z', 'direction': 'LONG', 'volume_lots': 0.01, 'entry_price': 4397.22, 'entry_cost_usd': 0.0}","[{'deal_ticket': 4994200, 'exit_time_utc': '2026-08-17T12:26:36.093000Z', 'volume_lots': 0.01, 'exit_price': 4388.91, 'pnl_usd': -8.313138189244384}]",False,False,False
dadfdfffa9616855e9ef8a6e3ec6f082,dadfdfffa9616855e9ef8a6e3ec6f082,R1_PULLBACK,2026-08-17T11:30:00Z,True,0.9594542782792168,0.5647334504979497,50,20,1.0770352369380325,False,True,2026-08-17T12:26:36.095000Z,-14.526889040163375,RETAIN,"{'ticket': 5435732, 'broker_entry_time_utc': '2026-08-17T11:31:44.167000Z', 'direction': 'LONG', 'volume_lots': 0.01, 'entry_price': 4403.43, 'entry_cost_usd': 0.0}","[{'deal_ticket': 4994202, 'exit_time_utc': '2026-08-17T12:26:36.095000Z', 'volume_lots': 0.01, 'exit_price': 4388.91, 'pnl_usd': -14.526889040163377}]",False,False,False
bcdc5be8b5b5967eefcba237,20260817T172000Z_SHORT,V57_BREAK_SWING_H4ADX_HIGH,2026-08-17T17:20:00Z,True,1.8210213703164049,0.7687353629976581,66,20,1.6128532528641404,False,True,2026-08-17T18:31:59.290000Z,16.095302927161335,RETAIN,"{'ticket': 5445639, 'broker_entry_time_utc': '2026-08-17T17:22:08.146000Z', 'direction': 'SHORT', 'volume_lots': 0.01, 'entry_price': 4418.89, 'entry_cost_usd': 0.0}","[{'deal_ticket': 5004025, 'exit_time_utc': '2026-08-17T18:31:59.290000Z', 'volume_lots': 0.01, 'exit_price': 4402.79, 'pnl_usd': 16.095302927161335}]",False,False,False
bb1d298121b2ff1430f5126d,20260818T000001Z_LONG,V57_BREAK_SWING_H4ADX_HIGH,2026-08-18T00:05:00Z,True,-1.3209305386108574,0.1011695906432748,67,20,1.5354828465261272,False,True,2026-08-18T00:09:51.894000Z,-5.52212389380531,RETAIN,"{'ticket': 5450944, 'broker_entry_time_utc': '2026-08-18T00:05:38.839000Z', 'direction': 'LONG', 'volume_lots': 0.01, 'entry_price': 4426.12, 'entry_cost_usd': 0.0}","[{'deal_ticket': 5008137, 'exit_time_utc': '2026-08-18T00:09:51.894000Z', 'volume_lots': 0.01, 'exit_price': 4420.6, 'pnl_usd': -5.52212389380531}]",False,False,False
9fe105f4fc2b776d44e8b902,20260820T203500Z_SHORT,V57_BREAK_SWING_H4ADX_HIGH,2026-08-20T20:35:00Z,True,-1.013767927439862,0.134929906542056,68,20,1.2342411995018157,False,True,2026-08-20T23:02:51.175000Z,-8.193328795098706,RETAIN,"{'ticket': 5572921, 'broker_entry_time_utc': '2026-08-20T20:35:35.787000Z', 'direction': 'SHORT', 'volume_lots': 0.01, 'entry_price': 4518.34, 'entry_cost_usd': 0.0}","[{'deal_ticket': 5130429, 'exit_time_utc': '2026-08-20T23:02:51.175000Z', 'volume_lots': 0.01, 'exit_price': 4526.88, 'pnl_usd': -8.193328795098706}]",False,False,False
1bab03d0d823b7a8577d0db0,20260820T230501Z_LONG,V57_BREAK_SWING_H4ADX_HIGH,2026-08-20T23:10:00Z,True,-1.0550752618099415,0.1295971978984238,69,20,1.2966764943117832,False,True,2026-08-20T23:28:31.143000Z,-8.01361470388019,RETAIN,"{'ticket': 5575277, 'broker_entry_time_utc': '2026-08-20T23:12:28.919000Z', 'direction': 'LONG', 'volume_lots': 0.01, 'entry_price': 4531.24, 'entry_cost_usd': 0.0}","[{'deal_ticket': 5131474, 'exit_time_utc': '2026-08-20T23:28:31.143000Z', 'volume_lots': 0.01, 'exit_price': 4523.23, 'pnl_usd': -8.01361470388019}]",False,False,False
f1dabaea9f9f9e5f06168ea8,20260821T013500Z_LONG,V57_BREAK_SWING_H4ADX_HIGH,2026-08-21T01:35:00Z,True,-0.1468495818106387,0.2817969661610268,70,20,1.3857860932700363,False,True,2026-08-21T01:41:05.620000Z,-11.474472430224644,RETAIN,"{'ticket': 5578968, 'broker_entry_time_utc': '2026-08-21T01:36:24.595000Z', 'direction': 'LONG', 'volume_lots': 0.01, 'entry_price': 4535.62, 'entry_cost_usd': 0.0}","[{'deal_ticket': 5134784, 'exit_time_utc': '2026-08-21T01:41:05.620000Z', 'volume_lots': 0.01, 'exit_price': 4524.15, 'pnl_usd': -11.474472430224644}]",False,False,False
4ae30b395f131b90a24c692c,20260823T233500Z_LONG,V57_BREAK_SWING_H4ADX_HIGH,2026-08-23T23:35:00Z,True,-0.3512085782552866,0.2383449883449883,71,20,1.3742349976461463,False,True,2026-08-23T23:42:47.387000Z,-9.494894486044927,RETAIN,"{'ticket': 5615790, 'broker_entry_time_utc': '2026-08-23T23:37:00.169000Z', 'direction': 'LONG', 'volume_lots': 0.01, 'entry_price': 4618.47, 'entry_cost_usd': 0.0}","[{'deal_ticket': 5171041, 'exit_time_utc': '2026-08-23T23:42:47.387000Z', 'volume_lots': 0.01, 'exit_price': 4608.98, 'pnl_usd': -9.494894486044927}]",False,False,False
f3ab6be49b9fdce239f6715e,20260824T021000Z_LONG,V57_BREAK_SWING_H4ADX_HIGH,2026-08-24T02:10:00Z,True,-1.4188432614448216,0.0873108265424912,72,20,1.3839310614088909,False,True,2026-08-24T02:47:30.798000Z,-17.99863852961198,RETAIN,"{'ticket': 5630929, 'broker_entry_time_utc': '2026-08-24T02:11:27.980000Z', 'direction': 'LONG', 'volume_lots': 0.01, 'entry_price': 4650.16, 'entry_cost_usd': 0.0}","[{'deal_ticket': 5184676, 'exit_time_utc': '2026-08-24T02:47:30.798000Z', 'volume_lots': 0.01, 'exit_price': 4632.17, 'pnl_usd': -17.99863852961198}]",True,False,True
c2dd142dfe5963a005dbff99,20260825T001500Z_LONG,V57_BREAK_SWING_H4ADX_HIGH,2026-08-25T00:15:00Z,True,-1.3753565933736542,0.094240837696335,73,20,1.030022605255722,False,True,2026-08-25T01:01:06.651000Z,-11.904697072838664,RETAIN,"{'ticket': 5678497, 'broker_entry_time_utc': '2026-08-25T00:15:32.348000Z', 'direction': 'LONG', 'volume_lots': 0.01, 'entry_price': 4686.82, 'entry_cost_usd': 0.0}","[{'deal_ticket': 5224356, 'exit_time_utc': '2026-08-25T01:01:06.651000Z', 'volume_lots': 0.01, 'exit_price': 4674.92, 'pnl_usd': -11.904697072838665}]",True,False,True
