entry_time,entry_date,entry_hour,entry_session,direction,entry_deal,volume,entry_price,entry_comment,exit_time,exit_date,exit_hour,exit_session,date,hour,session,exit_deal,exit_price,profit_aed,balance,exit_comment
2022.07.01 01:15:00,2022-07-01,1,night,SHORT,2,0.01,1805.42,A1_M5_MOM_BEAR_M5_EM,2022.07.01 05:37:36,2022-07-01,5,night,2022-07-01,1,night,3,1798.40,7.02,1007.02,tp 1798.42
2022.07.01 06:25:00,2022-07-01,6,morning,SHORT,4,0.01,1797.77,A1_M5_MOM_BEAR_M5_EM,2022.07.01 11:18:20,2022-07-01,11,morning,2022-07-01,6,morning,5,1789.31,8.46,1015.48,tp 1789.31
2022.07.01 11:30:00,2022-07-01,11,morning,SHORT,6,0.01,1790.14,A1_M5_MOM_BEAR_M5_EM,2022.07.01 13:04:14,2022-07-01,13,afternoon,2022-07-01,11,morning,7,1794.11,-3.97,1011.51,sl 1794.10
2022.07.04 12:00:00,2022-07-04,12,afternoon,SHORT,8,0.01,1805.34,A1_M5_MOM_BEAR_M5_EM,2022.07.04 12:25:40,2022-07-04,12,afternoon,2022-07-04,12,afternoon,9,1808.87,-3.53,1007.98,sl 1808.84
2022.07.05 09:00:00,2022-07-05,9,morning,SHORT,10,0.01,1801.08,A1_M5_MOM_BEAR_M5_EM,2022.07.05 09:20:25,2022-07-05,9,morning,2022-07-05,9,morning,11,1804.59,-3.51,1004.47,sl 1804.58
2022.07.05 10:05:00,2022-07-05,10,morning,SHORT,12,0.01,1802.68,A1_M5_MOM_BEAR_M5_EM,2022.07.05 13:09:41,2022-07-05,13,afternoon,2022-07-05,10,morning,13,1795.65,7.03,1011.5,tp 1795.68
2022.07.05 13:10:00,2022-07-05,13,afternoon,SHORT,14,0.01,1795.97,A1_M5_MOM_BEAR_M5_EM,2022.07.05 14:00:40,2022-07-05,14,afternoon,2022-07-05,13,afternoon,15,1780.77,15.2,1026.7,tp 1780.78
2022.07.05 14:50:00,2022-07-05,14,afternoon,SHORT,16,0.01,1770.96,A1_M5_MOM_BEAR_M5_EM,2022.07.06 14:40:38,2022-07-06,14,afternoon,2022-07-05,14,afternoon,17,1750.86,20.1,1046.8,tp 1750.86
2022.07.06 14:45:00,2022-07-06,14,afternoon,SHORT,18,0.01,1751.07,A1_M5_MOM_BEAR_M5_EM,2022.07.06 15:57:41,2022-07-06,15,afternoon,2022-07-06,14,afternoon,19,1732.79,18.28,1065.08,tp 1732.80
2022.07.06 16:05:00,2022-07-06,16,evening,SHORT,20,0.01,1733.07,A1_M5_MOM_BEAR_M5_EM,2022.07.06 19:15:17,2022-07-06,19,evening,2022-07-06,16,evening,21,1740.21,-7.14,1057.94,sl 1740.19
2022.07.06 20:35:00,2022-07-06,20,night,SHORT,22,0.01,1738.61,A1_M5_MOM_BEAR_M5_EM,2022.07.07 00:45:29,2022-07-07,0,night,2022-07-06,20,night,23,1742.14,-3.53,1054.41,sl 1742.11
2022.07.07 06:45:00,2022-07-07,6,morning,SHORT,24,0.01,1744.74,A1_M5_MOM_BEAR_M5_EM,2022.07.07 13:50:14,2022-07-07,13,afternoon,2022-07-07,6,morning,25,1748.25,-3.51,1050.9,sl 1748.24
2022.07.07 15:00:00,2022-07-07,15,afternoon,SHORT,26,0.01,1741.81,A1_M5_MOM_BEAR_M5_EM,2022.07.08 14:36:27,2022-07-08,14,afternoon,2022-07-07,15,afternoon,27,1747.24,-5.43,1045.47,sl 1747.24
2022.07.11 06:15:00,2022-07-11,6,morning,SHORT,28,0.01,1739.86,A1_M5_MOM_BEAR_M5_EM,2022.07.11 17:31:15,2022-07-11,17,evening,2022-07-11,6,morning,29,1732.85,7.01,1052.48,tp 1732.86
2022.07.11 18:15:00,2022-07-11,18,evening,SHORT,30,0.01,1734.71,A1_M5_MOM_BEAR_M5_EM,2022.07.12 01:01:36,2022-07-12,1,night,2022-07-11,18,evening,31,1727.69,7.02,1059.5,tp 1727.71
2022.07.12 05:00:00,2022-07-12,5,night,SHORT,32,0.01,1728.94,A1_M5_MOM_BEAR_M5_EM,2022.07.12 06:34:29,2022-07-12,6,morning,2022-07-12,5,night,33,1732.46,-3.52,1055.98,sl 1732.44
2022.07.12 13:10:00,2022-07-12,13,afternoon,SHORT,34,0.01,1731.39,A1_M5_MOM_BEAR_M5_EM,2022.07.13 12:30:41,2022-07-13,12,afternoon,2022-07-12,13,afternoon,35,1721.99,9.4,1065.38,tp 1721.99
2022.07.14 01:10:00,2022-07-14,1,night,SHORT,36,0.01,1728.09,A1_M5_MOM_BEAR_M5_EM,2022.07.14 03:05:15,2022-07-14,3,night,2022-07-14,1,night,37,1731.60,-3.51,1061.87,sl 1731.59
2022.07.14 05:25:00,2022-07-14,5,night,SHORT,38,0.01,1727.25,A1_M5_MOM_BEAR_M5_EM,2022.07.14 07:00:39,2022-07-14,7,morning,2022-07-14,5,night,39,1720.25,7.0,1068.87,tp 1720.25
2022.07.14 07:30:00,2022-07-14,7,morning,SHORT,40,0.01,1717.96,A1_M5_MOM_BEAR_M5_EM,2022.07.14 13:01:37,2022-07-14,13,afternoon,2022-07-14,7,morning,41,1707.56,10.4,1079.27,tp 1707.56
2022.07.14 13:20:00,2022-07-14,13,afternoon,SHORT,42,0.01,1705.99,A1_M5_MOM_BEAR_M5_EM,2022.07.14 15:46:40,2022-07-14,15,afternoon,2022-07-14,13,afternoon,43,1713.61,-7.62,1071.65,sl 1713.60
2022.07.14 17:00:00,2022-07-14,17,evening,SHORT,44,0.01,1705.97,A1_M5_MOM_BEAR_M5_EM,2022.07.14 18:02:13,2022-07-14,18,evening,2022-07-14,17,evening,45,1710.82,-4.85,1066.8,sl 1710.82
2022.07.14 19:55:00,2022-07-14,19,evening,SHORT,46,0.01,1709.11,A1_M5_MOM_BEAR_M5_EM,2022.07.15 01:33:16,2022-07-15,1,night,2022-07-14,19,evening,47,1712.61,-3.5,1063.3,sl 1712.61
2022.07.15 03:20:00,2022-07-15,3,night,SHORT,48,0.01,1711.75,A1_M5_MOM_BEAR_M5_EM,2022.07.15 06:30:00,2022-07-15,6,morning,2022-07-15,3,night,49,1704.75,7.0,1070.3,tp 1704.75
2022.07.15 07:25:00,2022-07-15,7,morning,SHORT,50,0.01,1703.48,A1_M5_MOM_BEAR_M5_EM,2022.07.15 11:00:37,2022-07-15,11,morning,2022-07-15,7,morning,51,1707.35,-3.87,1066.43,sl 1707.35
2022.07.15 13:50:00,2022-07-15,13,afternoon,SHORT,52,0.01,1702.54,A1_M5_MOM_BEAR_M5_EM,2022.07.17 23:18:57,2022-07-17,23,night,2022-07-15,13,afternoon,53,1710.47,-7.93,1058.5,sl 1710.47
2022.07.18 17:40:00,2022-07-18,17,evening,SHORT,54,0.01,1711.43,A1_M5_MOM_BEAR_M5_EM,2022.07.19 09:45:41,2022-07-19,9,morning,2022-07-18,17,evening,55,1714.93,-3.5,1055.0,sl 1714.93
2022.07.19 14:25:00,2022-07-19,14,afternoon,SHORT,56,0.01,1710.20,A1_M5_MOM_BEAR_M5_EM,2022.07.19 15:34:04,2022-07-19,15,afternoon,2022-07-19,14,afternoon,57,1715.08,-4.88,1050.12,sl 1715.08
2022.07.19 19:00:00,2022-07-19,19,evening,SHORT,58,0.01,1710.31,A1_M5_MOM_BEAR_M5_EM,2022.07.20 09:37:35,2022-07-20,9,morning,2022-07-19,19,evening,59,1713.88,-3.57,1046.55,sl 1713.81
2022.07.20 11:35:00,2022-07-20,11,morning,SHORT,60,0.01,1707.45,A1_M5_MOM_BEAR_M5_EM,2022.07.20 12:25:01,2022-07-20,12,afternoon,2022-07-20,11,morning,61,1710.95,-3.5,1043.05,sl 1710.95
2022.07.20 14:05:00,2022-07-20,14,afternoon,SHORT,62,0.01,1708.56,A1_M5_MOM_BEAR_M5_EM,2022.07.20 19:42:12,2022-07-20,19,evening,2022-07-20,14,afternoon,63,1699.06,9.5,1052.55,tp 1699.08
2022.07.20 22:25:00,2022-07-20,22,night,SHORT,64,0.01,1696.05,A1_M5_MOM_BEAR_M5_EM,2022.07.21 06:29:37,2022-07-21,6,morning,2022-07-20,22,night,65,1689.04,7.01,1059.56,tp 1689.05
2022.07.21 07:00:00,2022-07-21,7,morning,SHORT,66,0.01,1689.47,A1_M5_MOM_BEAR_M5_EM,2022.07.21 07:31:36,2022-07-21,7,morning,2022-07-21,7,morning,67,1693.00,-3.53,1056.03,sl 1692.97
2022.07.21 07:55:00,2022-07-21,7,morning,SHORT,68,0.01,1689.01,A1_M5_MOM_BEAR_M5_EM,2022.07.21 12:24:40,2022-07-21,12,afternoon,2022-07-21,7,morning,69,1693.14,-4.13,1051.9,sl 1693.12
2022.07.26 18:00:00,2022-07-26,18,evening,SHORT,70,0.01,1717.41,A1_M5_MOM_BEAR_M5_EM,2022.07.27 07:06:32,2022-07-27,7,morning,2022-07-26,18,evening,71,1720.91,-3.5,1048.4,sl 1720.91
2022.07.27 14:10:00,2022-07-27,14,afternoon,SHORT,72,0.01,1714.22,A1_M5_MOM_BEAR_M5_EM,2022.07.27 15:19:40,2022-07-27,15,afternoon,2022-07-27,14,afternoon,73,1719.49,-5.27,1043.13,sl 1719.47
2022.08.21 23:30:00,2022-08-21,23,night,SHORT,74,0.01,1746.62,A1_M5_MOM_BEAR_M5_EM,2022.08.22 07:12:02,2022-08-22,7,morning,2022-08-21,23,night,75,1739.61,7.01,1050.14,tp 1739.62
2022.08.22 07:45:00,2022-08-22,7,morning,SHORT,76,0.01,1737.94,A1_M5_MOM_BEAR_M5_EM,2022.08.22 11:43:35,2022-08-22,11,morning,2022-08-22,7,morning,77,1730.94,7.0,1057.14,tp 1730.94
2022.08.22 12:35:00,2022-08-22,12,afternoon,SHORT,78,0.01,1729.25,A1_M5_MOM_BEAR_M5_EM,2022.08.22 13:12:21,2022-08-22,13,afternoon,2022-08-22,12,afternoon,79,1733.79,-4.54,1052.6,sl 1733.79
2022.08.22 15:50:00,2022-08-22,15,afternoon,SHORT,80,0.01,1735.48,A1_M5_MOM_BEAR_M5_EM,2022.08.23 01:02:33,2022-08-23,1,night,2022-08-22,15,afternoon,81,1739.14,-3.66,1048.94,sl 1739.14
2022.08.23 05:10:00,2022-08-23,5,night,SHORT,82,0.01,1736.78,A1_M5_MOM_BEAR_M5_EM,2022.08.23 08:16:18,2022-08-23,8,morning,2022-08-23,5,night,83,1740.29,-3.51,1045.43,sl 1740.28
2022.08.26 14:40:00,2022-08-26,14,afternoon,SHORT,84,0.01,1745.35,A1_M5_MOM_BEAR_M5_EM,2022.08.29 01:37:39,2022-08-29,1,night,2022-08-26,14,afternoon,85,1725.68,19.67,1065.1,tp 1725.69
2022.08.29 03:00:00,2022-08-29,3,night,SHORT,86,0.01,1726.54,A1_M5_MOM_BEAR_M5_EM,2022.08.29 12:23:15,2022-08-29,12,afternoon,2022-08-29,3,night,87,1730.04,-3.5,1061.6,sl 1730.04
2022.08.30 04:05:00,2022-08-30,4,night,SHORT,88,0.01,1734.28,A1_M5_MOM_BEAR_M5_EM,2022.08.30 08:31:36,2022-08-30,8,morning,2022-08-30,4,night,89,1737.79,-3.51,1058.09,sl 1737.78
2022.08.30 09:20:00,2022-08-30,9,morning,SHORT,90,0.01,1733.26,A1_M5_MOM_BEAR_M5_EM,2022.08.30 14:19:29,2022-08-30,14,afternoon,2022-08-30,9,morning,91,1726.24,7.02,1065.11,tp 1726.26
2022.08.30 14:45:00,2022-08-30,14,afternoon,SHORT,92,0.01,1723.15,A1_M5_MOM_BEAR_M5_EM,2022.08.31 09:26:26,2022-08-31,9,morning,2022-08-30,14,afternoon,93,1712.29,10.86,1075.97,tp 1712.29
2022.08.31 10:00:00,2022-08-31,10,morning,SHORT,94,0.01,1711.03,A1_M5_MOM_BEAR_M5_EM,2022.08.31 11:28:40,2022-08-31,11,morning,2022-08-31,10,morning,95,1714.53,-3.5,1072.47,sl 1714.53
2022.08.31 12:50:00,2022-08-31,12,afternoon,SHORT,96,0.01,1710.89,A1_M5_MOM_BEAR_M5_EM,2022.08.31 13:45:40,2022-08-31,13,afternoon,2022-08-31,12,afternoon,97,1715.20,-4.31,1068.16,sl 1715.20
2022.08.31 16:25:00,2022-08-31,16,evening,SHORT,98,0.01,1717.71,A1_M5_MOM_BEAR_M5_EM,2022.08.31 19:13:26,2022-08-31,19,evening,2022-08-31,16,evening,99,1710.70,7.01,1075.17,tp 1710.71
2022.08.31 19:35:00,2022-08-31,19,evening,SHORT,100,0.01,1709.90,A1_M5_MOM_BEAR_M5_EM,2022.09.01 02:02:26,2022-09-01,2,night,2022-08-31,19,evening,101,1702.90,7.0,1082.17,tp 1702.90
2022.09.01 03:10:00,2022-09-01,3,night,SHORT,102,0.01,1704.67,A1_M5_MOM_BEAR_M5_EM,2022.09.01 05:53:29,2022-09-01,5,night,2022-09-01,3,night,103,1708.18,-3.51,1078.66,sl 1708.17
2022.09.01 07:50:00,2022-09-01,7,morning,SHORT,104,0.01,1704.96,A1_M5_MOM_BEAR_M5_EM,2022.09.01 09:41:37,2022-09-01,9,morning,2022-09-01,7,morning,105,1708.47,-3.51,1075.15,sl 1708.46
2022.09.01 10:25:00,2022-09-01,10,morning,SHORT,106,0.01,1702.46,A1_M5_MOM_BEAR_M5_EM,2022.09.01 12:44:37,2022-09-01,12,afternoon,2022-09-01,10,morning,107,1695.46,7.0,1082.15,tp 1695.46
2022.09.01 13:15:00,2022-09-01,13,afternoon,SHORT,108,0.01,1697.98,A1_M5_MOM_BEAR_M5_EM,2022.09.02 07:49:05,2022-09-02,7,morning,2022-09-01,13,afternoon,109,1704.40,-6.42,1075.73,sl 1704.39
2022.09.06 16:00:00,2022-09-06,16,evening,SHORT,110,0.01,1703.07,A1_M5_MOM_BEAR_M5_EM,2022.09.07 00:27:40,2022-09-07,0,night,2022-09-06,16,evening,111,1694.95,8.12,1083.85,tp 1694.98
2022.09.07 01:10:00,2022-09-07,1,night,SHORT,112,0.01,1694.78,A1_M5_MOM_BEAR_M5_EM,2022.09.07 06:49:36,2022-09-07,6,morning,2022-09-07,1,night,113,1699.33,-4.55,1079.3,sl 1699.32
2022.09.07 13:05:00,2022-09-07,13,afternoon,SHORT,114,0.01,1698.62,A1_M5_MOM_BEAR_M5_EM,2022.09.07 13:48:38,2022-09-07,13,afternoon,2022-09-07,13,afternoon,115,1702.29,-3.67,1075.63,sl 1702.28
2022.09.13 15:15:00,2022-09-13,15,afternoon,SHORT,116,0.01,1704.50,A1_M5_MOM_BEAR_M5_EM,2022.09.14 19:03:34,2022-09-14,19,evening,2022-09-13,15,afternoon,117,1694.53,9.97,1085.6,tp 1694.54
2022.09.14 19:15:00,2022-09-14,19,evening,SHORT,118,0.01,1694.57,A1_M5_MOM_BEAR_M5_EM,2022.09.14 23:17:00,2022-09-14,23,night,2022-09-14,19,evening,119,1698.11,-3.54,1082.06,sl 1698.07
2022.09.15 00:50:00,2022-09-15,0,night,SHORT,120,0.01,1696.24,A1_M5_MOM_BEAR_M5_EM,2022.09.15 04:54:24,2022-09-15,4,night,2022-09-15,0,night,121,1689.22,7.02,1089.08,tp 1689.24
2022.09.15 06:25:00,2022-09-15,6,morning,SHORT,122,0.01,1688.01,A1_M5_MOM_BEAR_M5_EM,2022.09.15 12:49:30,2022-09-15,12,afternoon,2022-09-15,6,morning,123,1691.52,-3.51,1085.57,sl 1691.51
2022.09.15 13:30:00,2022-09-15,13,afternoon,SHORT,124,0.01,1683.27,A1_M5_MOM_BEAR_M5_EM,2022.09.15 14:00:05,2022-09-15,14,afternoon,2022-09-15,13,afternoon,125,1690.79,-7.52,1078.05,sl 1690.78
2022.09.15 14:30:00,2022-09-15,14,afternoon,SHORT,126,0.01,1684.23,A1_M5_MOM_BEAR_M5_EM,2022.09.15 14:52:21,2022-09-15,14,afternoon,2022-09-15,14,afternoon,127,1671.60,12.63,1090.68,tp 1671.63
2022.09.15 15:55:00,2022-09-15,15,afternoon,SHORT,128,0.01,1666.63,A1_M5_MOM_BEAR_M5_EM,2022.09.16 14:27:30,2022-09-16,14,afternoon,2022-09-15,15,afternoon,129,1675.54,-8.91,1081.77,sl 1675.53
2022.09.19 04:05:00,2022-09-19,4,night,SHORT,130,0.01,1668.91,A1_M5_MOM_BEAR_M5_EM,2022.09.19 07:24:05,2022-09-19,7,morning,2022-09-19,4,night,131,1661.90,7.01,1088.78,tp 1661.91
2022.09.19 10:15:00,2022-09-19,10,morning,SHORT,132,0.01,1662.71,A1_M5_MOM_BEAR_M5_EM,2022.09.19 12:26:42,2022-09-19,12,afternoon,2022-09-19,10,morning,133,1666.21,-3.5,1085.28,sl 1666.21
2022.09.20 09:20:00,2022-09-20,9,morning,SHORT,134,0.01,1668.06,A1_M5_MOM_BEAR_M5_EM,2022.09.20 13:39:26,2022-09-20,13,afternoon,2022-09-20,9,morning,135,1661.06,7.0,1092.28,tp 1661.06
2022.09.20 14:15:00,2022-09-20,14,afternoon,SHORT,136,0.01,1663.27,A1_M5_MOM_BEAR_M5_EM,2022.09.21 06:04:38,2022-09-21,6,morning,2022-09-20,14,afternoon,137,1668.54,-5.27,1087.01,sl 1668.51
2022.09.21 16:05:00,2022-09-21,16,evening,SHORT,138,0.01,1666.90,A1_M5_MOM_BEAR_M5_EM,2022.09.21 17:50:28,2022-09-21,17,evening,2022-09-21,16,evening,139,1670.42,-3.52,1083.49,sl 1670.40
2022.09.22 01:00:00,2022-09-22,1,night,SHORT,140,0.01,1660.53,A1_M5_MOM_BEAR_M5_EM,2022.09.22 02:57:30,2022-09-22,2,night,2022-09-22,1,night,141,1664.32,-3.79,1079.7,sl 1664.32
2022.09.22 06:20:00,2022-09-22,6,morning,SHORT,142,0.01,1660.03,A1_M5_MOM_BEAR_M5_EM,2022.09.22 08:04:31,2022-09-22,8,morning,2022-09-22,6,morning,143,1663.54,-3.51,1076.19,sl 1663.53
2022.09.23 10:05:00,2022-09-23,10,morning,SHORT,144,0.01,1655.85,A1_M5_MOM_BEAR_M5_EM,2022.09.23 10:56:37,2022-09-23,10,morning,2022-09-23,10,morning,145,1644.45,11.4,1087.59,tp 1644.45
2022.09.23 14:20:00,2022-09-23,14,afternoon,SHORT,146,0.01,1644.08,A1_M5_MOM_BEAR_M5_EM,2022.09.26 00:57:39,2022-09-26,0,night,2022-09-23,14,afternoon,147,1631.12,12.96,1100.55,tp 1631.15
2022.09.26 03:30:00,2022-09-26,3,night,SHORT,148,0.01,1640.03,A1_M5_MOM_BEAR_M5_EM,2022.09.26 07:06:38,2022-09-26,7,morning,2022-09-26,3,night,149,1643.53,-3.5,1097.05,sl 1643.53
2022.09.26 11:15:00,2022-09-26,11,morning,SHORT,150,0.01,1638.02,A1_M5_MOM_BEAR_M5_EM,2022.09.26 12:07:58,2022-09-26,12,afternoon,2022-09-26,11,morning,151,1642.50,-4.48,1092.57,sl 1642.50
2022.09.26 17:10:00,2022-09-26,17,evening,SHORT,152,0.01,1627.91,A1_M5_MOM_BEAR_M5_EM,2022.09.27 01:13:35,2022-09-27,1,night,2022-09-26,17,evening,153,1632.49,-4.58,1087.99,sl 1632.47
2022.09.27 02:40:00,2022-09-27,2,night,SHORT,154,0.01,1629.71,A1_M5_MOM_BEAR_M5_EM,2022.09.27 05:42:20,2022-09-27,5,night,2022-09-27,2,night,155,1633.23,-3.52,1084.47,sl 1633.21
2022.09.27 17:00:00,2022-09-27,17,evening,SHORT,156,0.01,1629.43,A1_M5_MOM_BEAR_M5_EM,2022.09.28 06:18:29,2022-09-28,6,morning,2022-09-27,17,evening,157,1620.86,8.57,1093.04,tp 1620.87
2022.09.28 07:00:00,2022-09-28,7,morning,SHORT,158,0.01,1621.74,A1_M5_MOM_BEAR_M5_EM,2022.09.28 10:02:40,2022-09-28,10,morning,2022-09-28,7,morning,159,1625.25,-3.51,1089.53,sl 1625.24
2022.10.13 04:00:00,2022-10-13,4,night,SHORT,160,0.01,1669.31,A1_M5_MOM_BEAR_M5_EM,2022.10.13 08:30:29,2022-10-13,8,morning,2022-10-13,4,night,161,1672.83,-3.52,1086.01,sl 1672.81
2022.10.13 13:15:00,2022-10-13,13,afternoon,SHORT,162,0.01,1649.86,A1_M5_MOM_BEAR_M5_EM,2022.10.13 15:36:38,2022-10-13,15,afternoon,2022-10-13,13,afternoon,163,1664.80,-14.94,1071.07,sl 1664.78
2022.10.13 22:10:00,2022-10-13,22,night,SHORT,164,0.01,1665.13,A1_M5_MOM_BEAR_M5_EM,2022.10.14 02:07:38,2022-10-14,2,night,2022-10-13,22,night,165,1668.64,-3.51,1067.56,sl 1668.63
2022.10.14 09:00:00,2022-10-14,9,morning,SHORT,166,0.01,1660.72,A1_M5_MOM_BEAR_M5_EM,2022.10.14 09:33:27,2022-10-14,9,morning,2022-10-14,9,morning,167,1653.41,7.31,1074.87,tp 1653.42
2022.10.14 10:15:00,2022-10-14,10,morning,SHORT,168,0.01,1653.52,A1_M5_MOM_BEAR_M5_EM,2022.10.14 11:16:38,2022-10-14,11,morning,2022-10-14,10,morning,169,1658.74,-5.22,1069.65,sl 1658.74
2022.10.14 12:00:00,2022-10-14,12,afternoon,SHORT,170,0.01,1654.98,A1_M5_MOM_BEAR_M5_EM,2022.10.14 12:53:39,2022-10-14,12,afternoon,2022-10-14,12,afternoon,171,1659.12,-4.14,1065.51,sl 1659.12
2022.10.14 14:15:00,2022-10-14,14,afternoon,SHORT,172,0.01,1649.67,A1_M5_MOM_BEAR_M5_EM,2022.10.17 07:52:37,2022-10-17,7,morning,2022-10-14,14,afternoon,173,1656.39,-6.72,1058.79,sl 1656.38
2022.10.17 19:40:00,2022-10-17,19,evening,SHORT,174,0.01,1648.85,A1_M5_MOM_BEAR_M5_EM,2022.10.18 00:59:38,2022-10-18,0,night,2022-10-17,19,evening,175,1652.36,-3.51,1055.28,sl 1652.35
2022.10.18 02:10:00,2022-10-18,2,night,SHORT,176,0.01,1650.21,A1_M5_MOM_BEAR_M5_EM,2022.10.18 04:02:29,2022-10-18,4,night,2022-10-18,2,night,177,1653.73,-3.52,1051.76,sl 1653.71
2022.10.18 09:35:00,2022-10-18,9,morning,SHORT,178,0.01,1651.05,A1_M5_MOM_BEAR_M5_EM,2022.10.18 12:20:40,2022-10-18,12,afternoon,2022-10-18,9,morning,179,1655.99,-4.94,1046.82,sl 1655.99
2022.10.19 03:30:00,2022-10-19,3,night,SHORT,180,0.01,1649.97,A1_M5_MOM_BEAR_M5_EM,2022.10.19 06:26:26,2022-10-19,6,morning,2022-10-19,3,night,181,1642.95,7.02,1053.84,tp 1642.97
2022.10.19 06:40:00,2022-10-19,6,morning,SHORT,182,0.01,1642.77,A1_M5_MOM_BEAR_M5_EM,2022.10.19 07:51:42,2022-10-19,7,morning,2022-10-19,6,morning,183,1646.28,-3.51,1050.33,sl 1646.27
2022.10.19 08:20:00,2022-10-19,8,morning,SHORT,184,0.01,1640.72,A1_M5_MOM_BEAR_M5_EM,2022.10.19 11:19:40,2022-10-19,11,morning,2022-10-19,8,morning,185,1631.89,8.83,1059.16,tp 1631.90
2022.10.19 13:50:00,2022-10-19,13,afternoon,SHORT,186,0.01,1631.87,A1_M5_MOM_BEAR_M5_EM,2022.10.20 10:42:40,2022-10-20,10,morning,2022-10-19,13,afternoon,187,1638.22,-6.35,1052.81,sl 1638.22
2022.10.20 19:05:00,2022-10-20,19,evening,SHORT,188,0.01,1628.12,A1_M5_MOM_BEAR_M5_EM,2022.10.21 03:45:02,2022-10-21,3,night,2022-10-20,19,evening,189,1621.12,7.0,1059.81,tp 1621.12
2022.10.21 04:15:00,2022-10-21,4,night,SHORT,190,0.01,1620.96,A1_M5_MOM_BEAR_M5_EM,2022.10.21 07:24:27,2022-10-21,7,morning,2022-10-21,4,night,191,1624.46,-3.5,1056.31,sl 1624.46
2022.10.21 08:25:00,2022-10-21,8,morning,SHORT,192,0.01,1621.08,A1_M5_MOM_BEAR_M5_EM,2022.10.21 09:54:31,2022-10-21,9,morning,2022-10-21,8,morning,193,1625.67,-4.59,1051.72,sl 1625.67
2022.10.21 12:00:00,2022-10-21,12,afternoon,SHORT,194,0.01,1623.18,A1_M5_MOM_BEAR_M5_EM,2022.10.21 12:57:40,2022-10-21,12,afternoon,2022-10-21,12,afternoon,195,1626.69,-3.51,1048.21,sl 1626.68
2022.10.30 23:00:00,2022-10-30,23,night,SHORT,196,0.01,1643.50,A1_M5_MOM_BEAR_M5_EM,2022.10.31 07:32:40,2022-10-31,7,morning,2022-10-30,23,night,197,1636.50,7.0,1055.21,tp 1636.50
2022.10.31 09:15:00,2022-10-31,9,morning,SHORT,198,0.01,1637.74,A1_M5_MOM_BEAR_M5_EM,2022.10.31 10:02:28,2022-10-31,10,morning,2022-10-31,9,morning,199,1641.24,-3.5,1051.71,sl 1641.24
2022.10.31 11:25:00,2022-10-31,11,morning,SHORT,200,0.01,1638.80,A1_M5_MOM_BEAR_M5_EM,2022.10.31 23:00:27,2022-10-31,23,night,2022-10-31,11,morning,201,1631.72,7.08,1058.79,tp 1631.72
2022.11.02 22:25:00,2022-11-02,22,night,SHORT,202,0.01,1631.93,A1_M5_MOM_BEAR_M5_EM,2022.11.02 23:43:39,2022-11-02,23,night,2022-11-02,22,night,203,1635.45,-3.52,1055.27,sl 1635.43
2022.11.03 01:50:00,2022-11-03,1,night,SHORT,204,0.01,1637.13,A1_M5_MOM_BEAR_M5_EM,2022.11.03 06:13:32,2022-11-03,6,morning,2022-11-03,1,night,205,1630.12,7.01,1062.28,tp 1630.13
2022.11.03 06:40:00,2022-11-03,6,morning,SHORT,206,0.01,1629.68,A1_M5_MOM_BEAR_M5_EM,2022.11.03 08:17:38,2022-11-03,8,morning,2022-11-03,6,morning,207,1622.67,7.01,1069.29,tp 1622.68
2022.11.03 09:15:00,2022-11-03,9,morning,SHORT,208,0.01,1621.63,A1_M5_MOM_BEAR_M5_EM,2022.11.03 13:25:40,2022-11-03,13,afternoon,2022-11-03,9,morning,209,1625.55,-3.92,1065.37,sl 1625.54
2022.11.03 15:40:00,2022-11-03,15,afternoon,SHORT,210,0.01,1625.03,A1_M5_MOM_BEAR_M5_EM,2022.11.03 16:15:38,2022-11-03,16,evening,2022-11-03,15,afternoon,211,1628.94,-3.91,1061.46,sl 1628.93
2022.11.03 22:30:00,2022-11-03,22,night,SHORT,212,0.01,1629.68,A1_M5_MOM_BEAR_M5_EM,2022.11.04 00:56:31,2022-11-04,0,night,2022-11-03,22,night,213,1633.22,-3.54,1057.92,sl 1633.18
2023.02.06 06:30:00,2023-02-06,6,morning,SHORT,214,0.01,1875.54,A1_M5_MOM_BEAR_M5_EM,2023.02.06 07:05:37,2023-02-06,7,morning,2023-02-06,6,morning,215,1879.05,-3.51,1054.41,sl 1879.04
2023.02.06 08:45:00,2023-02-06,8,morning,SHORT,216,0.01,1873.31,A1_M5_MOM_BEAR_M5_EM,2023.02.07 14:59:21,2023-02-07,14,afternoon,2023-02-06,8,morning,217,1878.71,-5.4,1049.01,sl 1878.69
2023.02.08 14:25:00,2023-02-08,14,afternoon,SHORT,218,0.01,1871.96,A1_M5_MOM_BEAR_M5_EM,2023.02.08 15:19:35,2023-02-08,15,afternoon,2023-02-08,14,afternoon,219,1878.62,-6.66,1042.35,sl 1878.60
2023.02.08 15:45:00,2023-02-08,15,afternoon,SHORT,220,0.01,1872.40,A1_M5_MOM_BEAR_M5_EM,2023.02.08 17:01:40,2023-02-08,17,evening,2023-02-08,15,afternoon,221,1878.01,-5.61,1036.74,sl 1878.00
2023.02.08 19:05:00,2023-02-08,19,evening,SHORT,222,0.01,1875.21,A1_M5_MOM_BEAR_M5_EM,2023.02.09 01:08:15,2023-02-09,1,night,2023-02-08,19,evening,223,1878.71,-3.5,1033.24,sl 1878.71
2023.02.09 17:40:00,2023-02-09,17,evening,SHORT,224,0.01,1866.75,A1_M5_MOM_BEAR_M5_EM,2023.02.10 02:33:40,2023-02-10,2,night,2023-02-09,17,evening,225,1855.69,11.06,1044.3,tp 1855.74
2023.02.10 03:00:00,2023-02-10,3,night,SHORT,226,0.01,1855.32,A1_M5_MOM_BEAR_M5_EM,2023.02.10 04:53:36,2023-02-10,4,night,2023-02-10,3,night,227,1858.84,-3.52,1040.78,sl 1858.82
2023.02.10 10:05:00,2023-02-10,10,morning,SHORT,228,0.01,1862.33,A1_M5_MOM_BEAR_M5_EM,2023.02.10 12:49:37,2023-02-10,12,afternoon,2023-02-10,10,morning,229,1865.90,-3.57,1037.21,sl 1865.88
2023.02.10 14:00:00,2023-02-10,14,afternoon,SHORT,230,0.01,1861.61,A1_M5_MOM_BEAR_M5_EM,2023.02.14 12:32:42,2023-02-14,12,afternoon,2023-02-10,14,afternoon,231,1867.41,-5.8,1031.41,sl 1867.40
2023.02.14 15:15:00,2023-02-14,15,afternoon,SHORT,232,0.01,1849.90,A1_M5_MOM_BEAR_M5_EM,2023.02.14 17:20:39,2023-02-14,17,evening,2023-02-14,15,afternoon,233,1858.68,-8.78,1022.63,sl 1858.67
2023.02.14 20:40:00,2023-02-14,20,night,SHORT,234,0.01,1854.00,A1_M5_MOM_BEAR_M5_EM,2023.02.15 00:35:37,2023-02-15,0,night,2023-02-14,20,night,235,1857.50,-3.5,1019.13,sl 1857.50
2023.02.15 02:35:00,2023-02-15,2,night,SHORT,236,0.01,1850.70,A1_M5_MOM_BEAR_M5_EM,2023.02.15 05:31:24,2023-02-15,5,night,2023-02-15,2,night,237,1843.70,7.0,1026.13,tp 1843.70
2023.02.15 07:15:00,2023-02-15,7,morning,SHORT,238,0.01,1833.91,A1_M5_MOM_BEAR_M5_EM,2023.02.16 00:30:28,2023-02-16,0,night,2023-02-15,7,morning,239,1839.30,-5.39,1020.74,sl 1839.27
2023.02.16 05:15:00,2023-02-16,5,night,SHORT,240,0.01,1835.82,A1_M5_MOM_BEAR_M5_EM,2023.02.16 06:13:39,2023-02-16,6,morning,2023-02-16,5,night,241,1839.35,-3.53,1017.21,sl 1839.32
2023.02.16 08:00:00,2023-02-16,8,morning,SHORT,242,0.01,1837.63,A1_M5_MOM_BEAR_M5_EM,2023.02.16 12:47:38,2023-02-16,12,afternoon,2023-02-16,8,morning,243,1830.21,7.42,1024.63,tp 1830.21
2023.02.16 13:30:00,2023-02-16,13,afternoon,SHORT,244,0.01,1831.72,A1_M5_MOM_BEAR_M5_EM,2023.02.16 15:46:18,2023-02-16,15,afternoon,2023-02-16,13,afternoon,245,1839.83,-8.11,1016.52,sl 1839.82
2023.02.17 00:15:00,2023-02-17,0,night,SHORT,246,0.01,1831.47,A1_M5_MOM_BEAR_M5_EM,2023.02.17 03:51:37,2023-02-17,3,night,2023-02-17,0,night,247,1824.47,7.0,1023.52,tp 1824.47
2023.02.17 05:15:00,2023-02-17,5,night,SHORT,248,0.01,1826.78,A1_M5_MOM_BEAR_M5_EM,2023.02.17 07:35:39,2023-02-17,7,morning,2023-02-17,5,night,249,1819.78,7.0,1030.52,tp 1819.78
2023.02.17 07:40:00,2023-02-17,7,morning,SHORT,250,0.01,1819.08,A1_M5_MOM_BEAR_M5_EM,2023.02.17 08:33:31,2023-02-17,8,morning,2023-02-17,7,morning,251,1823.59,-4.51,1026.01,sl 1823.59
2023.02.17 10:05:00,2023-02-17,10,morning,SHORT,252,0.01,1821.88,A1_M5_MOM_BEAR_M5_EM,2023.02.17 10:42:15,2023-02-17,10,morning,2023-02-17,10,morning,253,1825.40,-3.52,1022.49,sl 1825.38
2023.02.17 13:40:00,2023-02-17,13,afternoon,SHORT,254,0.01,1825.11,A1_M5_MOM_BEAR_M5_EM,2023.02.17 14:03:14,2023-02-17,14,afternoon,2023-02-17,13,afternoon,255,1830.22,-5.11,1017.38,sl 1830.22
2023.02.21 09:25:00,2023-02-21,9,morning,SHORT,256,0.01,1833.16,A1_M5_MOM_BEAR_M5_EM,2023.02.21 12:36:29,2023-02-21,12,afternoon,2023-02-21,9,morning,257,1836.66,-3.5,1013.88,sl 1836.66
2023.02.21 16:00:00,2023-02-21,16,evening,SHORT,258,0.01,1833.06,A1_M5_MOM_BEAR_M5_EM,2023.02.21 16:51:02,2023-02-21,16,evening,2023-02-21,16,evening,259,1837.18,-4.12,1009.76,sl 1837.17
2023.02.21 17:25:00,2023-02-21,17,evening,SHORT,260,0.01,1834.38,A1_M5_MOM_BEAR_M5_EM,2023.02.22 00:04:30,2023-02-22,0,night,2023-02-21,17,evening,261,1837.89,-3.51,1006.25,sl 1837.88
2023.02.22 03:20:00,2023-02-22,3,night,SHORT,262,0.01,1835.58,A1_M5_MOM_BEAR_M5_EM,2023.02.22 06:51:30,2023-02-22,6,morning,2023-02-22,3,night,263,1839.09,-3.51,1002.74,sl 1839.08
2023.02.22 09:25:00,2023-02-22,9,morning,SHORT,264,0.01,1832.94,A1_M5_MOM_BEAR_M5_EM,2023.02.22 10:07:16,2023-02-22,10,morning,2023-02-22,9,morning,265,1836.45,-3.51,999.23,sl 1836.44
2023.02.22 16:05:00,2023-02-22,16,evening,SHORT,266,0.01,1832.09,A1_M5_MOM_BEAR_M5_EM,2023.02.22 18:56:04,2023-02-22,18,evening,2023-02-22,16,evening,267,1825.09,7.0,1006.23,tp 1825.09
2023.02.22 19:00:00,2023-02-22,19,evening,SHORT,268,0.01,1824.91,A1_M5_MOM_BEAR_M5_EM,2023.02.23 05:31:05,2023-02-23,5,night,2023-02-22,19,evening,269,1831.52,-6.61,999.62,sl 1831.52
2023.02.23 07:05:00,2023-02-23,7,morning,SHORT,270,0.01,1828.44,A1_M5_MOM_BEAR_M5_EM,2023.02.23 12:32:20,2023-02-23,12,afternoon,2023-02-23,7,morning,271,1821.44,7.0,1006.62,tp 1821.44
2023.02.23 14:20:00,2023-02-23,14,afternoon,SHORT,272,0.01,1824.04,A1_M5_MOM_BEAR_M5_EM,2023.02.24 13:41:15,2023-02-24,13,afternoon,2023-02-23,14,afternoon,273,1810.46,13.58,1020.2,tp 1810.46
2023.02.24 13:45:00,2023-02-24,13,afternoon,SHORT,274,0.01,1809.84,A1_M5_MOM_BEAR_M5_EM,2023.02.27 13:22:00,2023-02-27,13,afternoon,2023-02-24,13,afternoon,275,1817.07,-7.23,1012.97,sl 1817.06
2023.02.28 09:30:00,2023-02-28,9,morning,SHORT,276,0.01,1810.41,A1_M5_MOM_BEAR_M5_EM,2023.02.28 12:55:37,2023-02-28,12,afternoon,2023-02-28,9,morning,277,1813.92,-3.51,1009.46,sl 1813.91
2023.03.08 00:05:00,2023-03-08,0,night,SHORT,278,0.01,1812.43,A1_M5_MOM_BEAR_M5_EM,2023.03.08 10:06:39,2023-03-08,10,morning,2023-03-08,0,night,279,1815.94,-3.51,1005.95,sl 1815.93
2023.03.08 12:15:00,2023-03-08,12,afternoon,SHORT,280,0.01,1813.96,A1_M5_MOM_BEAR_M5_EM,2023.03.08 13:31:38,2023-03-08,13,afternoon,2023-03-08,12,afternoon,281,1817.47,-3.51,1002.44,sl 1817.46
2023.03.08 19:20:00,2023-03-08,19,evening,SHORT,282,0.01,1815.12,A1_M5_MOM_BEAR_M5_EM,2023.03.09 07:41:38,2023-03-09,7,morning,2023-03-08,19,evening,283,1818.63,-3.51,998.93,sl 1818.62
2023.04.27 16:00:00,2023-04-27,16,evening,SHORT,284,0.01,1982.28,A1_M5_MOM_BEAR_M5_EM,2023.04.27 17:14:18,2023-04-27,17,evening,2023-04-27,16,evening,285,1986.69,-4.41,994.52,sl 1986.66
2023.04.27 20:50:00,2023-04-27,20,night,SHORT,286,0.01,1987.56,A1_M5_MOM_BEAR_M5_EM,2023.04.28 01:38:29,2023-04-28,1,night,2023-04-27,20,night,287,1991.06,-3.5,991.02,sl 1991.06
2023.05.01 01:10:00,2023-05-01,1,night,SHORT,288,0.01,1983.79,A1_M5_MOM_BEAR_M5_EM,2023.05.01 10:10:31,2023-05-01,10,morning,2023-05-01,1,night,289,1987.31,-3.52,987.5,sl 1987.29
2023.05.01 17:00:00,2023-05-01,17,evening,SHORT,290,0.01,1981.69,A1_M5_MOM_BEAR_M5_EM,2023.05.02 06:25:34,2023-05-02,6,morning,2023-05-01,17,evening,291,1985.57,-3.88,983.62,sl 1985.57
2023.05.02 08:00:00,2023-05-02,8,morning,SHORT,292,0.01,1981.43,A1_M5_MOM_BEAR_M5_EM,2023.05.02 09:45:18,2023-05-02,9,morning,2023-05-02,8,morning,293,1984.94,-3.51,980.11,sl 1984.93
2023.05.17 03:40:00,2023-05-17,3,night,SHORT,294,0.01,1991.31,A1_M5_MOM_BEAR_M5_EM,2023.05.17 09:01:40,2023-05-17,9,morning,2023-05-17,3,night,295,1984.30,7.01,987.12,tp 1984.31
2023.05.17 09:30:00,2023-05-17,9,morning,SHORT,296,0.01,1985.49,A1_M5_MOM_BEAR_M5_EM,2023.05.17 13:56:29,2023-05-17,13,afternoon,2023-05-17,9,morning,297,1978.45,7.04,994.16,tp 1978.49
2023.05.17 15:05:00,2023-05-17,15,afternoon,SHORT,298,0.01,1981.21,A1_M5_MOM_BEAR_M5_EM,2023.05.18 12:33:29,2023-05-18,12,afternoon,2023-05-17,15,afternoon,299,1968.13,13.08,1007.24,tp 1968.14
2023.05.18 13:00:00,2023-05-18,13,afternoon,SHORT,300,0.01,1967.08,A1_M5_MOM_BEAR_M5_EM,2023.05.18 14:40:31,2023-05-18,14,afternoon,2023-05-18,13,afternoon,301,1955.46,11.62,1018.86,tp 1955.46
2023.05.18 14:50:00,2023-05-18,14,afternoon,SHORT,302,0.01,1955.26,A1_M5_MOM_BEAR_M5_EM,2023.05.19 02:52:59,2023-05-19,2,night,2023-05-18,14,afternoon,303,1961.43,-6.17,1012.69,sl 1961.39
2023.05.19 05:20:00,2023-05-19,5,night,SHORT,304,0.01,1961.61,A1_M5_MOM_BEAR_M5_EM,2023.05.19 06:14:21,2023-05-19,6,morning,2023-05-19,5,night,305,1965.11,-3.5,1009.19,sl 1965.11
2023.05.19 13:00:00,2023-05-19,13,afternoon,SHORT,306,0.01,1960.89,A1_M5_MOM_BEAR_M5_EM,2023.05.19 15:13:39,2023-05-19,15,afternoon,2023-05-19,13,afternoon,307,1964.41,-3.52,1005.67,sl 1964.39
2023.05.22 23:55:00,2023-05-22,23,night,SHORT,308,0.01,1969.70,A1_M5_MOM_BEAR_M5_EM,2023.05.23 01:44:27,2023-05-23,1,night,2023-05-22,23,night,309,1962.66,7.04,1012.71,tp 1962.70
2023.05.23 06:05:00,2023-05-23,6,morning,SHORT,310,0.01,1960.43,A1_M5_MOM_BEAR_M5_EM,2023.05.23 06:15:34,2023-05-23,6,morning,2023-05-23,6,morning,311,1963.93,-3.5,1009.21,sl 1963.93
2023.05.23 07:05:00,2023-05-23,7,morning,SHORT,312,0.01,1961.09,A1_M5_MOM_BEAR_M5_EM,2023.05.23 13:16:26,2023-05-23,13,afternoon,2023-05-23,7,morning,313,1964.59,-3.5,1005.71,sl 1964.59
2023.05.24 19:15:00,2023-05-24,19,evening,SHORT,314,0.01,1959.22,A1_M5_MOM_BEAR_M5_EM,2023.05.25 08:25:30,2023-05-25,8,morning,2023-05-24,19,evening,315,1963.33,-4.11,1001.6,sl 1963.29
2023.05.25 13:40:00,2023-05-25,13,afternoon,SHORT,316,0.01,1947.22,A1_M5_MOM_BEAR_M5_EM,2023.05.30 11:33:28,2023-05-30,11,morning,2023-05-25,13,afternoon,317,1957.58,-10.36,991.24,sl 1957.55
2023.06.04 23:45:00,2023-06-04,23,night,SHORT,318,0.01,1948.36,A1_M5_MOM_BEAR_M5_EM,2023.06.05 07:42:28,2023-06-05,7,morning,2023-06-04,23,night,319,1941.35,7.01,998.25,tp 1941.36
2023.06.05 08:45:00,2023-06-05,8,morning,SHORT,320,0.01,1941.22,A1_M5_MOM_BEAR_M5_EM,2023.06.05 09:39:57,2023-06-05,9,morning,2023-06-05,8,morning,321,1944.73,-3.51,994.74,sl 1944.72
2023.06.05 11:15:00,2023-06-05,11,morning,SHORT,322,0.01,1942.39,A1_M5_MOM_BEAR_M5_EM,2023.06.05 13:15:30,2023-06-05,13,afternoon,2023-06-05,11,morning,323,1945.89,-3.5,991.24,sl 1945.89
2023.06.07 17:05:00,2023-06-07,17,evening,SHORT,324,0.01,1941.67,A1_M5_MOM_BEAR_M5_EM,2023.06.07 17:38:36,2023-06-07,17,evening,2023-06-07,17,evening,325,1945.74,-4.07,987.17,sl 1945.74
2023.06.07 18:15:00,2023-06-07,18,evening,SHORT,326,0.01,1944.35,A1_M5_MOM_BEAR_M5_EM,2023.06.08 05:37:40,2023-06-08,5,night,2023-06-07,18,evening,327,1947.87,-3.52,983.65,sl 1947.85
2023.06.08 09:40:00,2023-06-08,9,morning,SHORT,328,0.01,1946.57,A1_M5_MOM_BEAR_M5_EM,2023.06.08 12:30:27,2023-06-08,12,afternoon,2023-06-08,9,morning,329,1950.09,-3.52,980.13,sl 1950.07
2023.06.12 16:20:00,2023-06-12,16,evening,SHORT,330,0.01,1953.83,A1_M5_MOM_BEAR_M5_EM,2023.06.12 18:44:14,2023-06-12,18,evening,2023-06-12,16,evening,331,1957.34,-3.51,976.62,sl 1957.33
2023.06.13 02:15:00,2023-06-13,2,night,SHORT,332,0.01,1956.67,A1_M5_MOM_BEAR_M5_EM,2023.06.13 03:25:26,2023-06-13,3,night,2023-06-13,2,night,333,1960.17,-3.5,973.12,sl 1960.17
2023.06.13 16:55:00,2023-06-13,16,evening,SHORT,334,0.01,1944.95,A1_M5_MOM_BEAR_M5_EM,2023.06.14 03:50:33,2023-06-14,3,night,2023-06-13,16,evening,335,1948.70,-3.75,969.37,sl 1948.66
2023.06.14 06:35:00,2023-06-14,6,morning,SHORT,336,0.01,1946.36,A1_M5_MOM_BEAR_M5_EM,2023.06.14 07:34:26,2023-06-14,7,morning,2023-06-14,6,morning,337,1949.87,-3.51,965.86,sl 1949.86
2023.06.14 20:00:00,2023-06-14,20,night,SHORT,338,0.01,1944.90,A1_M5_MOM_BEAR_M5_EM,2023.06.15 02:00:16,2023-06-15,2,night,2023-06-14,20,night,339,1932.94,11.96,977.82,tp 1932.94
2023.06.15 04:15:00,2023-06-15,4,night,SHORT,340,0.01,1933.86,A1_M5_MOM_BEAR_M5_EM,2023.06.15 05:47:41,2023-06-15,5,night,2023-06-15,4,night,341,1937.37,-3.51,974.31,sl 1937.36
2023.06.15 06:45:00,2023-06-15,6,morning,SHORT,342,0.01,1933.83,A1_M5_MOM_BEAR_M5_EM,2023.06.15 12:28:28,2023-06-15,12,afternoon,2023-06-15,6,morning,343,1926.68,7.15,981.46,tp 1926.68
2023.06.15 12:30:00,2023-06-15,12,afternoon,SHORT,344,0.01,1926.86,A1_M5_MOM_BEAR_M5_EM,2023.06.15 12:33:30,2023-06-15,12,afternoon,2023-06-15,12,afternoon,345,1931.45,-4.59,976.87,sl 1931.43
2023.06.15 12:40:00,2023-06-15,12,afternoon,SHORT,346,0.01,1928.80,A1_M5_MOM_BEAR_M5_EM,2023.06.15 13:00:31,2023-06-15,13,afternoon,2023-06-15,12,afternoon,347,1935.31,-6.51,970.36,sl 1935.30
2023.06.19 15:50:00,2023-06-19,15,afternoon,SHORT,348,0.01,1951.52,A1_M5_MOM_BEAR_M5_EM,2023.06.20 07:35:04,2023-06-20,7,morning,2023-06-19,15,afternoon,349,1955.03,-3.51,966.85,sl 1955.02
2023.06.20 20:35:00,2023-06-20,20,night,SHORT,350,0.01,1935.93,A1_M5_MOM_BEAR_M5_EM,2023.06.21 02:34:39,2023-06-21,2,night,2023-06-20,20,night,351,1939.44,-3.51,963.34,sl 1939.43
2023.06.21 03:30:00,2023-06-21,3,night,SHORT,352,0.01,1936.54,A1_M5_MOM_BEAR_M5_EM,2023.06.21 12:22:13,2023-06-21,12,afternoon,2023-06-21,3,night,353,1929.54,7.0,970.34,tp 1929.54
2023.06.21 12:45:00,2023-06-21,12,afternoon,SHORT,354,0.01,1929.10,A1_M5_MOM_BEAR_M5_EM,2023.06.21 17:10:03,2023-06-21,17,evening,2023-06-21,12,afternoon,355,1934.91,-5.81,964.53,sl 1934.89
2023.06.21 20:35:00,2023-06-21,20,night,SHORT,356,0.01,1932.36,A1_M5_MOM_BEAR_M5_EM,2023.06.22 08:43:54,2023-06-22,8,morning,2023-06-21,20,night,357,1925.36,7.0,971.53,tp 1925.36
2023.06.22 09:20:00,2023-06-22,9,morning,SHORT,358,0.01,1926.91,A1_M5_MOM_BEAR_M5_EM,2023.06.22 12:31:42,2023-06-22,12,afternoon,2023-06-22,9,morning,359,1930.41,-3.5,968.03,sl 1930.41
2023.06.22 13:00:00,2023-06-22,13,afternoon,SHORT,360,0.01,1923.46,A1_M5_MOM_BEAR_M5_EM,2023.06.23 01:51:03,2023-06-23,1,night,2023-06-22,13,afternoon,361,1912.35,11.11,979.14,tp 1912.36
2023.06.23 02:05:00,2023-06-23,2,night,SHORT,362,0.01,1911.75,A1_M5_MOM_BEAR_M5_EM,2023.06.23 04:34:40,2023-06-23,4,night,2023-06-23,2,night,363,1915.25,-3.5,975.64,sl 1915.25
2023.06.23 06:45:00,2023-06-23,6,morning,SHORT,364,0.01,1914.15,A1_M5_MOM_BEAR_M5_EM,2023.06.23 07:30:40,2023-06-23,7,morning,2023-06-23,6,morning,365,1917.67,-3.52,972.12,sl 1917.65
2023.06.27 15:00:00,2023-06-27,15,afternoon,SHORT,366,0.01,1917.29,A1_M5_MOM_BEAR_M5_EM,2023.06.28 13:46:17,2023-06-28,13,afternoon,2023-06-27,15,afternoon,367,1903.91,13.38,985.5,tp 1903.92
2023.06.28 14:55:00,2023-06-28,14,afternoon,SHORT,368,0.01,1906.13,A1_M5_MOM_BEAR_M5_EM,2023.06.28 15:25:30,2023-06-28,15,afternoon,2023-06-28,14,afternoon,369,1912.49,-6.36,979.14,sl 1912.48
2023.06.28 20:20:00,2023-06-28,20,night,SHORT,370,0.01,1909.37,A1_M5_MOM_BEAR_M5_EM,2023.06.29 01:19:42,2023-06-29,1,night,2023-06-28,20,night,371,1912.87,-3.5,975.64,sl 1912.87
2023.06.29 02:40:00,2023-06-29,2,night,SHORT,372,0.01,1905.65,A1_M5_MOM_BEAR_M5_EM,2023.06.29 10:52:27,2023-06-29,10,morning,2023-06-29,2,night,373,1909.16,-3.51,972.13,sl 1909.15
2023.06.29 13:25:00,2023-06-29,13,afternoon,SHORT,374,0.01,1895.36,A1_M5_MOM_BEAR_M5_EM,2023.06.29 14:09:14,2023-06-29,14,afternoon,2023-06-29,13,afternoon,375,1902.35,-6.99,965.14,sl 1902.35
2023.06.30 07:45:00,2023-06-30,7,morning,SHORT,376,0.01,1905.64,A1_M5_MOM_BEAR_M5_EM,2023.06.30 12:30:40,2023-06-30,12,afternoon,2023-06-30,7,morning,377,1909.14,-3.5,961.64,sl 1909.14
2023.07.06 00:45:00,2023-07-06,0,night,SHORT,378,0.01,1916.23,A1_M5_MOM_BEAR_M5_EM,2023.07.06 02:30:05,2023-07-06,2,night,2023-07-06,0,night,379,1919.78,-3.55,958.09,sl 1919.73
2023.07.06 04:00:00,2023-07-06,4,night,SHORT,380,0.01,1918.11,A1_M5_MOM_BEAR_M5_EM,2023.07.06 10:29:05,2023-07-06,10,morning,2023-07-06,4,night,381,1921.62,-3.51,954.58,sl 1921.61
2023.07.06 13:15:00,2023-07-06,13,afternoon,SHORT,382,0.01,1905.30,A1_M5_MOM_BEAR_M5_EM,2023.07.07 06:14:13,2023-07-07,6,morning,2023-07-06,13,afternoon,383,1915.15,-9.85,944.73,sl 1915.15
2023.08.03 00:50:00,2023-08-03,0,night,SHORT,384,0.01,1935.61,A1_M5_MOM_BEAR_M5_EM,2023.08.04 12:30:04,2023-08-04,12,afternoon,2023-08-03,0,night,385,1928.58,7.03,951.76,tp 1928.61
2023.08.07 10:10:00,2023-08-07,10,morning,SHORT,386,0.01,1934.34,A1_M5_MOM_BEAR_M5_EM,2023.08.07 12:58:30,2023-08-07,12,afternoon,2023-08-07,10,morning,387,1937.85,-3.51,948.25,sl 1937.84
2023.08.07 14:45:00,2023-08-07,14,afternoon,SHORT,388,0.01,1934.74,A1_M5_MOM_BEAR_M5_EM,2023.08.08 12:09:26,2023-08-08,12,afternoon,2023-08-07,14,afternoon,389,1925.74,9.0,957.25,tp 1925.75
2023.08.08 12:45:00,2023-08-08,12,afternoon,SHORT,390,0.01,1925.47,A1_M5_MOM_BEAR_M5_EM,2023.08.08 14:41:30,2023-08-08,14,afternoon,2023-08-08,12,afternoon,391,1930.37,-4.9,952.35,sl 1930.36
2023.08.08 15:25:00,2023-08-08,15,afternoon,SHORT,392,0.01,1926.08,A1_M5_MOM_BEAR_M5_EM,2023.08.09 02:52:12,2023-08-09,2,night,2023-08-08,15,afternoon,393,1930.23,-4.15,948.2,sl 1930.22
2023.08.09 10:25:00,2023-08-09,10,morning,SHORT,394,0.01,1925.66,A1_M5_MOM_BEAR_M5_EM,2023.08.09 14:54:25,2023-08-09,14,afternoon,2023-08-09,10,morning,395,1918.66,7.0,955.2,tp 1918.66
2023.08.09 15:20:00,2023-08-09,15,afternoon,SHORT,396,0.01,1917.02,A1_M5_MOM_BEAR_M5_EM,2023.08.10 10:30:35,2023-08-10,10,morning,2023-08-09,15,afternoon,397,1922.07,-5.05,950.15,sl 1922.05
2023.08.10 18:20:00,2023-08-10,18,evening,SHORT,398,0.01,1913.50,A1_M5_MOM_BEAR_M5_EM,2023.08.11 06:12:37,2023-08-11,6,morning,2023-08-10,18,evening,399,1917.00,-3.5,946.65,sl 1917.00
2023.08.11 16:25:00,2023-08-11,16,evening,SHORT,400,0.01,1914.30,A1_M5_MOM_BEAR_M5_EM,2023.08.14 12:24:30,2023-08-14,12,afternoon,2023-08-11,16,evening,401,1907.30,7.0,953.65,tp 1907.30
2023.08.14 13:20:00,2023-08-14,13,afternoon,SHORT,402,0.01,1907.85,A1_M5_MOM_BEAR_M5_EM,2023.08.14 16:07:19,2023-08-14,16,evening,2023-08-14,13,afternoon,403,1912.74,-4.89,948.76,sl 1912.73
2023.08.14 18:10:00,2023-08-14,18,evening,SHORT,404,0.01,1910.14,A1_M5_MOM_BEAR_M5_EM,2023.08.15 08:22:42,2023-08-15,8,morning,2023-08-14,18,evening,405,1903.14,7.0,955.76,tp 1903.14
2023.08.15 08:30:00,2023-08-15,8,morning,SHORT,406,0.01,1903.82,A1_M5_MOM_BEAR_M5_EM,2023.08.15 12:32:40,2023-08-15,12,afternoon,2023-08-15,8,morning,407,1896.82,7.0,962.76,tp 1896.82
2023.08.15 18:10:00,2023-08-15,18,evening,SHORT,408,0.01,1903.99,A1_M5_MOM_BEAR_M5_EM,2023.08.16 18:02:37,2023-08-16,18,evening,2023-08-15,18,evening,409,1896.99,7.0,969.76,tp 1896.99
2023.08.16 18:05:00,2023-08-16,18,evening,SHORT,410,0.01,1896.55,A1_M5_MOM_BEAR_M5_EM,2023.08.17 12:03:14,2023-08-17,12,afternoon,2023-08-16,18,evening,411,1900.06,-3.51,966.25,sl 1900.05
2023.08.17 16:20:00,2023-08-17,16,evening,SHORT,412,0.01,1889.58,A1_M5_MOM_BEAR_M5_EM,2023.08.18 00:48:17,2023-08-18,0,night,2023-08-17,16,evening,413,1893.08,-3.5,962.75,sl 1893.08
2023.08.18 07:25:00,2023-08-18,7,morning,SHORT,414,0.01,1892.41,A1_M5_MOM_BEAR_M5_EM,2023.08.18 13:50:19,2023-08-18,13,afternoon,2023-08-18,7,morning,415,1895.91,-3.5,959.25,sl 1895.91
2023.08.18 17:20:00,2023-08-18,17,evening,SHORT,416,0.01,1888.87,A1_M5_MOM_BEAR_M5_EM,2023.08.21 02:53:38,2023-08-21,2,night,2023-08-18,17,evening,417,1892.37,-3.5,955.75,sl 1892.37
2023.08.21 06:45:00,2023-08-21,6,morning,SHORT,418,0.01,1888.46,A1_M5_MOM_BEAR_M5_EM,2023.08.21 11:39:15,2023-08-21,11,morning,2023-08-21,6,morning,419,1891.96,-3.5,952.25,sl 1891.96
2023.09.10 22:45:00,2023-09-10,22,night,SHORT,420,0.01,1918.04,A1_M5_MOM_BEAR_M5_EM,2023.09.11 01:34:31,2023-09-11,1,night,2023-09-10,22,night,421,1921.54,-3.5,948.75,sl 1921.54
2023.09.12 01:05:00,2023-09-12,1,night,SHORT,422,0.01,1921.24,A1_M5_MOM_BEAR_M5_EM,2023.09.12 11:20:30,2023-09-12,11,morning,2023-09-12,1,night,423,1914.24,7.0,955.75,tp 1914.24
2023.09.12 12:55:00,2023-09-12,12,afternoon,SHORT,424,0.01,1910.14,A1_M5_MOM_BEAR_M5_EM,2023.09.12 14:33:16,2023-09-12,14,afternoon,2023-09-12,12,afternoon,425,1913.73,-3.59,952.16,sl 1913.67
2023.09.12 17:15:00,2023-09-12,17,evening,SHORT,426,0.01,1911.93,A1_M5_MOM_BEAR_M5_EM,2023.09.13 13:36:03,2023-09-13,13,afternoon,2023-09-12,17,evening,427,1915.43,-3.5,948.66,sl 1915.43
2023.09.13 16:50:00,2023-09-13,16,evening,SHORT,428,0.01,1909.82,A1_M5_MOM_BEAR_M5_EM,2023.09.14 12:30:39,2023-09-14,12,afternoon,2023-09-13,16,evening,429,1902.81,7.01,955.67,tp 1902.82
2023.09.14 13:30:00,2023-09-14,13,afternoon,SHORT,430,0.01,1902.46,A1_M5_MOM_BEAR_M5_EM,2023.09.14 14:49:31,2023-09-14,14,afternoon,2023-09-14,13,afternoon,431,1909.04,-6.58,949.09,sl 1909.03
2023.09.27 01:15:00,2023-09-27,1,night,SHORT,432,0.01,1900.09,A1_M5_MOM_BEAR_M5_EM,2023.09.27 01:34:18,2023-09-27,1,night,2023-09-27,1,night,433,1903.59,-3.5,945.59,sl 1903.59
2023.09.27 02:30:00,2023-09-27,2,night,SHORT,434,0.01,1901.05,A1_M5_MOM_BEAR_M5_EM,2023.09.27 10:47:28,2023-09-27,10,morning,2023-09-27,2,night,435,1894.05,7.0,952.59,tp 1894.05
2023.09.27 11:00:00,2023-09-27,11,morning,SHORT,436,0.01,1893.88,A1_M5_MOM_BEAR_M5_EM,2023.09.27 13:41:42,2023-09-27,13,afternoon,2023-09-27,11,morning,437,1886.76,7.12,959.71,tp 1886.88
2023.09.27 14:15:00,2023-09-27,14,afternoon,SHORT,438,0.01,1884.94,A1_M5_MOM_BEAR_M5_EM,2023.09.27 16:54:25,2023-09-27,16,evening,2023-09-27,14,afternoon,439,1875.90,9.04,968.75,tp 1875.90
2023.09.27 17:20:00,2023-09-27,17,evening,SHORT,440,0.01,1875.40,A1_M5_MOM_BEAR_M5_EM,2023.09.28 12:34:29,2023-09-28,12,afternoon,2023-09-27,17,evening,441,1878.90,-3.5,965.25,sl 1878.90
2023.09.28 13:00:00,2023-09-28,13,afternoon,SHORT,442,0.01,1872.46,A1_M5_MOM_BEAR_M5_EM,2023.09.28 13:35:41,2023-09-28,13,afternoon,2023-09-28,13,afternoon,443,1877.00,-4.54,960.71,sl 1876.99
2023.09.28 13:50:00,2023-09-28,13,afternoon,SHORT,444,0.01,1872.10,A1_M5_MOM_BEAR_M5_EM,2023.09.28 15:11:37,2023-09-28,15,afternoon,2023-09-28,13,afternoon,445,1860.96,11.14,971.85,tp 1860.97
2023.09.28 16:15:00,2023-09-28,16,evening,SHORT,446,0.01,1863.03,A1_M5_MOM_BEAR_M5_EM,2023.09.29 05:56:15,2023-09-29,5,night,2023-09-28,16,evening,447,1868.35,-5.32,966.53,sl 1868.34
2023.09.29 15:05:00,2023-09-29,15,afternoon,SHORT,448,0.01,1857.89,A1_M5_MOM_BEAR_M5_EM,2023.10.02 02:24:50,2023-10-02,2,night,2023-09-29,15,afternoon,449,1843.39,14.5,981.03,tp 1843.39
2023.10.02 02:35:00,2023-10-02,2,night,SHORT,450,0.01,1843.09,A1_M5_MOM_BEAR_M5_EM,2023.10.02 09:22:59,2023-10-02,9,morning,2023-10-02,2,night,451,1836.09,7.0,988.03,tp 1836.09
2023.10.02 10:45:00,2023-10-02,10,morning,SHORT,452,0.01,1834.61,A1_M5_MOM_BEAR_M5_EM,2023.10.02 11:45:13,2023-10-02,11,morning,2023-10-02,10,morning,453,1838.19,-3.58,984.45,sl 1838.19
2023.10.02 13:30:00,2023-10-02,13,afternoon,SHORT,454,0.01,1835.34,A1_M5_MOM_BEAR_M5_EM,2023.10.02 23:12:12,2023-10-02,23,night,2023-10-02,13,afternoon,455,1825.15,10.19,994.64,tp 1825.18
2023.10.03 00:10:00,2023-10-03,0,night,SHORT,456,0.01,1822.88,A1_M5_MOM_BEAR_M5_EM,2023.10.03 08:06:40,2023-10-03,8,morning,2023-10-03,0,night,457,1827.39,-4.51,990.13,sl 1827.39
2023.10.03 10:20:00,2023-10-03,10,morning,SHORT,458,0.01,1825.14,A1_M5_MOM_BEAR_M5_EM,2023.10.03 12:18:31,2023-10-03,12,afternoon,2023-10-03,10,morning,459,1828.64,-3.5,986.63,sl 1828.64
2023.10.03 12:45:00,2023-10-03,12,afternoon,SHORT,460,0.01,1825.12,A1_M5_MOM_BEAR_M5_EM,2023.10.03 13:43:26,2023-10-03,13,afternoon,2023-10-03,12,afternoon,461,1829.19,-4.07,982.56,sl 1829.19
2023.10.03 15:25:00,2023-10-03,15,afternoon,SHORT,462,0.01,1824.78,A1_M5_MOM_BEAR_M5_EM,2023.10.06 15:28:17,2023-10-06,15,afternoon,2023-10-03,15,afternoon,463,1833.14,-8.36,974.2,sl 1833.14
2023.11.13 00:10:00,2023-11-13,0,night,SHORT,464,0.01,1938.85,A1_M5_MOM_BEAR_M5_EM,2023.11.13 14:00:42,2023-11-13,14,afternoon,2023-11-13,0,night,465,1931.66,7.19,981.39,tp 1931.85
2023.12.12 01:00:00,2023-12-12,1,night,SHORT,466,0.01,1983.23,A1_M5_MOM_BEAR_M5_EM,2023.12.12 04:40:42,2023-12-12,4,night,2023-12-12,1,night,467,1986.85,-3.62,977.77,sl 1986.73
2023.12.12 08:00:00,2023-12-12,8,morning,SHORT,468,0.01,1983.71,A1_M5_MOM_BEAR_M5_EM,2023.12.12 09:27:10,2023-12-12,9,morning,2023-12-12,8,morning,469,1987.23,-3.52,974.25,sl 1987.21
2023.12.12 13:25:00,2023-12-12,13,afternoon,SHORT,470,0.01,1984.60,A1_M5_MOM_BEAR_M5_EM,2023.12.13 18:01:29,2023-12-13,18,evening,2023-12-12,13,afternoon,471,1993.21,-8.61,965.64,sl 1993.18
2024.01.09 16:20:00,2024-01-09,16,evening,SHORT,472,0.01,2029.05,A1_M5_MOM_BEAR_M5_EM,2024.01.10 07:07:40,2024-01-10,7,morning,2024-01-09,16,evening,473,2033.63,-4.58,961.06,sl 2033.63
2024.01.10 14:00:00,2024-01-10,14,afternoon,SHORT,474,0.01,2027.28,A1_M5_MOM_BEAR_M5_EM,2024.01.11 01:18:15,2024-01-11,1,night,2024-01-10,14,afternoon,475,2032.18,-4.9,956.16,sl 2032.18
2024.01.11 14:05:00,2024-01-11,14,afternoon,SHORT,476,0.01,2027.18,A1_M5_MOM_BEAR_M5_EM,2024.01.11 22:59:27,2024-01-11,22,night,2024-01-11,14,afternoon,477,2035.48,-8.3,947.86,sl 2035.47
2024.01.17 08:05:00,2024-01-17,8,morning,SHORT,478,0.01,2020.69,A1_M5_MOM_BEAR_M5_EM,2024.01.17 08:59:39,2024-01-17,8,morning,2024-01-17,8,morning,479,2024.21,-3.52,944.34,sl 2024.21
2024.01.17 13:10:00,2024-01-17,13,afternoon,SHORT,480,0.01,2020.34,A1_M5_MOM_BEAR_M5_EM,2024.01.17 14:32:43,2024-01-17,14,afternoon,2024-01-17,13,afternoon,481,2006.53,13.81,958.15,tp 2006.62
2024.01.17 14:55:00,2024-01-17,14,afternoon,SHORT,482,0.01,2008.67,A1_M5_MOM_BEAR_M5_EM,2024.01.18 11:05:43,2024-01-18,11,morning,2024-01-17,14,afternoon,483,2016.01,-7.34,950.81,sl 2016.00
2024.01.24 17:45:00,2024-01-24,17,evening,SHORT,484,0.01,2014.21,A1_M5_MOM_BEAR_M5_EM,2024.01.25 06:31:43,2024-01-25,6,morning,2024-01-24,17,evening,485,2018.45,-4.24,946.57,sl 2018.27
2024.01.25 07:15:00,2024-01-25,7,morning,SHORT,486,0.01,2014.24,A1_M5_MOM_BEAR_M5_EM,2024.01.25 08:54:31,2024-01-25,8,morning,2024-01-25,7,morning,487,2017.90,-3.66,942.91,sl 2017.85
2024.01.25 12:00:00,2024-01-25,12,afternoon,SHORT,488,0.01,2013.77,A1_M5_MOM_BEAR_M5_EM,2024.01.25 12:17:38,2024-01-25,12,afternoon,2024-01-25,12,afternoon,489,2017.27,-3.5,939.41,sl 2017.27
2024.01.26 16:05:00,2024-01-26,16,evening,SHORT,490,0.01,2017.13,A1_M5_MOM_BEAR_M5_EM,2024.01.28 22:00:00,2024-01-28,22,night,2024-01-26,16,evening,491,2024.15,-7.02,932.39,sl 2020.77
2024.02.09 09:00:00,2024-02-09,9,morning,SHORT,492,0.01,2031.62,A1_M5_MOM_BEAR_M5_EM,2024.02.09 12:33:20,2024-02-09,12,afternoon,2024-02-09,9,morning,493,2035.14,-3.52,928.87,sl 2035.12
2024.02.09 13:05:00,2024-02-09,13,afternoon,SHORT,494,0.01,2025.84,A1_M5_MOM_BEAR_M5_EM,2024.02.12 14:53:28,2024-02-12,14,afternoon,2024-02-09,13,afternoon,495,2012.64,13.2,942.07,tp 2012.64
2024.02.12 14:55:00,2024-02-12,14,afternoon,SHORT,496,0.01,2012.36,A1_M5_MOM_BEAR_M5_EM,2024.02.12 16:24:39,2024-02-12,16,evening,2024-02-12,14,afternoon,497,2016.95,-4.59,937.48,sl 2016.95
2024.02.13 13:50:00,2024-02-13,13,afternoon,SHORT,498,0.01,1995.79,A1_M5_MOM_BEAR_M5_EM,2024.02.15 12:30:40,2024-02-15,12,afternoon,2024-02-13,13,afternoon,499,2004.49,-8.7,928.78,sl 2004.48
2024.05.01 01:00:00,2024-05-01,1,night,SHORT,500,0.01,2286.79,A1_M5_MOM_BEAR_M5_EM,2024.05.01 09:48:20,2024-05-01,9,morning,2024-05-01,1,night,501,2290.94,-4.15,924.63,sl 2290.92
2024.05.02 13:50:00,2024-05-02,13,afternoon,SHORT,502,0.01,2288.89,A1_M5_MOM_BEAR_M5_EM,2024.05.02 14:23:12,2024-05-02,14,afternoon,2024-05-02,13,afternoon,503,2298.29,-9.4,915.23,sl 2298.27
2024.05.02 17:20:00,2024-05-02,17,evening,SHORT,504,0.01,2299.41,A1_M5_MOM_BEAR_M5_EM,2024.05.02 17:43:23,2024-05-02,17,evening,2024-05-02,17,evening,505,2303.93,-4.52,910.71,sl 2303.89
2024.05.03 00:15:00,2024-05-03,0,night,SHORT,506,0.01,2302.82,A1_M5_MOM_BEAR_M5_EM,2024.05.03 01:06:40,2024-05-03,1,night,2024-05-03,0,night,507,2306.37,-3.55,907.16,sl 2306.32
2024.05.03 02:10:00,2024-05-03,2,night,SHORT,508,0.01,2301.29,A1_M5_MOM_BEAR_M5_EM,2024.05.03 04:32:28,2024-05-03,4,night,2024-05-03,2,night,509,2305.11,-3.82,903.34,sl 2305.04
2024.05.03 08:00:00,2024-05-03,8,morning,SHORT,510,0.01,2299.10,A1_M5_MOM_BEAR_M5_EM,2024.05.03 09:39:32,2024-05-03,9,morning,2024-05-03,8,morning,511,2303.13,-4.03,899.31,sl 2303.12
2024.05.03 10:15:00,2024-05-03,10,morning,SHORT,512,0.01,2299.82,A1_M5_MOM_BEAR_M5_EM,2024.05.03 12:30:21,2024-05-03,12,afternoon,2024-05-03,10,morning,513,2303.66,-3.84,895.47,sl 2303.32
2024.05.06 00:20:00,2024-05-06,0,night,SHORT,514,0.01,2292.90,A1_M5_MOM_BEAR_M5_EM,2024.05.06 00:58:11,2024-05-06,0,night,2024-05-06,0,night,515,2297.37,-4.47,891.0,sl 2297.35
2024.05.08 08:30:00,2024-05-08,8,morning,SHORT,516,0.01,2304.32,A1_M5_MOM_BEAR_M5_EM,2024.05.08 08:46:00,2024-05-08,8,morning,2024-05-08,8,morning,517,2309.04,-4.72,886.28,sl 2309.03
2024.05.08 19:10:00,2024-05-08,19,evening,SHORT,518,0.01,2311.64,A1_M5_MOM_BEAR_M5_EM,2024.05.09 04:53:03,2024-05-09,4,night,2024-05-08,19,evening,519,2315.14,-3.5,882.78,sl 2315.14
2024.05.09 09:00:00,2024-05-09,9,morning,SHORT,520,0.01,2310.34,A1_M5_MOM_BEAR_M5_EM,2024.05.09 11:28:24,2024-05-09,11,morning,2024-05-09,9,morning,521,2313.90,-3.56,879.22,sl 2313.84
2024.05.27 00:35:00,2024-05-27,0,night,SHORT,522,0.01,2336.06,A1_M5_MOM_BEAR_M5_EM,2024.05.27 01:14:36,2024-05-27,1,night,2024-05-27,0,night,523,2339.57,-3.51,875.71,sl 2339.56
2024.05.28 07:00:00,2024-05-28,7,morning,SHORT,524,0.01,2341.81,A1_M5_MOM_BEAR_M5_EM,2024.05.28 11:47:27,2024-05-28,11,morning,2024-05-28,7,morning,525,2346.84,-5.03,870.68,sl 2346.83
2024.05.30 01:40:00,2024-05-30,1,night,SHORT,526,0.01,2335.31,A1_M5_MOM_BEAR_M5_EM,2024.05.30 05:34:01,2024-05-30,5,night,2024-05-30,1,night,527,2326.87,8.44,879.12,tp 2326.93
2024.05.30 09:50:00,2024-05-30,9,morning,SHORT,528,0.01,2332.15,A1_M5_MOM_BEAR_M5_EM,2024.05.30 10:52:41,2024-05-30,10,morning,2024-05-30,9,morning,529,2336.88,-4.73,874.39,sl 2336.86
2024.05.31 16:10:00,2024-05-31,16,evening,SHORT,530,0.01,2331.42,A1_M5_MOM_BEAR_M5_EM,2024.06.03 05:44:26,2024-06-03,5,night,2024-05-31,16,evening,531,2316.06,15.36,889.75,tp 2316.10
2024.06.03 06:20:00,2024-06-03,6,morning,SHORT,532,0.01,2316.70,A1_M5_MOM_BEAR_M5_EM,2024.06.03 06:58:34,2024-06-03,6,morning,2024-06-03,6,morning,533,2322.49,-5.79,883.96,sl 2322.46
2024.06.04 14:10:00,2024-06-04,14,afternoon,SHORT,534,0.01,2324.08,A1_M5_MOM_BEAR_M5_EM,2024.06.05 02:31:33,2024-06-05,2,night,2024-06-04,14,afternoon,535,2333.49,-9.41,874.55,sl 2333.48
2024.06.10 00:50:00,2024-06-10,0,night,SHORT,536,0.01,2295.33,A1_M5_MOM_BEAR_M5_EM,2024.06.10 02:04:54,2024-06-10,2,night,2024-06-10,0,night,537,2298.83,-3.5,871.05,sl 2298.83
2024.06.10 02:55:00,2024-06-10,2,night,SHORT,538,0.01,2296.26,A1_M5_MOM_BEAR_M5_EM,2024.06.10 06:43:25,2024-06-10,6,morning,2024-06-10,2,night,539,2289.25,7.01,878.06,tp 2289.26
2024.06.10 07:10:00,2024-06-10,7,morning,SHORT,540,0.01,2291.51,A1_M5_MOM_BEAR_M5_EM,2024.06.10 10:53:40,2024-06-10,10,morning,2024-06-10,7,morning,541,2298.04,-6.53,871.53,sl 2298.03
2024.06.11 04:25:00,2024-06-11,4,night,SHORT,542,0.01,2302.78,A1_M5_MOM_BEAR_M5_EM,2024.06.11 08:12:53,2024-06-11,8,morning,2024-06-11,4,night,543,2306.28,-3.5,868.03,sl 2306.28
2024.06.13 12:25:00,2024-06-13,12,afternoon,SHORT,544,0.01,2306.21,A1_M5_MOM_BEAR_M5_EM,2024.06.13 12:30:27,2024-06-13,12,afternoon,2024-06-13,12,afternoon,545,2311.87,-5.66,862.37,sl 2311.79
2024.06.13 15:40:00,2024-06-13,15,afternoon,SHORT,546,0.01,2306.66,A1_M5_MOM_BEAR_M5_EM,2024.06.14 07:49:11,2024-06-14,7,morning,2024-06-13,15,afternoon,547,2314.43,-7.77,854.6,sl 2314.39
2024.06.18 10:00:00,2024-06-18,10,morning,SHORT,548,0.01,2311.17,A1_M5_MOM_BEAR_M5_EM,2024.06.18 12:19:59,2024-06-18,12,afternoon,2024-06-18,10,morning,549,2314.69,-3.52,851.08,sl 2314.67
2024.06.26 01:00:00,2024-06-26,1,night,SHORT,550,0.01,2318.37,A1_M5_MOM_BEAR_M5_EM,2024.06.26 01:41:38,2024-06-26,1,night,2024-06-26,1,night,551,2311.29,7.08,858.16,tp 2311.37
2024.06.26 03:55:00,2024-06-26,3,night,SHORT,552,0.01,2317.22,A1_M5_MOM_BEAR_M5_EM,2024.06.26 06:04:13,2024-06-26,6,morning,2024-06-26,3,night,553,2310.19,7.03,865.19,tp 2310.22
2024.06.26 07:20:00,2024-06-26,7,morning,SHORT,554,0.01,2313.31,A1_M5_MOM_BEAR_M5_EM,2024.06.26 08:30:38,2024-06-26,8,morning,2024-06-26,7,morning,555,2317.70,-4.39,860.8,sl 2317.69
2024.06.26 10:55:00,2024-06-26,10,morning,SHORT,556,0.01,2308.84,A1_M5_MOM_BEAR_M5_EM,2024.06.26 11:49:57,2024-06-26,11,morning,2024-06-26,10,morning,557,2313.16,-4.32,856.48,sl 2313.15
2024.06.26 14:20:00,2024-06-26,14,afternoon,SHORT,558,0.01,2297.14,A1_M5_MOM_BEAR_M5_EM,2024.06.27 08:40:34,2024-06-27,8,morning,2024-06-26,14,afternoon,559,2305.26,-8.12,848.36,sl 2305.26
2024.11.08 06:00:00,2024-11-08,6,morning,SHORT,560,0.01,2686.14,A1_M5_MOM_BEAR_M5_EM,2024.11.08 07:33:28,2024-11-08,7,morning,2024-11-08,6,morning,561,2690.87,-4.73,843.63,sl 2690.87
2024.11.08 09:10:00,2024-11-08,9,morning,SHORT,562,0.01,2686.29,A1_M5_MOM_BEAR_M5_EM,2024.11.08 10:34:03,2024-11-08,10,morning,2024-11-08,9,morning,563,2691.00,-4.71,838.92,sl 2691.00
2024.11.08 18:15:00,2024-11-08,18,evening,SHORT,564,0.01,2683.95,A1_M5_MOM_BEAR_M5_EM,2024.11.08 18:57:27,2024-11-08,18,evening,2024-11-08,18,evening,565,2687.48,-3.53,835.39,sl 2687.45
2024.11.10 22:40:00,2024-11-10,22,night,SHORT,566,0.01,2683.16,A1_M5_MOM_BEAR_M5_EM,2024.11.11 00:16:39,2024-11-11,0,night,2024-11-10,22,night,567,2676.15,7.01,842.4,tp 2676.16
2024.11.11 00:55:00,2024-11-11,0,night,SHORT,568,0.01,2674.43,A1_M5_MOM_BEAR_M5_EM,2024.11.11 10:03:24,2024-11-11,10,morning,2024-11-11,0,night,569,2660.36,14.07,856.47,tp 2660.40
2024.11.11 10:55:00,2024-11-11,10,morning,SHORT,570,0.01,2662.54,A1_M5_MOM_BEAR_M5_EM,2024.11.11 12:32:31,2024-11-11,12,afternoon,2024-11-11,10,morning,571,2649.59,12.95,869.42,tp 2649.64
2024.11.11 13:30:00,2024-11-11,13,afternoon,SHORT,572,0.01,2628.34,A1_M5_MOM_BEAR_M5_EM,2024.11.12 06:24:12,2024-11-12,6,morning,2024-11-11,13,afternoon,573,2603.21,25.13,894.55,tp 2603.28
2024.11.12 06:35:00,2024-11-12,6,morning,SHORT,574,0.01,2600.30,A1_M5_MOM_BEAR_M5_EM,2024.11.12 12:06:25,2024-11-12,12,afternoon,2024-11-12,6,morning,575,2608.02,-7.72,886.83,sl 2608.01
2024.11.12 14:25:00,2024-11-12,14,afternoon,SHORT,576,0.01,2605.83,A1_M5_MOM_BEAR_M5_EM,2024.11.13 12:30:26,2024-11-13,12,afternoon,2024-11-12,14,afternoon,577,2614.92,-9.09,877.74,sl 2614.71
2024.11.13 15:20:00,2024-11-13,15,afternoon,SHORT,578,0.01,2600.51,A1_M5_MOM_BEAR_M5_EM,2024.11.13 16:03:38,2024-11-13,16,evening,2024-11-13,15,afternoon,579,2584.02,16.49,894.23,tp 2584.05
2024.11.13 17:25:00,2024-11-13,17,evening,SHORT,580,0.01,2581.51,A1_M5_MOM_BEAR_M5_EM,2024.11.13 22:37:37,2024-11-13,22,night,2024-11-13,17,evening,581,2569.29,12.22,906.45,tp 2569.41
2024.11.13 22:50:00,2024-11-13,22,night,SHORT,582,0.01,2570.25,A1_M5_MOM_BEAR_M5_EM,2024.11.14 05:37:03,2024-11-14,5,night,2024-11-13,22,night,583,2554.34,15.91,922.36,tp 2554.39
2024.11.14 06:25:00,2024-11-14,6,morning,SHORT,584,0.01,2552.81,A1_M5_MOM_BEAR_M5_EM,2024.11.14 06:37:12,2024-11-14,6,morning,2024-11-14,6,morning,585,2558.84,-6.03,916.33,sl 2558.84
2024.11.14 08:15:00,2024-11-14,8,morning,SHORT,586,0.01,2554.65,A1_M5_MOM_BEAR_M5_EM,2024.11.14 08:36:24,2024-11-14,8,morning,2024-11-14,8,morning,587,2542.79,11.86,928.19,tp 2542.86
2024.11.14 09:25:00,2024-11-14,9,morning,SHORT,588,0.01,2541.15,A1_M5_MOM_BEAR_M5_EM,2024.11.14 10:36:36,2024-11-14,10,morning,2024-11-14,9,morning,589,2549.78,-8.63,919.56,sl 2549.78
2024.11.15 17:05:00,2024-11-15,17,evening,SHORT,590,0.01,2560.58,A1_M5_MOM_BEAR_M5_EM,2024.11.15 17:27:25,2024-11-15,17,evening,2024-11-15,17,evening,591,2565.96,-5.38,914.18,sl 2565.91
2024.11.15 19:05:00,2024-11-15,19,evening,SHORT,592,0.01,2562.79,A1_M5_MOM_BEAR_M5_EM,2024.11.17 22:00:26,2024-11-17,22,night,2024-11-15,19,evening,593,2566.33,-3.54,910.64,sl 2566.29
2024.12.02 03:20:00,2024-12-02,3,night,SHORT,594,0.01,2627.35,A1_M5_MOM_BEAR_M5_EM,2024.12.02 06:41:35,2024-12-02,6,morning,2024-12-02,3,night,595,2633.06,-5.71,904.93,sl 2633.04
2024.12.06 01:00:00,2024-12-06,1,night,SHORT,596,0.01,2617.61,A1_M5_MOM_BEAR_M5_EM,2024.12.06 02:10:32,2024-12-06,2,night,2024-12-06,1,night,597,2627.23,-9.62,895.31,sl 2627.23
2024.12.06 19:55:00,2024-12-06,19,evening,SHORT,598,0.01,2633.28,A1_M5_MOM_BEAR_M5_EM,2024.12.08 22:00:00,2024-12-08,22,night,2024-12-06,19,evening,599,2643.97,-10.69,884.62,sl 2636.78
2024.12.18 12:40:00,2024-12-18,12,afternoon,SHORT,600,0.01,2643.55,A1_M5_MOM_BEAR_M5_EM,2024.12.18 14:09:18,2024-12-18,14,afternoon,2024-12-18,12,afternoon,601,2635.46,8.09,892.71,tp 2635.50
2024.12.18 15:40:00,2024-12-18,15,afternoon,SHORT,602,0.01,2636.98,A1_M5_MOM_BEAR_M5_EM,2024.12.18 18:00:04,2024-12-18,18,evening,2024-12-18,15,afternoon,603,2629.30,7.68,900.39,tp 2629.33
2024.12.18 18:40:00,2024-12-18,18,evening,SHORT,604,0.01,2616.04,A1_M5_MOM_BEAR_M5_EM,2024.12.18 19:30:29,2024-12-18,19,evening,2024-12-18,18,evening,605,2594.25,21.79,922.18,tp 2594.27
2024.12.18 20:20:00,2024-12-18,20,night,SHORT,606,0.01,2592.56,A1_M5_MOM_BEAR_M5_EM,2024.12.19 00:23:28,2024-12-19,0,night,2024-12-18,20,night,607,2603.46,-10.9,911.28,sl 2603.45
2024.12.19 05:00:00,2024-12-19,5,night,SHORT,608,0.01,2606.98,A1_M5_MOM_BEAR_M5_EM,2024.12.19 05:35:24,2024-12-19,5,night,2024-12-19,5,night,609,2610.92,-3.94,907.34,sl 2610.88
2024.12.19 12:45:00,2024-12-19,12,afternoon,SHORT,610,0.01,2601.39,A1_M5_MOM_BEAR_M5_EM,2024.12.20 12:31:37,2024-12-20,12,afternoon,2024-12-19,12,afternoon,611,2609.19,-7.8,899.54,sl 2609.17
2024.12.23 19:25:00,2024-12-23,19,evening,SHORT,612,0.01,2610.81,A1_M5_MOM_BEAR_M5_EM,2024.12.23 22:01:21,2024-12-23,22,night,2024-12-23,19,evening,613,2614.34,-3.53,896.01,sl 2614.31
2024.12.24 09:00:00,2024-12-24,9,morning,SHORT,614,0.01,2613.54,A1_M5_MOM_BEAR_M5_EM,2024.12.24 09:16:25,2024-12-24,9,morning,2024-12-24,9,morning,615,2617.09,-3.55,892.46,sl 2617.04
2024.12.24 10:05:00,2024-12-24,10,morning,SHORT,616,0.01,2614.76,A1_M5_MOM_BEAR_M5_EM,2024.12.24 16:23:54,2024-12-24,16,evening,2024-12-24,10,morning,617,2618.27,-3.51,888.95,sl 2618.26
2024.12.30 06:40:00,2024-12-30,6,morning,SHORT,618,0.01,2617.13,A1_M5_MOM_BEAR_M5_EM,2024.12.30 07:52:34,2024-12-30,7,morning,2024-12-30,6,morning,619,2609.88,7.25,896.2,tp 2609.90
2024.12.30 08:45:00,2024-12-30,8,morning,SHORT,620,0.01,2612.77,A1_M5_MOM_BEAR_M5_EM,2024.12.30 10:36:50,2024-12-30,10,morning,2024-12-30,8,morning,621,2617.48,-4.71,891.49,sl 2617.48
2024.12.30 13:45:00,2024-12-30,13,afternoon,SHORT,622,0.01,2606.07,A1_M5_MOM_BEAR_M5_EM,2024.12.31 06:48:30,2024-12-31,6,morning,2024-12-30,13,afternoon,623,2612.89,-6.82,884.67,sl 2612.87
2025.04.09 01:05:00,2025-04-09,1,night,SHORT,624,0.01,2973.43,A1_M5_MOM_BEAR_M5_EM,2025.04.09 01:27:16,2025-04-09,1,night,2025-04-09,1,night,625,2987.92,-14.49,870.18,sl 2987.84
2025.05.14 02:00:00,2025-05-14,2,night,SHORT,626,0.01,3238.59,A1_M5_MOM_BEAR_M5_EM,2025.05.14 12:13:24,2025-05-14,12,afternoon,2025-05-14,2,night,627,3215.33,23.26,893.44,tp 3215.45
2025.05.14 14:20:00,2025-05-14,14,afternoon,SHORT,628,0.01,3183.82,A1_M5_MOM_BEAR_M5_EM,2025.05.15 03:14:30,2025-05-15,3,night,2025-05-14,14,afternoon,629,3150.07,33.75,927.19,tp 3150.10
2025.05.15 03:15:00,2025-05-15,3,night,SHORT,630,0.01,3149.85,A1_M5_MOM_BEAR_M5_EM,2025.05.15 05:55:35,2025-05-15,5,night,2025-05-15,3,night,631,3124.93,24.92,952.11,tp 3125.14
2025.05.16 14:35:00,2025-05-16,14,afternoon,SHORT,632,0.01,3174.61,A1_M5_MOM_BEAR_M5_EM,2025.05.16 17:05:37,2025-05-16,17,evening,2025-05-16,14,afternoon,633,3190.03,-15.42,936.69,sl 3190.03
2025.06.25 10:40:00,2025-06-25,10,morning,SHORT,634,0.01,3324.92,A1_M5_MOM_BEAR_M5_EM,2025.06.25 11:16:37,2025-06-25,11,morning,2025-06-25,10,morning,635,3329.50,-4.58,932.11,sl 3329.42
2025.06.25 11:50:00,2025-06-25,11,morning,SHORT,636,0.01,3323.17,A1_M5_MOM_BEAR_M5_EM,2025.06.25 12:27:20,2025-06-25,12,afternoon,2025-06-25,11,morning,637,3328.63,-5.46,926.65,sl 3328.61
2025.06.25 12:40:00,2025-06-25,12,afternoon,SHORT,638,0.01,3323.03,A1_M5_MOM_BEAR_M5_EM,2025.06.25 16:30:17,2025-06-25,16,evening,2025-06-25,12,afternoon,639,3329.60,-6.57,920.08,sl 3329.56
2025.06.26 14:25:00,2025-06-26,14,afternoon,SHORT,640,0.01,3316.41,A1_M5_MOM_BEAR_M5_EM,2025.06.26 16:25:35,2025-06-26,16,evening,2025-06-26,14,afternoon,641,3330.91,-14.5,905.58,sl 3330.85
2025.06.26 23:30:00,2025-06-26,23,night,SHORT,642,0.01,3321.59,A1_M5_MOM_BEAR_M5_EM,2025.06.27 02:30:38,2025-06-27,2,night,2025-06-26,23,night,643,3313.04,8.55,914.13,tp 3313.06
2025.06.27 05:00:00,2025-06-27,5,night,SHORT,644,0.01,3293.95,A1_M5_MOM_BEAR_M5_EM,2025.06.27 05:40:23,2025-06-27,5,night,2025-06-27,5,night,645,3299.69,-5.74,908.39,sl 3299.69
2025.06.27 06:10:00,2025-06-27,6,morning,SHORT,646,0.01,3292.93,A1_M5_MOM_BEAR_M5_EM,2025.06.27 12:09:40,2025-06-27,12,afternoon,2025-06-27,6,morning,647,3274.55,18.38,926.77,tp 3274.59
2025.06.27 12:20:00,2025-06-27,12,afternoon,SHORT,648,0.01,3273.61,A1_M5_MOM_BEAR_M5_EM,2025.06.27 13:30:04,2025-06-27,13,afternoon,2025-06-27,12,afternoon,649,3256.37,17.24,944.01,tp 3256.37
2025.06.27 14:50:00,2025-06-27,14,afternoon,SHORT,650,0.01,3265.66,A1_M5_MOM_BEAR_M5_EM,2025.06.27 16:27:34,2025-06-27,16,evening,2025-06-27,14,afternoon,651,3277.96,-12.3,931.71,sl 3277.96
2025.06.27 17:45:00,2025-06-27,17,evening,SHORT,652,0.01,3273.19,A1_M5_MOM_BEAR_M5_EM,2025.06.27 17:47:29,2025-06-27,17,evening,2025-06-27,17,evening,653,3277.88,-4.69,927.02,sl 3277.80
2025.06.27 18:35:00,2025-06-27,18,evening,SHORT,654,0.01,3271.27,A1_M5_MOM_BEAR_M5_EM,2025.06.29 22:00:15,2025-06-29,22,night,2025-06-27,18,evening,655,3278.42,-7.15,919.87,sl 3278.36
2025.06.30 00:00:00,2025-06-30,0,night,SHORT,656,0.01,3263.59,A1_M5_MOM_BEAR_M5_EM,2025.06.30 01:19:26,2025-06-30,1,night,2025-06-30,0,night,657,3271.39,-7.8,912.07,sl 3271.35
2025.06.30 12:00:00,2025-06-30,12,afternoon,SHORT,658,0.01,3278.13,A1_M5_MOM_BEAR_M5_EM,2025.06.30 12:21:11,2025-06-30,12,afternoon,2025-06-30,12,afternoon,659,3283.82,-5.69,906.38,sl 3283.77
2025.06.30 13:25:00,2025-06-30,13,afternoon,SHORT,660,0.01,3280.40,A1_M5_MOM_BEAR_M5_EM,2025.06.30 14:00:37,2025-06-30,14,afternoon,2025-06-30,13,afternoon,661,3288.06,-7.66,898.72,sl 3287.96
2025.07.09 02:00:00,2025-07-09,2,night,SHORT,662,0.01,3301.79,A1_M5_MOM_BEAR_M5_EM,2025.07.09 02:50:06,2025-07-09,2,night,2025-07-09,2,night,663,3289.49,12.3,911.02,tp 3289.49
2025.07.09 03:30:00,2025-07-09,3,night,SHORT,664,0.01,3292.08,A1_M5_MOM_BEAR_M5_EM,2025.07.09 13:51:42,2025-07-09,13,afternoon,2025-07-09,3,night,665,3300.74,-8.66,902.36,sl 3300.74
2025.07.29 07:35:00,2025-07-29,7,morning,SHORT,666,0.01,3312.84,A1_M5_MOM_BEAR_M5_EM,2025.07.29 08:02:38,2025-07-29,8,morning,2025-07-29,7,morning,667,3320.44,-7.6,894.76,sl 3320.42
2025.07.29 14:05:00,2025-07-29,14,afternoon,SHORT,668,0.01,3313.04,A1_M5_MOM_BEAR_M5_EM,2025.07.29 14:23:39,2025-07-29,14,afternoon,2025-07-29,14,afternoon,669,3322.76,-9.72,885.04,sl 3322.76
2025.07.30 13:25:00,2025-07-30,13,afternoon,SHORT,670,0.01,3308.70,A1_M5_MOM_BEAR_M5_EM,2025.07.30 18:48:54,2025-07-30,18,evening,2025-07-30,13,afternoon,671,3287.82,20.88,905.92,tp 3287.82
2025.07.30 19:30:00,2025-07-30,19,evening,SHORT,672,0.01,3273.11,A1_M5_MOM_BEAR_M5_EM,2025.07.31 00:01:27,2025-07-31,0,night,2025-07-30,19,evening,673,3286.83,-13.72,892.2,sl 3286.80
2025.07.31 16:05:00,2025-07-31,16,evening,SHORT,674,0.01,3291.84,A1_M5_MOM_BEAR_M5_EM,2025.08.01 05:52:26,2025-08-01,5,night,2025-07-31,16,evening,675,3299.12,-7.28,884.92,sl 3299.12
2025.08.18 14:10:00,2025-08-18,14,afternoon,SHORT,676,0.01,3335.43,A1_M5_MOM_BEAR_M5_EM,2025.08.19 10:07:39,2025-08-19,10,morning,2025-08-18,14,afternoon,677,3342.59,-7.16,877.76,sl 3342.58
2025.08.19 14:35:00,2025-08-19,14,afternoon,SHORT,678,0.01,3332.71,A1_M5_MOM_BEAR_M5_EM,2025.08.19 16:52:38,2025-08-19,16,evening,2025-08-19,14,afternoon,679,3317.65,15.06,892.82,tp 3317.65
2025.08.22 13:00:00,2025-08-22,13,afternoon,SHORT,680,0.01,3323.41,A1_M5_MOM_BEAR_M5_EM,2025.08.22 13:30:24,2025-08-22,13,afternoon,2025-08-22,13,afternoon,681,3330.28,-6.87,885.95,sl 3330.28
2025.10.29 05:00:00,2025-10-29,5,night,SHORT,682,0.01,3951.93,A1_M5_MOM_BEAR_M5_EM,2025.10.29 05:34:29,2025-10-29,5,night,2025-10-29,5,night,683,3963.71,-11.78,874.17,sl 3963.67
2025.11.04 04:50:00,2025-11-04,4,night,SHORT,684,0.01,3985.81,A1_M5_MOM_BEAR_M5_EM,2025.11.04 06:07:02,2025-11-04,6,morning,2025-11-04,4,night,685,3968.36,17.45,891.62,tp 3968.37
2025.11.04 06:25:00,2025-11-04,6,morning,SHORT,686,0.01,3969.44,A1_M5_MOM_BEAR_M5_EM,2025.11.04 06:47:14,2025-11-04,6,morning,2025-11-04,6,morning,687,3982.90,-13.46,878.16,sl 3982.88
2025.11.04 10:00:00,2025-11-04,10,morning,SHORT,688,0.01,3991.08,A1_M5_MOM_BEAR_M5_EM,2025.11.04 13:52:14,2025-11-04,13,afternoon,2025-11-04,10,morning,689,3972.41,18.67,896.83,tp 3972.41
2025.11.04 14:00:00,2025-11-04,14,afternoon,SHORT,690,0.01,3975.64,A1_M5_MOM_BEAR_M5_EM,2025.11.04 14:31:42,2025-11-04,14,afternoon,2025-11-04,14,afternoon,691,3948.89,26.75,923.58,tp 3948.90
2025.11.04 17:30:00,2025-11-04,17,evening,SHORT,692,0.01,3959.26,A1_M5_MOM_BEAR_M5_EM,2025.11.04 18:36:40,2025-11-04,18,evening,2025-11-04,17,evening,693,3936.21,23.05,946.63,tp 3936.22
2025.11.04 19:00:00,2025-11-04,19,evening,SHORT,694,0.01,3937.90,A1_M5_MOM_BEAR_M5_EM,2025.11.05 03:03:23,2025-11-05,3,night,2025-11-04,19,evening,695,3951.89,-13.99,932.64,sl 3951.89
2026.03.09 10:50:00,2026-03-09,10,morning,SHORT,696,0.01,5090.71,A1_M5_MOM_BEAR_M5_EM,2026.03.09 12:28:29,2026-03-09,12,afternoon,2026-03-09,10,morning,697,5108.22,-17.51,915.13,sl 5108.22
2026.03.09 13:10:00,2026-03-09,13,afternoon,SHORT,698,0.01,5091.76,A1_M5_MOM_BEAR_M5_EM,2026.03.09 13:34:41,2026-03-09,13,afternoon,2026-03-09,13,afternoon,699,5108.66,-16.9,898.23,sl 5108.64
2026.03.16 02:50:00,2026-03-16,2,night,SHORT,700,0.01,5000.89,A1_M5_MOM_BEAR_M5_EM,2026.03.16 03:44:26,2026-03-16,3,night,2026-03-16,2,night,701,5017.76,-16.87,881.36,sl 5017.75
2026.03.16 07:15:00,2026-03-16,7,morning,SHORT,702,0.01,5009.59,A1_M5_MOM_BEAR_M5_EM,2026.03.16 09:46:28,2026-03-16,9,morning,2026-03-16,7,morning,703,4976.13,33.46,914.82,tp 4976.14
2026.03.16 09:55:00,2026-03-16,9,morning,SHORT,704,0.01,4976.87,A1_M5_MOM_BEAR_M5_EM,2026.03.16 10:48:40,2026-03-16,10,morning,2026-03-16,9,morning,705,4993.03,-16.16,898.66,sl 4993.03
2026.03.16 17:40:00,2026-03-16,17,evening,SHORT,706,0.01,4986.41,A1_M5_MOM_BEAR_M5_EM,2026.03.16 18:10:42,2026-03-16,18,evening,2026-03-16,17,evening,707,5001.23,-14.82,883.84,sl 5001.22
2026.03.16 22:15:00,2026-03-16,22,night,SHORT,708,0.01,5003.84,A1_M5_MOM_BEAR_M5_EM,2026.03.17 01:36:30,2026-03-17,1,night,2026-03-16,22,night,709,5016.99,-13.15,870.69,sl 5016.97
2026.03.17 12:00:00,2026-03-17,12,afternoon,SHORT,710,0.01,5003.03,A1_M5_MOM_BEAR_M5_EM,2026.03.17 12:20:19,2026-03-17,12,afternoon,2026-03-17,12,afternoon,711,5013.66,-10.63,860.06,sl 5013.65
2026.03.17 15:25:00,2026-03-17,15,afternoon,SHORT,712,0.01,5007.39,A1_M5_MOM_BEAR_M5_EM,2026.03.18 10:35:28,2026-03-18,10,morning,2026-03-17,15,afternoon,713,4972.07,35.32,895.38,tp 4972.09
2026.03.18 16:00:00,2026-03-18,16,evening,SHORT,714,0.01,4862.18,A1_M5_MOM_BEAR_M5_EM,2026.03.18 16:26:30,2026-03-18,16,evening,2026-03-18,16,evening,715,4879.81,-17.63,877.75,sl 4879.79
2026.03.19 04:00:00,2026-03-19,4,night,SHORT,716,0.01,4850.67,A1_M5_MOM_BEAR_M5_EM,2026.03.19 06:17:40,2026-03-19,6,morning,2026-03-19,4,night,717,4825.62,25.05,902.8,tp 4825.63
2026.03.26 19:50:00,2026-03-26,19,evening,SHORT,718,0.01,4375.67,A1_M5_MOM_BEAR_M5_EM,2026.03.26 20:12:39,2026-03-26,20,night,2026-03-26,19,evening,719,4393.62,-17.95,884.85,sl 4393.62
2026.03.27 00:50:00,2026-03-27,0,night,SHORT,720,0.01,4384.30,A1_M5_MOM_BEAR_M5_EM,2026.03.27 01:24:40,2026-03-27,1,night,2026-03-27,0,night,721,4402.29,-17.99,866.86,sl 4402.27
2026.03.27 10:15:00,2026-03-27,10,morning,SHORT,722,0.01,4426.00,A1_M5_MOM_BEAR_M5_EM,2026.03.27 12:49:42,2026-03-27,12,afternoon,2026-03-27,10,morning,723,4439.87,-13.87,852.99,sl 4439.85
2026.04.07 07:55:00,2026-04-07,7,morning,SHORT,724,0.01,4639.31,A1_M5_MOM_BEAR_M5_EM,2026.04.07 08:02:29,2026-04-07,8,morning,2026-04-07,7,morning,725,4653.97,-14.66,838.33,sl 4653.97
2026.04.24 01:45:00,2026-04-24,1,night,SHORT,726,0.01,4690.60,A1_M5_MOM_BEAR_M5_EM,2026.04.24 04:31:37,2026-04-24,4,night,2026-04-24,1,night,727,4658.65,31.95,870.28,tp 4658.65
2026.04.24 06:50:00,2026-04-24,6,morning,SHORT,728,0.01,4669.51,A1_M5_MOM_BEAR_M5_EM,2026.04.24 07:11:41,2026-04-24,7,morning,2026-04-24,6,morning,729,4680.60,-11.09,859.19,sl 4680.57
2026.04.27 12:40:00,2026-04-27,12,afternoon,SHORT,730,0.01,4701.44,A1_M5_MOM_BEAR_M5_EM,2026.04.27 14:55:21,2026-04-27,14,afternoon,2026-04-27,12,afternoon,731,4679.99,21.45,880.64,tp 4679.99
2026.04.27 15:50:00,2026-04-27,15,afternoon,SHORT,732,0.01,4674.04,A1_M5_MOM_BEAR_M5_EM,2026.04.27 22:08:38,2026-04-27,22,night,2026-04-27,15,afternoon,733,4689.43,-15.39,865.25,sl 4689.41
2026.04.28 02:40:00,2026-04-28,2,night,SHORT,734,0.01,4670.88,A1_M5_MOM_BEAR_M5_EM,2026.04.28 05:30:39,2026-04-28,5,night,2026-04-28,2,night,735,4647.17,23.71,888.96,tp 4647.17
2026.04.28 08:05:00,2026-04-28,8,morning,SHORT,736,0.01,4619.98,A1_M5_MOM_BEAR_M5_EM,2026.04.28 11:36:31,2026-04-28,11,morning,2026-04-28,8,morning,737,4584.04,35.94,924.9,tp 4584.04
2026.04.29 01:30:00,2026-04-29,1,night,SHORT,738,0.01,4580.32,A1_M5_MOM_BEAR_M5_EM,2026.04.29 02:01:38,2026-04-29,2,night,2026-04-29,1,night,739,4595.04,-14.72,910.18,sl 4595.03
2026.04.29 06:10:00,2026-04-29,6,morning,SHORT,740,0.01,4592.43,A1_M5_MOM_BEAR_M5_EM,2026.04.29 07:44:41,2026-04-29,7,morning,2026-04-29,6,morning,741,4569.63,22.8,932.98,tp 4569.63
2026.04.29 08:00:00,2026-04-29,8,morning,SHORT,742,0.01,4567.68,A1_M5_MOM_BEAR_M5_EM,2026.04.29 09:20:14,2026-04-29,9,morning,2026-04-29,8,morning,743,4580.93,-13.25,919.73,sl 4580.92
2026.04.29 09:30:00,2026-04-29,9,morning,SHORT,744,0.01,4565.54,A1_M5_MOM_BEAR_M5_EM,2026.04.29 13:20:38,2026-04-29,13,afternoon,2026-04-29,9,morning,745,4537.84,27.7,947.43,tp 4537.85
2026.04.29 17:35:00,2026-04-29,17,evening,SHORT,746,0.01,4543.98,A1_M5_MOM_BEAR_M5_EM,2026.04.29 18:45:15,2026-04-29,18,evening,2026-04-29,17,evening,747,4518.50,25.48,972.91,tp 4518.50
2026.04.29 22:05:00,2026-04-29,22,night,SHORT,748,0.01,4539.49,A1_M5_MOM_BEAR_M5_EM,2026.04.29 22:21:39,2026-04-29,22,night,2026-04-29,22,night,749,4550.96,-11.47,961.44,sl 4550.94
2026.04.30 05:00:00,2026-04-30,5,night,SHORT,750,0.01,4541.82,A1_M5_MOM_BEAR_M5_EM,2026.04.30 05:08:16,2026-04-30,5,night,2026-04-30,5,night,751,4552.06,-10.24,951.2,sl 4552.04
2026.05.04 08:00:00,2026-05-04,8,morning,SHORT,752,0.01,4578.90,A1_M5_MOM_BEAR_M5_EM,2026.05.04 10:04:04,2026-05-04,10,morning,2026-05-04,8,morning,753,4554.00,24.9,976.1,tp 4554.00
2026.05.04 11:35:00,2026-05-04,11,morning,SHORT,754,0.01,4556.54,A1_M5_MOM_BEAR_M5_EM,2026.05.04 12:18:28,2026-05-04,12,afternoon,2026-05-04,11,morning,755,4573.28,-16.74,959.36,sl 4573.27
2026.05.04 13:30:00,2026-05-04,13,afternoon,SHORT,756,0.01,4560.98,A1_M5_MOM_BEAR_M5_EM,2026.05.04 14:22:21,2026-05-04,14,afternoon,2026-05-04,13,afternoon,757,4578.48,-17.5,941.86,sl 4578.47
2026.05.04 18:10:00,2026-05-04,18,evening,SHORT,758,0.01,4519.13,A1_M5_MOM_BEAR_M5_EM,2026.05.05 01:02:39,2026-05-05,1,night,2026-05-04,18,evening,759,4532.29,-13.16,928.7,sl 4532.26
2026.05.17 22:30:00,2026-05-17,22,night,SHORT,760,0.01,4540.97,A1_M5_MOM_BEAR_M5_EM,2026.05.18 00:33:21,2026-05-18,0,night,2026-05-17,22,night,761,4511.61,29.36,958.06,tp 4511.67
2026.05.18 09:30:00,2026-05-18,9,morning,SHORT,762,0.01,4544.73,A1_M5_MOM_BEAR_M5_EM,2026.05.18 11:40:01,2026-05-18,11,morning,2026-05-18,9,morning,763,4557.34,-12.61,945.45,sl 4557.33
2026.05.19 04:00:00,2026-05-19,4,night,SHORT,764,0.01,4544.73,A1_M5_MOM_BEAR_M5_EM,2026.05.19 07:55:40,2026-05-19,7,morning,2026-05-19,4,night,765,4557.12,-12.39,933.06,sl 4557.11
2026.05.19 10:05:00,2026-05-19,10,morning,SHORT,766,0.01,4536.35,A1_M5_MOM_BEAR_M5_EM,2026.05.19 11:03:38,2026-05-19,11,morning,2026-05-19,10,morning,767,4547.38,-11.03,922.03,sl 4547.38
2026.05.19 11:55:00,2026-05-19,11,morning,SHORT,768,0.01,4534.68,A1_M5_MOM_BEAR_M5_EM,2026.05.19 13:23:28,2026-05-19,13,afternoon,2026-05-19,11,morning,769,4508.97,25.71,947.74,tp 4508.99
2026.05.20 03:35:00,2026-05-20,3,night,SHORT,770,0.01,4458.54,A1_M5_MOM_BEAR_M5_EM,2026.05.20 05:31:28,2026-05-20,5,night,2026-05-20,3,night,771,4476.21,-17.67,930.07,sl 4476.20
2026.05.20 09:30:00,2026-05-20,9,morning,SHORT,772,0.01,4473.78,A1_M5_MOM_BEAR_M5_EM,2026.05.20 09:52:28,2026-05-20,9,morning,2026-05-20,9,morning,773,4487.42,-13.64,916.43,sl 4487.41
2026.05.21 12:55:00,2026-05-21,12,afternoon,SHORT,774,0.01,4508.03,A1_M5_MOM_BEAR_M5_EM,2026.05.21 17:00:41,2026-05-21,17,evening,2026-05-21,12,afternoon,775,4522.15,-14.12,902.31,sl 4522.15
2026.05.22 14:00:00,2026-05-22,14,afternoon,SHORT,776,0.01,4513.56,A1_M5_MOM_BEAR_M5_EM,2026.05.24 22:00:00,2026-05-24,22,night,2026-05-22,14,afternoon,777,4530.73,-17.17,885.14,sl 4530.43
2026.05.26 12:25:00,2026-05-26,12,afternoon,SHORT,778,0.01,4509.57,A1_M5_MOM_BEAR_M5_EM,2026.05.26 13:02:31,2026-05-26,13,afternoon,2026-05-26,12,afternoon,779,4525.00,-15.43,869.71,sl 4524.98
2026.05.26 14:15:00,2026-05-26,14,afternoon,SHORT,780,0.01,4510.54,A1_M5_MOM_BEAR_M5_EM,2026.05.26 22:00:00,2026-05-26,22,night,2026-05-26,14,afternoon,781,4536.40,-25.86,843.85,sl 4526.89
2026.05.27 01:40:00,2026-05-27,1,night,SHORT,782,0.01,4511.78,A1_M5_MOM_BEAR_M5_EM,2026.05.27 06:18:28,2026-05-27,6,morning,2026-05-27,1,night,783,4490.96,20.82,864.67,tp 4490.99
2026.05.27 06:20:00,2026-05-27,6,morning,SHORT,784,0.01,4489.25,A1_M5_MOM_BEAR_M5_EM,2026.05.27 10:46:20,2026-05-27,10,morning,2026-05-27,6,morning,785,4459.91,29.34,894.01,tp 4459.94
2026.05.27 23:10:00,2026-05-27,23,night,SHORT,786,0.01,4452.71,A1_M5_MOM_BEAR_M5_EM,2026.05.28 01:21:39,2026-05-28,1,night,2026-05-27,23,night,787,4431.20,21.51,915.52,tp 4431.21
2026.05.28 02:45:00,2026-05-28,2,night,SHORT,788,0.01,4401.93,A1_M5_MOM_BEAR_M5_EM,2026.05.28 03:57:13,2026-05-28,3,night,2026-05-28,2,night,789,4369.01,32.92,948.44,tp 4369.01
2026.05.28 04:30:00,2026-05-28,4,night,SHORT,790,0.01,4368.22,A1_M5_MOM_BEAR_M5_EM,2026.05.28 05:32:41,2026-05-28,5,night,2026-05-28,4,night,791,4385.18,-16.96,931.48,sl 4385.17
2026.05.28 11:30:00,2026-05-28,11,morning,SHORT,792,0.01,4384.72,A1_M5_MOM_BEAR_M5_EM,2026.05.28 12:37:29,2026-05-28,12,afternoon,2026-05-28,11,morning,793,4399.32,-14.6,916.88,sl 4399.31
2026.06.02 01:10:00,2026-06-02,1,night,SHORT,794,0.01,4479.32,A1_M5_MOM_BEAR_M5_EM,2026.06.02 03:27:31,2026-06-02,3,night,2026-06-02,1,night,795,4493.48,-14.16,902.72,sl 4493.47
2026.06.02 23:10:00,2026-06-02,23,night,SHORT,796,0.01,4481.98,A1_M5_MOM_BEAR_M5_EM,2026.06.03 00:39:40,2026-06-03,0,night,2026-06-02,23,night,797,4492.11,-10.13,892.59,sl 4492.05
2026.06.03 05:55:00,2026-06-03,5,night,SHORT,798,0.01,4463.14,A1_M5_MOM_BEAR_M5_EM,2026.06.03 09:29:42,2026-06-03,9,morning,2026-06-03,5,night,799,4440.09,23.05,915.64,tp 4440.13
2026.06.03 09:55:00,2026-06-03,9,morning,SHORT,800,0.01,4443.26,A1_M5_MOM_BEAR_M5_EM,2026.06.03 10:06:42,2026-06-03,10,morning,2026-06-03,9,morning,801,4459.48,-16.22,899.42,sl 4459.46
2026.06.03 13:25:00,2026-06-03,13,afternoon,SHORT,802,0.01,4449.91,A1_M5_MOM_BEAR_M5_EM,2026.06.04 01:12:30,2026-06-04,1,night,2026-06-03,13,afternoon,803,4466.19,-16.28,883.14,sl 4466.19
2026.06.05 00:00:00,2026-06-05,0,night,SHORT,804,0.01,4461.51,A1_M5_MOM_BEAR_M5_EM,2026.06.05 02:41:39,2026-06-05,2,night,2026-06-05,0,night,805,4439.84,21.67,904.81,tp 4439.85
2026.06.05 02:55:00,2026-06-05,2,night,SHORT,806,0.01,4443.18,A1_M5_MOM_BEAR_M5_EM,2026.06.05 07:08:41,2026-06-05,7,morning,2026-06-05,2,night,807,4458.41,-15.23,889.58,sl 4458.40
2026.06.05 16:45:00,2026-06-05,16,evening,SHORT,808,0.01,4327.59,A1_M5_MOM_BEAR_M5_EM,2026.06.05 16:57:42,2026-06-05,16,evening,2026-06-05,16,evening,809,4344.87,-17.28,872.3,sl 4344.85
2026.06.05 18:05:00,2026-06-05,18,evening,SHORT,810,0.01,4333.56,A1_M5_MOM_BEAR_M5_EM,2026.06.08 00:20:21,2026-06-08,0,night,2026-06-05,18,evening,811,4348.54,-14.98,857.32,sl 4348.53
2026.06.08 03:10:00,2026-06-08,3,night,SHORT,812,0.01,4308.18,A1_M5_MOM_BEAR_M5_EM,2026.06.08 05:37:30,2026-06-08,5,night,2026-06-08,3,night,813,4274.48,33.7,891.02,tp 4274.49
2026.06.08 07:55:00,2026-06-08,7,morning,SHORT,814,0.01,4296.36,A1_M5_MOM_BEAR_M5_EM,2026.06.08 11:14:29,2026-06-08,11,morning,2026-06-08,7,morning,815,4313.88,-17.52,873.5,sl 4313.86
2026.06.09 00:30:00,2026-06-09,0,night,SHORT,816,0.01,4316.54,A1_M5_MOM_BEAR_M5_EM,2026.06.09 01:06:41,2026-06-09,1,night,2026-06-09,0,night,817,4327.52,-10.98,862.52,sl 4327.50
2026.06.09 09:00:00,2026-06-09,9,morning,SHORT,818,0.01,4326.29,A1_M5_MOM_BEAR_M5_EM,2026.06.09 10:58:39,2026-06-09,10,morning,2026-06-09,9,morning,819,4338.46,-12.17,850.35,sl 4338.46
2026.06.09 19:40:00,2026-06-09,19,evening,SHORT,820,0.01,4253.48,A1_M5_MOM_BEAR_M5_EM,2026.06.09 23:18:02,2026-06-09,23,night,2026-06-09,19,evening,821,4228.95,24.53,874.88,tp 4228.97
2026.06.10 04:25:00,2026-06-10,4,night,SHORT,822,0.01,4178.22,A1_M5_MOM_BEAR_M5_EM,2026.06.10 05:32:41,2026-06-10,5,night,2026-06-10,4,night,823,4190.40,-12.18,862.7,sl 4190.40
2026.06.10 07:30:00,2026-06-10,7,morning,SHORT,824,0.01,4194.52,A1_M5_MOM_BEAR_M5_EM,2026.06.10 08:04:27,2026-06-10,8,morning,2026-06-10,7,morning,825,4165.06,29.46,892.16,tp 4165.07
2026.06.10 18:35:00,2026-06-10,18,evening,SHORT,826,0.01,4109.07,A1_M5_MOM_BEAR_M5_EM,2026.06.10 20:02:40,2026-06-10,20,night,2026-06-10,18,evening,827,4077.57,31.5,923.66,tp 4077.57
2026.06.10 20:45:00,2026-06-10,20,night,SHORT,828,0.01,4072.39,A1_M5_MOM_BEAR_M5_EM,2026.06.10 22:16:39,2026-06-10,22,night,2026-06-10,20,night,829,4045.66,26.73,950.39,tp 4045.69
2026.06.11 09:30:00,2026-06-11,9,morning,SHORT,830,0.01,4079.22,A1_M5_MOM_BEAR_M5_EM,2026.06.11 09:44:37,2026-06-11,9,morning,2026-06-11,9,morning,831,4091.56,-12.34,938.05,sl 4091.56
2026.06.11 10:20:00,2026-06-11,10,morning,SHORT,832,0.01,4086.68,A1_M5_MOM_BEAR_M5_EM,2026.06.11 12:32:39,2026-06-11,12,afternoon,2026-06-11,10,morning,833,4060.78,25.9,963.95,tp 4060.78
2026.06.11 16:55:00,2026-06-11,16,evening,SHORT,834,0.01,4079.60,A1_M5_MOM_BEAR_M5_EM,2026.06.11 17:28:42,2026-06-11,17,evening,2026-06-11,16,evening,835,4097.58,-17.98,945.97,sl 4097.54
2026.06.18 07:50:00,2026-06-18,7,morning,SHORT,836,0.01,4295.21,A1_M5_MOM_BEAR_M5_EM,2026.06.18 08:56:40,2026-06-18,8,morning,2026-06-18,7,morning,837,4270.60,24.61,970.58,tp 4270.64
2026.06.18 10:10:00,2026-06-18,10,morning,SHORT,838,0.01,4264.18,A1_M5_MOM_BEAR_M5_EM,2026.06.18 14:15:40,2026-06-18,14,afternoon,2026-06-18,10,morning,839,4238.38,25.8,996.38,tp 4238.39
2026.06.18 16:35:00,2026-06-18,16,evening,SHORT,840,0.01,4221.55,A1_M5_MOM_BEAR_M5_EM,2026.06.18 23:56:41,2026-06-18,23,night,2026-06-18,16,evening,841,4187.55,34.0,1030.38,tp 4187.56
2026.06.19 00:00:00,2026-06-19,0,night,SHORT,842,0.01,4188.26,A1_M5_MOM_BEAR_M5_EM,2026.06.19 03:16:14,2026-06-19,3,night,2026-06-19,0,night,843,4165.67,22.59,1052.97,tp 4165.67
2026.06.19 03:40:00,2026-06-19,3,night,SHORT,844,0.01,4163.11,A1_M5_MOM_BEAR_M5_EM,2026.06.19 04:15:42,2026-06-19,4,night,2026-06-19,3,night,845,4141.91,21.2,1074.17,tp 4141.91
2026.06.19 04:35:00,2026-06-19,4,night,SHORT,846,0.01,4143.03,A1_M5_MOM_BEAR_M5_EM,2026.06.19 07:08:05,2026-06-19,7,morning,2026-06-19,4,night,847,4157.36,-14.33,1059.84,sl 4157.36
2026.06.19 10:05:00,2026-06-19,10,morning,SHORT,848,0.01,4157.78,A1_M5_MOM_BEAR_M5_EM,2026.06.19 12:51:38,2026-06-19,12,afternoon,2026-06-19,10,morning,849,4168.02,-10.24,1049.6,sl 4168.02
2026.06.19 14:25:00,2026-06-19,14,afternoon,SHORT,850,0.01,4145.20,A1_M5_MOM_BEAR_M5_EM,2026.06.21 22:05:36,2026-06-21,22,night,2026-06-19,14,afternoon,851,4159.35,-14.15,1035.45,sl 4159.34
2026.06.23 02:45:00,2026-06-23,2,night,SHORT,852,0.01,4154.80,A1_M5_MOM_BEAR_M5_EM,2026.06.23 04:59:14,2026-06-23,4,night,2026-06-23,2,night,853,4122.13,32.67,1068.12,tp 4122.14
2026.06.23 05:10:00,2026-06-23,5,night,SHORT,854,0.01,4127.85,A1_M5_MOM_BEAR_M5_EM,2026.06.23 08:01:37,2026-06-23,8,morning,2026-06-23,5,night,855,4096.77,31.08,1099.2,tp 4096.78
2026.06.23 12:10:00,2026-06-23,12,afternoon,SHORT,856,0.01,4119.68,A1_M5_MOM_BEAR_M5_EM,2026.06.23 13:48:39,2026-06-23,13,afternoon,2026-06-23,12,afternoon,857,4133.44,-13.76,1085.44,sl 4133.43
2026.06.23 17:30:00,2026-06-23,17,evening,SHORT,858,0.01,4130.95,A1_M5_MOM_BEAR_M5_EM,2026.06.23 20:15:37,2026-06-23,20,night,2026-06-23,17,evening,859,4108.93,22.02,1107.46,tp 4108.96
2026.06.23 23:05:00,2026-06-23,23,night,SHORT,860,0.01,4100.03,A1_M5_MOM_BEAR_M5_EM,2026.06.24 00:08:04,2026-06-24,0,night,2026-06-23,23,night,861,4111.57,-11.54,1095.92,sl 4111.55
2026.06.24 00:55:00,2026-06-24,0,night,SHORT,862,0.01,4095.78,A1_M5_MOM_BEAR_M5_EM,2026.06.24 02:39:30,2026-06-24,2,night,2026-06-24,0,night,863,4061.46,34.32,1130.24,tp 4061.46
2026.06.24 04:05:00,2026-06-24,4,night,SHORT,864,0.01,4058.80,A1_M5_MOM_BEAR_M5_EM,2026.06.24 05:28:45,2026-06-24,5,night,2026-06-24,4,night,865,4073.77,-14.97,1115.27,sl 4073.77
2026.06.24 08:00:00,2026-06-24,8,morning,SHORT,866,0.01,4074.59,A1_M5_MOM_BEAR_M5_EM,2026.06.24 08:31:41,2026-06-24,8,morning,2026-06-24,8,morning,867,4087.40,-12.81,1102.46,sl 4087.38
2026.06.24 08:55:00,2026-06-24,8,morning,SHORT,868,0.01,4076.63,A1_M5_MOM_BEAR_M5_EM,2026.06.24 11:04:42,2026-06-24,11,morning,2026-06-24,8,morning,869,4051.23,25.4,1127.86,tp 4051.23
2026.06.24 17:00:00,2026-06-24,17,evening,SHORT,870,0.01,4006.51,A1_M5_MOM_BEAR_M5_EM,2026.06.24 18:00:40,2026-06-24,18,evening,2026-06-24,17,evening,871,3971.24,35.27,1163.13,tp 3971.24
2026.06.25 05:45:00,2026-06-25,5,night,SHORT,872,0.01,3982.98,A1_M5_MOM_BEAR_M5_EM,2026.06.25 08:21:40,2026-06-25,8,morning,2026-06-25,5,night,873,3998.53,-15.55,1147.58,sl 3998.52
2026.06.25 10:05:00,2026-06-25,10,morning,SHORT,874,0.01,3986.28,A1_M5_MOM_BEAR_M5_EM,2026.06.25 12:30:29,2026-06-25,12,afternoon,2026-06-25,10,morning,875,3997.27,-10.99,1136.59,sl 3997.24
2026.06.29 15:25:00,2026-06-29,15,afternoon,SHORT,876,0.01,4017.95,A1_M5_MOM_BEAR_M5_EM,2026.06.29 23:59:59,2026-06-29,23,night,2026-06-29,15,afternoon,877,4015.30,2.65,1139.24,end of test
