action_id,action_time_utc,action_year,trade_id,source_id,direction,entry_time_utc,candidate_endpoint_exit_time_utc,positions_in_action,action_sample_weight,initial_risk_usd,protected_close_pnl_usd,candidate_endpoint_pnl_usd,keep_open_utility_r,own_open_pnl_r,basket_open_pnl_r,basket_peak_pnl_r,basket_giveback_from_peak_r,own_risk_share,own_open_pnl_share,holding_hours,minutes_since_protection_arm,open_position_count,close_hour_sin,close_hour_cos,fold,predicted_keep_open_utility_r,nominated_skip
2023-01-31T06:06:00.000Z|2023-01-12 20:00:00|LONG|h4_d1_long_best_box2_atr80,2023-01-31T06:06:00.000Z,2023,2023-01-12 20:00:00|LONG|h4_d1_long_best_box2_atr80,R1_BOX,LONG,2023-01-12T20:00:00.000Z,2023-02-03T15:18:39.000Z,1,1.0,31.210000000000036,14.87300000000003,-31.52,-1.4864786927266893,0.47654597885293215,0.47654597885293215,2.022172380647216,1.5456264017942836,1.0,1.0,442.1,7802.0,1.0,0.9996573249755573,-0.026176948307873017,F1,1.1169036576476221,True
"2023-02-01T13:33:25.000Z|2023-02-01 09:45:00|LONG|r1_h1_pullback_long_v1,2023-02-01 10:15:00|LONG|r1_h1_pullback_long_v1,2023-02-01 10:30:00|LONG|r1_h1_pullback_long_v1,2023-02-01 13:30:00|LONG|r1_h1_pullback_long_v1",2023-02-01T13:33:25.000Z,2023,2023-02-01 09:45:00|LONG|r1_h1_pullback_long_v1,R1_PULLBACK,LONG,2023-02-01T09:45:00.000Z,2023-02-01T14:02:42.000Z,4,0.25,3.5,4.242000000000125,-3.82,-2.3034285714286074,1.2120000000000357,0.4735794074793702,1.164448761534728,0.690869354055358,0.16998542982030368,0.43503230437904705,3.8069444444444445,16.083333333333332,4.0,-0.3947438563842668,-0.9187912101488985,F1,0.4198483135210454,True
"2023-02-01T13:33:25.000Z|2023-02-01 09:45:00|LONG|r1_h1_pullback_long_v1,2023-02-01 10:15:00|LONG|r1_h1_pullback_long_v1,2023-02-01 10:30:00|LONG|r1_h1_pullback_long_v1,2023-02-01 13:30:00|LONG|r1_h1_pullback_long_v1",2023-02-01T13:33:25.000Z,2023,2023-02-01 10:15:00|LONG|r1_h1_pullback_long_v1,R1_PULLBACK,LONG,2023-02-01T10:15:00.000Z,2023-02-01T14:02:40.000Z,4,0.25,4.3599999999999,4.15199999999988,-4.68,-2.025688073394514,0.9522935779816457,0.4735794074793702,1.164448761534728,0.690869354055358,0.21175327829043056,0.42580248179672275,3.3069444444444445,16.083333333333332,4.0,-0.3947438563842668,-0.9187912101488985,F1,0.4784726650802161,True
"2023-02-01T13:33:25.000Z|2023-02-01 09:45:00|LONG|r1_h1_pullback_long_v1,2023-02-01 10:15:00|LONG|r1_h1_pullback_long_v1,2023-02-01 10:30:00|LONG|r1_h1_pullback_long_v1,2023-02-01 13:30:00|LONG|r1_h1_pullback_long_v1",2023-02-01T13:33:25.000Z,2023,2023-02-01 10:30:00|LONG|r1_h1_pullback_long_v1,R1_PULLBACK,LONG,2023-02-01T10:30:00.000Z,2023-02-01T14:02:40.000Z,4,0.25,6.349999999999909,2.8349999999998907,-6.66,-1.4952755905511854,0.44645669291337503,0.4735794074793702,1.164448761534728,0.690869354055358,0.3084021369596894,0.29073941134241266,3.0569444444444445,16.083333333333332,4.0,-0.3947438563842668,-0.9187912101488985,F1,0.5233004344856649,True
"2023-02-01T13:33:25.000Z|2023-02-01 09:45:00|LONG|r1_h1_pullback_long_v1,2023-02-01 10:15:00|LONG|r1_h1_pullback_long_v1,2023-02-01 10:30:00|LONG|r1_h1_pullback_long_v1,2023-02-01 13:30:00|LONG|r1_h1_pullback_long_v1",2023-02-01T13:33:25.000Z,2023,2023-02-01 13:30:00|LONG|r1_h1_pullback_long_v1,R1_PULLBACK,LONG,2023-02-01T13:30:00.000Z,2023-02-01T14:00:31.000Z,4,0.25,6.379999999999882,-1.4779999999998106,-6.72,-0.8216300940439321,-0.2316614420062442,0.4735794074793702,1.164448761534728,0.690869354055358,0.3098591549295764,-0.1515741975181825,0.05694444444444444,16.083333333333332,4.0,-0.3947438563842668,-0.9187912101488985,F1,0.42369181000392475,True
2023-02-13T18:37:25.000Z|V9_BREAK_20230213T133500Z_SHORT,2023-02-13T18:37:25.000Z,2023,V9_BREAK_20230213T133500Z_SHORT,V57_BREAK_SWING_H4ADX_HIGH,SHORT,2023-02-13T13:35:00.000Z,2023-02-14T06:30:00.000Z,1,1.0,3.5,1.6982986111111833,-4.2217013888888895,-1.6914285714285922,0.48522817460319523,0.48522817460319523,1.693799603174629,1.2085714285714337,1.0,1.0,5.040277777777778,100.16666666666667,1.0,-0.9869963665602319,0.16074256560382563,F1,0.11258195199792442,True
2023-03-02T14:02:35.000Z|V7_20230302T114500Z_SHORT,2023-03-02T14:02:35.000Z,2023,V7_20230302T114500Z_SHORT,V7_SWING_HEALTH,SHORT,2023-03-02T11:45:00.000Z,2023-03-03T00:05:00.000Z,1,1.0,3.5,1.5281388888888818,-4.154861111111111,-1.6237142857142837,0.4366111111111091,0.4366111111111091,1.507753968253973,1.0711428571428638,1.0,1.0,2.2930555555555556,9.083333333333334,1.0,-0.5075383629607039,-0.8616291604415259,F1,0.5336566866506375,True
"2023-03-16T13:37:25.000Z|2023-03-16 09:00:00|LONG|r1_h1_pullback_long_v1,2023-03-16 10:00:00|LONG|r1_h1_pullback_long_v1,2023-03-16 11:00:00|LONG|r1_h1_pullback_long_v1",2023-03-16T13:37:25.000Z,2023,2023-03-16 09:00:00|LONG|r1_h1_pullback_long_v1,R1_PULLBACK,LONG,2023-03-16T09:00:00.000Z,2023-03-16T14:22:41.000Z,3,0.3333333333333333,6.220000000000027,5.559999999999928,-6.52,-1.9421221864951566,0.893890675241142,0.48999046711152267,1.645376549094352,1.1553860819828294,0.2964728312678752,0.5408560311284105,4.623611111111111,14.833333333333334,3.0,-0.410718852613477,-0.9117620435770887,F1,0.19102092106161953,True
"2023-03-16T13:37:25.000Z|2023-03-16 09:00:00|LONG|r1_h1_pullback_long_v1,2023-03-16 10:00:00|LONG|r1_h1_pullback_long_v1,2023-03-16 11:00:00|LONG|r1_h1_pullback_long_v1",2023-03-16T13:37:25.000Z,2023,2023-03-16 10:00:00|LONG|r1_h1_pullback_long_v1,R1_PULLBACK,LONG,2023-03-16T10:00:00.000Z,2023-03-16T14:21:36.000Z,3,0.3333333333333333,5.789999999999964,2.7699999999999,-6.09,-1.5302245250431703,0.47841105354057295,0.48999046711152267,1.645376549094352,1.1553860819828294,0.2759771210676815,0.26945525291828465,3.623611111111111,14.833333333333334,3.0,-0.410718852613477,-0.9117620435770887,F1,0.13191360153171322,True
"2023-03-16T13:37:25.000Z|2023-03-16 09:00:00|LONG|r1_h1_pullback_long_v1,2023-03-16 10:00:00|LONG|r1_h1_pullback_long_v1,2023-03-16 11:00:00|LONG|r1_h1_pullback_long_v1",2023-03-16T13:37:25.000Z,2023,2023-03-16 11:00:00|LONG|r1_h1_pullback_long_v1,R1_PULLBACK,LONG,2023-03-16T11:00:00.000Z,2023-03-16T14:19:41.000Z,3,0.3333333333333333,8.970000000000027,1.9499999999999265,-9.38,-1.2630992196209467,0.21739130434781723,0.48999046711152267,1.645376549094352,1.1553860819828294,0.42755004766444327,0.18968871595330478,2.623611111111111,14.833333333333334,3.0,-0.410718852613477,-0.9117620435770887,F1,0.1449553269934311,True
2023-03-31T12:45:55.000Z|2023-03-31 10:30:00|LONG|r1_h1_pullback_long_v1,2023-03-31T12:45:55.000Z,2023,2023-03-31 10:30:00|LONG|r1_h1_pullback_long_v1,R1_PULLBACK,LONG,2023-03-31T10:30:00.000Z,2023-03-31T17:16:27.000Z,1,1.0,4.350000000000136,2.1500000000001362,-4.7,-1.574712643678143,0.4942528735632342,0.4942528735632342,1.8298850574712258,1.3356321839079917,1.0,1.0,2.265277777777778,12.916666666666666,1.0,-0.19509032201612792,-0.9807852804032305,F1,0.416734399412512,True
2023-04-19T06:40:20.000Z|c4a6eab0c3dd027b42056ed4,2023-04-19T06:40:20.000Z,2023,c4a6eab0c3dd027b42056ed4,R4_CHOP,SHORT,2023-04-19T06:15:00.055Z,2023-04-19T08:07:48.115Z,1,1.0,3.9382826096475143,1.9056689597952374,7.352234179090518,1.3829797805655093,0.48388324269237737,0.48388324269237737,1.552877120807397,1.0689938781150197,1.0,1.0,0.42220694444444445,13.25,1.0,0.984807753012208,-0.1736481776669303,F1,0.2315765262510025,True
2023-05-22T06:21:50.000Z|V9_BREAK_20230522T020500Z_SHORT,2023-05-22T06:21:50.000Z,2023,V9_BREAK_20230522T020500Z_SHORT,V57_BREAK_SWING_H4ADX_HIGH,SHORT,2023-05-22T02:05:00.000Z,2023-05-22T09:05:00.000Z,1,1.0,3.5,1.6759166666665957,-4.077083333333333,-1.6437142857142655,0.47883333333331307,0.47883333333331307,1.6474047619047183,1.1685714285714053,1.0,1.0,4.280555555555556,12.416666666666666,1.0,0.9958049275746618,-0.09150161866340217,F1,0.0005989843732056577,True
2023-05-23T12:33:00.000Z|V7_20230523T102000Z_LONG,2023-05-23T12:33:00.000Z,2023,V7_20230523T102000Z_LONG,V7_SWING_HEALTH,LONG,2023-05-23T10:20:00.000Z,2023-05-23T13:15:00.000Z,1,1.0,3.5,1.6654652777777699,6.482465277777777,1.3762857142857163,0.47584722222222,0.47584722222222,1.798704365079394,1.322857142857174,1.0,1.0,2.216666666666667,11.833333333333334,1.0,-0.1434926219911791,-0.9896513868196702,F1,0.10683106241640192,True
2023-07-11T12:51:20.000Z|V7_20230711T084000Z_SHORT,2023-07-11T12:51:20.000Z,2023,V7_20230711T084000Z_SHORT,V7_SWING_HEALTH,SHORT,2023-07-11T08:40:00.000Z,2023-07-12T02:25:00.000Z,1,1.0,3.5,1.5881458333334502,-4.233854166666666,-1.6634285714286048,0.45375595238098576,0.45375595238098576,1.5357559523809956,1.0820000000000098,1.0,1.0,4.188888888888889,12.0,1.0,-0.22069743502150088,-0.9753423205085128,F1,0.513501026251401,True
2023-08-03T12:30:10.000Z|V7_20230803T081000Z_SHORT,2023-08-03T12:30:10.000Z,2023,V7_20230803T081000Z_SHORT,V7_SWING_HEALTH,SHORT,2023-08-03T08:10:00.000Z,2023-08-04T12:35:00.000Z,1,1.0,3.5,0.14059027777775057,6.110590277777778,1.7057142857142935,0.04016865079364302,0.04016865079364302,1.6001686507936534,1.5600000000000105,1.0,1.0,4.336111111111111,4.583333333333333,1.0,-0.13052619222005132,-0.9914448613738105,F1,1.3068204482583483,True
2023-09-13T12:33:15.000Z|V7_20230913T085500Z_SHORT,2023-09-13T12:33:15.000Z,2023,V7_20230913T085500Z_SHORT,V7_SWING_HEALTH,SHORT,2023-09-13T08:55:00.000Z,2023-09-13T13:35:00.000Z,1,1.0,3.5,1.6669444444444803,-4.043055555555556,-1.6314285714285819,0.4762698412698515,0.4762698412698515,1.5276984126984412,1.0514285714285896,1.0,1.0,3.6375,1.6666666666666667,1.0,-0.1434926219911791,-0.9896513868196702,F1,0.46852952250079194,True
2023-09-20T09:58:30.000Z|V7_20230919T094500Z_SHORT,2023-09-20T09:58:30.000Z,2023,V7_20230919T094500Z_SHORT,V7_SWING_HEALTH,SHORT,2023-09-19T09:45:00.000Z,2023-09-20T13:45:00.000Z,1,1.0,3.5,1.7396666666667144,-4.383333333333333,-1.7494285714285849,0.49704761904763267,0.49704761904763267,1.5676190476190814,1.070571428571449,1.0,1.0,24.225,157.33333333333334,1.0,0.5075383629607044,-0.8616291604415256,F1,0.2625430403196626,True
2023-11-29T15:34:40.000Z|2023-11-29 11:00:00|LONG|r1_h1_pullback_long_v1,2023-11-29T15:34:40.000Z,2023,2023-11-29 11:00:00|LONG|r1_h1_pullback_long_v1,R1_PULLBACK,LONG,2023-11-29T11:00:00.000Z,2023-11-29T17:44:32.000Z,1,1.0,3.8449999999999136,1.8300000000000818,7.42,1.4538361508452649,0.4759427828348824,0.4759427828348824,2.3068920676203497,1.8309492847854674,1.0,1.0,4.5777777777777775,54.666666666666664,1.0,-0.8038568606172171,-0.5948227867513417,F1,-0.03417622098238082,False
2023-12-18T14:19:45.000Z|V7_20231218T104500Z_LONG,2023-12-18T14:19:45.000Z,2023,V7_20231218T104500Z_LONG,V7_SWING_HEALTH,LONG,2023-12-18T10:45:00.000Z,2023-12-18T17:50:00.000Z,1,1.0,3.5,1.7217013888890706,6.421701388888889,1.3428571428570908,0.49191468253973447,0.49191468253973447,1.7747718253968798,1.2828571428571454,1.0,1.0,3.5791666666666666,32.083333333333336,1.0,-0.5699967625963029,-0.8216469379421637,F1,0.050939053256030875,True
"2023-12-22T12:00:05.000Z|2023-12-21 12:45:00|LONG|r1_h1_pullback_long_v1,2023-12-22 12:00:00|LONG|h4_d1_long_best_box2_atr80",2023-12-22T12:00:05.000Z,2023,2023-12-21 12:45:00|LONG|r1_h1_pullback_long_v1,R1_PULLBACK,LONG,2023-12-21T12:45:00.000Z,2023-12-22T12:48:43.000Z,2,0.5,11.829999999999927,22.47,23.72,0.1056635672020294,1.8994082840236801,0.49040178571429094,0.6249450570409321,0.13454327132664112,0.26406249999999865,1.0227583067819654,23.25138888888889,737.5,2.0,1.2246467991473532e-16,-1.0,F1,1.031187565957464,True
"2023-12-22T12:00:05.000Z|2023-12-21 12:45:00|LONG|r1_h1_pullback_long_v1,2023-12-22 12:00:00|LONG|h4_d1_long_best_box2_atr80",2023-12-22T12:00:05.000Z,2023,2023-12-22 12:00:00|LONG|h4_d1_long_best_box2_atr80,R1_BOX,LONG,2023-12-22T12:00:00.000Z,2024-01-05T12:31:20.000Z,2,0.5,32.97000000000003,-0.49999999999978684,-33.269999999999996,-0.9939338792842033,-0.015165301789499134,0.49040178571429094,0.6249450570409321,0.13454327132664112,0.7359375000000014,-0.0227583067819655,0.001388888888888889,737.5,2.0,1.2246467991473532e-16,-1.0,F1,0.9110051534468409,True
2023-12-26T15:06:55.000Z|V9_BREAK_20231226T134000Z_SHORT,2023-12-26T15:06:55.000Z,2023,V9_BREAK_20231226T134000Z_SHORT,V57_BREAK_SWING_H4ADX_HIGH,SHORT,2023-12-26T13:40:00.000Z,2023-12-26T20:35:00.000Z,1,1.0,3.5,1.7441319444446082,-4.0758680555555555,-1.6628571428571897,0.4983234126984595,0.4983234126984595,1.7477519841270444,1.2494285714285849,1.0,1.0,1.448611111111111,25.0,1.0,-0.7253743710122876,-0.6883545756937539,F1,0.5625908758565564,True
2023-12-28T09:09:35.000Z|2023-12-27 14:30:00|LONG|r1_h1_pullback_long_v1,2023-12-28T09:09:35.000Z,2023,2023-12-27 14:30:00|LONG|r1_h1_pullback_long_v1,R1_PULLBACK,LONG,2023-12-27T14:30:00.000Z,2023-12-28T18:40:42.000Z,1,1.0,11.220000000000255,5.610000000000108,-11.520000000000001,-1.5267379679144135,0.4999999999999983,0.4999999999999983,2.664884135472289,2.164884135472291,1.0,1.0,18.65972222222222,907.3333333333334,1.0,0.678800745532942,-0.7343225094356853,F1,-0.3769107145488185,False
2024-01-09T00:08:55.000Z|V7_20240108T161000Z_SHORT,2024-01-09T00:08:55.000Z,2024,V7_20240108T161000Z_SHORT,V7_SWING_HEALTH,SHORT,2024-01-08T16:10:00.000Z,2024-01-09T13:40:00.000Z,1,1.0,4.956681394289781,2.4486242636187896,-5.818057130670873,-1.6677855074189523,0.4940047723139246,0.4940047723139246,1.7367717589305254,1.2427669866166007,1.0,1.0,7.981944444444444,382.0833333333333,1.0,0.03489949670250097,0.9993908270190958,F2,-1.112277055227943,False
2024-02-06T08:57:45.000Z|V9_BREAK_20240205T153500Z_LONG,2024-02-06T08:57:45.000Z,2024,V9_BREAK_20240205T153500Z_LONG,V57_BREAK_SWING_H4ADX_HIGH,LONG,2024-02-05T15:35:00.000Z,2024-02-06T13:10:00.000Z,1,1.0,5.074188736713765,2.4715336187197856,9.279911092147312,1.3417666994067878,0.48707956029251753,0.48707956029251753,1.7286573428485663,1.2415777825560488,1.0,1.0,17.379166666666666,195.25,1.0,0.7163019434246544,-0.69779045984168,F2,-0.18005477118321062,False
2024-03-05T12:35:40.000Z|V9_BREAK_20240305T083000Z_LONG,2024-03-05T12:35:40.000Z,2024,V9_BREAK_20240305T083000Z_LONG,V57_BREAK_SWING_H4ADX_HIGH,LONG,2024-03-05T08:30:00.000Z,2024-03-05T13:10:00.000Z,1,1.0,3.5,0.6669444444444803,6.456944444444444,1.654285714285704,0.1905555555555658,0.1905555555555658,11.59055555555548,11.399999999999912,1.0,1.0,4.094444444444444,188.5,1.0,-0.15212338618991642,-0.9883615104677608,F2,-2.9234307724233224,False
2024-03-06T16:03:40.000Z|V9_BREAK_20240306T151500Z_LONG,2024-03-06T16:03:40.000Z,2024,V9_BREAK_20240306T151500Z_LONG,V57_BREAK_SWING_H4ADX_HIGH,LONG,2024-03-06T15:15:00.000Z,2024-03-07T04:10:00.000Z,1,1.0,8.50727620715365,-0.6237318659132747,16.10082054839398,1.9659115334992663,-0.0733174579883497,-0.0733174579883497,5.101515331488338,5.174832789476687,1.0,-1.0,0.8111111111111111,125.16666666666667,1.0,-0.872496007072797,-0.4886212414969553,F2,-1.5141123458140182,False
2024-03-08T12:31:40.000Z|V7_20240308T103500Z_SHORT,2024-03-08T12:31:40.000Z,2024,V7_20240308T103500Z_SHORT,V7_SWING_HEALTH,SHORT,2024-03-08T10:35:00.000Z,2024-03-08T13:35:00.000Z,1,1.0,3.5,1.101250000000345,-4.018750000000001,-1.4628571428572417,0.3146428571429557,0.3146428571429557,10.125714285714581,9.811071428571625,1.0,1.0,1.9444444444444444,241.5,1.0,-0.13485093027372247,-0.9908658973868824,F2,-3.1167394218298177,False
"2024-05-06T13:00:05.000Z|V7_20240506T130000Z_SHORT,edb99749e7b2dde4a38b6fc3",2024-05-06T13:00:05.000Z,2024,V7_20240506T130000Z_SHORT,V7_SWING_HEALTH,SHORT,2024-05-06T13:00:00.000Z,2024-05-06T13:40:00.000Z,2,0.5,5.539732387044291,-1.5237088415743347,-6.126441228618733,-0.8308582555014311,-0.2750509835344782,0.3672505530928001,0.9653865588207051,0.598136005727905,0.4375020841307296,-0.32766561554540075,0.001388888888888889,14.0,2.0,-0.25881904510252035,-0.9659258262890684,F2,-0.5192296223421111,False
"2024-05-06T13:00:05.000Z|V7_20240506T130000Z_SHORT,edb99749e7b2dde4a38b6fc3",2024-05-06T13:00:05.000Z,2024,edb99749e7b2dde4a38b6fc3,R4_CHOP,LONG,2024-05-06T07:30:00.094Z,2024-05-06T13:40:10.825Z,2,0.5,7.122452749858892,6.173903336465461,13.498808836183176,1.0284245830711667,0.8668226456943188,0.3672505530928001,0.9653865588207051,0.598136005727905,0.5624979158692703,1.3276656155454007,5.501362777777778,14.0,2.0,-0.25881904510252035,-0.9659258262890684,F2,1.591754257030505,True
2024-05-22T08:41:35.000Z|V9_BREAK_20240522T025000Z_SHORT,2024-05-22T08:41:35.000Z,2024,V9_BREAK_20240522T025000Z_SHORT,V57_BREAK_SWING_H4ADX_HIGH,SHORT,2024-05-22T02:50:00.000Z,2024-05-22T11:40:00.000Z,1,1.0,3.676769644739778,1.7563420733187085,6.74088136279818,1.355684410800843,0.4776861873387809,0.4776861873387809,1.8128255826018973,1.3351393952631163,1.0,1.0,5.8597222222222225,15.0,1.0,0.763232469782529,-0.6461239796429636,F2,-0.4207225606923586,False
2024-05-27T15:45:25.000Z|V9_BREAK_20240527T132000Z_LONG,2024-05-27T15:45:25.000Z,2024,V9_BREAK_20240527T132000Z_LONG,V57_BREAK_SWING_H4ADX_HIGH,LONG,2024-05-27T13:20:00.000Z,2024-05-28T06:15:00.000Z,1,1.0,4.137805070449078,1.9894083575885944,-4.891396712860647,-1.662911846570497,0.4807883222427109,0.4807883222427109,1.6981003788140803,1.2173120565713695,1.0,1.0,2.423611111111111,78.58333333333333,1.0,-0.8314696123025448,-0.555570233019603,F2,0.19210530649343321,True
2024-06-26T11:42:10.000Z|178970c1800aacfb42d38c61,2024-06-26T11:42:10.000Z,2024,178970c1800aacfb42d38c61,R4_CHOP,SHORT,2024-06-26T07:15:00.443Z,2024-06-26T13:17:19.499Z,1,1.0,5.557382435574344,2.53006757266564,10.448832443814236,1.4249091119694028,0.4552624553008943,0.4552624553008943,2.1783631644101984,1.7231007091093042,1.0,1.0,4.452654722222222,13.25,1.0,0.07845909572784507,-0.996917333733128,F2,0.3536819700318822,True
"2024-07-03T12:15:00.000Z|0bd649c8ebeee7941992d118,V7_20240703T110000Z_SHORT",2024-07-03T12:15:00.000Z,2024,0bd649c8ebeee7941992d118,R4_CHOP,LONG,2024-07-03T07:00:00.014Z,2024-07-03T12:30:03.498Z,2,0.5,4.615596863489328,4.288997710066365,8.620191437045019,0.9383821540480749,0.9292401041333452,0.48719860027505135,0.9437380686715436,0.4565394683964923,0.5687316584506684,1.084749145880689,5.249996111111111,95.25,2.0,-0.06540312923014287,-0.9978589232386035,F2,0.9748846624237308,True
"2024-07-03T12:15:00.000Z|0bd649c8ebeee7941992d118,V7_20240703T110000Z_SHORT",2024-07-03T12:15:00.000Z,2024,V7_20240703T110000Z_SHORT,V7_SWING_HEALTH,SHORT,2024-07-03T11:00:00.000Z,2024-07-03T12:35:00.000Z,2,0.5,3.5,-0.3350902777777671,-3.998090277777778,-1.0465714285714316,-0.09574007936507632,0.48719860027505135,0.9437380686715436,0.4565394683964923,0.43126834154933164,-0.08474914588068908,1.25,95.25,2.0,-0.06540312923014287,-0.9978589232386035,F2,-0.6951657994932001,False
2024-07-17T02:18:25.000Z|V9_BREAK_20240717T012500Z_LONG,2024-07-17T02:18:25.000Z,2024,V9_BREAK_20240717T012500Z_LONG,V57_BREAK_SWING_H4ADX_HIGH,LONG,2024-07-17T01:25:00.000Z,2024-07-17T02:40:00.000Z,1,1.0,4.647395557551131,2.2824010554558605,-5.197994502095359,-1.6095887395246578,0.49111400723086596,0.49111400723086596,15.554819933069588,15.063705925838722,1.0,1.0,0.8902777777777777,75.75,1.0,0.5664062369248328,0.8241261886220157,F2,-6.393133714281202,False
"2024-07-17T14:04:00.000Z|2024-07-17 11:45:00|LONG|r1_h1_pullback_long_v1,2024-07-17 12:15:00|LONG|r1_h1_pullback_long_v1",2024-07-17T14:04:00.000Z,2024,2024-07-17 11:45:00|LONG|r1_h1_pullback_long_v1,R1_PULLBACK,LONG,2024-07-17T11:45:00.000Z,2024-07-17T14:12:29.000Z,2,0.5,6.5900000000001455,2.8029999999999564,-6.92,-1.4754172989377454,0.4253414264036259,0.44887509697438904,1.6679596586500713,1.219084561675682,0.5112490302560108,0.48444521258208534,2.316666666666667,4.5,2.0,-0.5150380749100542,-0.8571673007021123,F2,-0.10536476963131808,False
"2024-07-17T14:04:00.000Z|2024-07-17 11:45:00|LONG|r1_h1_pullback_long_v1,2024-07-17 12:15:00|LONG|r1_h1_pullback_long_v1",2024-07-17T14:04:00.000Z,2024,2024-07-17 12:15:00|LONG|r1_h1_pullback_long_v1,R1_PULLBACK,LONG,2024-07-17T12:15:00.000Z,2024-07-17T14:12:29.000Z,2,0.5,6.300000000000182,2.9830000000000654,-6.62,-1.5242857142856807,0.4734920634920602,0.44887509697438904,1.6679596586500713,1.219084561675682,0.4887509697439893,0.5155547874179146,1.8166666666666667,4.5,2.0,-0.5150380749100542,-0.8571673007021123,F2,-0.09267222232562602,False
2024-07-19T06:36:20.000Z|V9_BREAK_20240719T053500Z_SHORT,2024-07-19T06:36:20.000Z,2024,V9_BREAK_20240719T053500Z_SHORT,V57_BREAK_SWING_H4ADX_HIGH,SHORT,2024-07-19T05:35:00.000Z,2024-07-19T07:45:00.000Z,1,1.0,3.9039482330552486,1.6362053661250267,7.281101832235394,1.4459455221035664,0.4191155385389228,0.4191155385389228,1.7280468293621662,1.3089312908232436,1.0,1.0,1.0222222222222221,23.083333333333332,1.0,0.9876883405951377,-0.15643446504023104,F2,-0.4506448105153916,False
2024-08-13T12:52:20.000Z|2024-08-13 11:15:00|LONG|r1_h1_pullback_long_v1,2024-08-13T12:52:20.000Z,2024,2024-08-13 11:15:00|LONG|r1_h1_pullback_long_v1,R1_PULLBACK,LONG,2024-08-13T11:15:00.000Z,2024-08-13T13:22:42.000Z,1,1.0,4.619999999999891,2.179999999999909,-4.92,-1.5367965367965535,0.4718614718614633,0.4718614718614633,3.3367965367966166,2.8649350649351533,1.0,1.0,1.6222222222222222,22.25,1.0,-0.22495105434386498,-0.9743700647852352,F2,-0.44350624188454885,False
"2024-09-10T16:00:05.000Z|2024-09-10 10:00:00|LONG|r1_h1_pullback_long_v1,2024-09-10 16:00:00|LONG|h4_d1_long_best_box2_atr80",2024-09-10T16:00:05.000Z,2024,2024-09-10 10:00:00|LONG|r1_h1_pullback_long_v1,R1_PULLBACK,LONG,2024-09-10T10:00:00.000Z,2024-09-11T01:31:28.000Z,2,0.5,6.460000000000036,5.492999999999828,12.629999999999999,1.1047987616099273,0.8503095975231884,0.1269689737470044,0.5170942720763703,0.3901252983293658,0.19272076372315156,1.290648496240687,6.001388888888889,25.833333333333332,2.0,-0.8660254037844385,-0.5000000000000004,F2,1.8142389283464497,True
"2024-09-10T16:00:05.000Z|2024-09-10 10:00:00|LONG|r1_h1_pullback_long_v1,2024-09-10 16:00:00|LONG|h4_d1_long_best_box2_atr80",2024-09-10T16:00:05.000Z,2024,2024-09-10 16:00:00|LONG|h4_d1_long_best_box2_atr80,R1_BOX,LONG,2024-09-10T16:00:00.000Z,2024-09-13T01:10:20.000Z,2,0.5,27.059999999999945,-1.2370000000002435,53.82,2.0346267553584756,-0.045713229859580415,0.1269689737470044,0.5170942720763703,0.3901252983293658,0.8072792362768485,-0.29064849624068706,0.001388888888888889,25.833333333333332,2.0,-0.8660254037844385,-0.5000000000000004,F2,0.806225816598773,True
"2024-10-20T22:01:45.000Z|2024-10-18 14:15:00|LONG|r1_h1_pullback_long_v1,2024-10-18 14:45:00|LONG|r1_h1_pullback_long_v1",2024-10-20T22:01:45.000Z,2024,2024-10-18 14:15:00|LONG|r1_h1_pullback_long_v1,R1_PULLBACK,LONG,2024-10-18T14:15:00.000Z,2024-10-21T12:28:27.000Z,2,0.5,11.404999999999973,5.430000000000071,22.509999999999998,1.4975887768522549,0.47610697062692536,0.27614904482694197,2.7584641573671513,2.4823151125402094,0.43143559674673715,0.7438356164383458,55.77916666666667,3863.4166666666665,2.0,-0.49621650367520886,0.8681988144891419,F2,-0.4341127203403587,False
"2024-10-20T22:01:45.000Z|2024-10-18 14:15:00|LONG|r1_h1_pullback_long_v1,2024-10-18 14:45:00|LONG|r1_h1_pullback_long_v1",2024-10-20T22:01:45.000Z,2024,2024-10-18 14:45:00|LONG|r1_h1_pullback_long_v1,R1_PULLBACK,LONG,2024-10-18T14:45:00.000Z,2024-10-23T04:19:28.000Z,2,0.5,15.029999999999973,1.8700000000001253,29.759999999999998,1.8556220891550181,0.12441783100466591,0.27614904482694197,2.7584641573671513,2.4823151125402094,0.5685644032532629,0.2561643835616541,55.27916666666667,3863.4166666666665,2.0,-0.49621650367520886,0.8681988144891419,F2,-0.7832731347578517,False
2024-10-23T08:35:10.000Z|V9_BREAK_20241023T074000Z_LONG,2024-10-23T08:35:10.000Z,2024,V9_BREAK_20241023T074000Z_LONG,V57_BREAK_SWING_H4ADX_HIGH,LONG,2024-10-23T07:40:00.000Z,2024-10-23T09:35:00.000Z,1,1.0,3.5,1.726048611110925,-4.0029513888888895,-1.63685714285709,0.49315674603169285,0.49315674603169285,7.262857142857361,6.769700396825668,1.0,1.0,0.9194444444444444,58.416666666666664,1.0,0.7798844830928817,-0.6259234721840591,F2,-2.4809596030585164,False
"2024-10-30T12:00:10.000Z|2024-10-29 13:15:00|LONG|r1_h1_pullback_long_v1,2024-10-30 11:45:00|LONG|r1_h1_pullback_long_v1,2024-10-30 12:00:00|LONG|r1_h1_pullback_long_v1",2024-10-30T12:00:10.000Z,2024,2024-10-29 13:15:00|LONG|r1_h1_pullback_long_v1,R1_PULLBACK,LONG,2024-10-29T13:15:00.000Z,2024-10-31T13:34:14.000Z,3,0.3333333333333333,18.860000000000127,22.440000000000307,-19.220000000000002,-2.208907741251327,1.1898197242842077,0.4948704103671831,1.5680345572354202,1.073164146868237,0.5091792656587449,1.2242225859246856,22.752777777777776,708.4166666666666,3.0,1.2246467991473532e-16,-1.0,F2,0.21186285726036996,True
"2024-10-30T12:00:10.000Z|2024-10-29 13:15:00|LONG|r1_h1_pullback_long_v1,2024-10-30 11:45:00|LONG|r1_h1_pullback_long_v1,2024-10-30 12:00:00|LONG|r1_h1_pullback_long_v1",2024-10-30T12:00:10.000Z,2024,2024-10-30 11:45:00|LONG|r1_h1_pullback_long_v1,R1_PULLBACK,LONG,2024-10-30T11:45:00.000Z,2024-10-30T12:32:03.000Z,3,0.3333333333333333,8.240000000000236,-3.4899999999999096,-8.64,-0.6249999999999931,-0.42354368932036524,0.4948704103671831,1.5680345572354202,1.073164146868237,0.22246220302376196,-0.19039825422802958,0.25277777777777777,708.4166666666666,3.0,1.2246467991473532e-16,-1.0,F2,-0.4634791221078604,False
"2024-10-30T12:00:10.000Z|2024-10-29 13:15:00|LONG|r1_h1_pullback_long_v1,2024-10-30 11:45:00|LONG|r1_h1_pullback_long_v1,2024-10-30 12:00:00|LONG|r1_h1_pullback_long_v1",2024-10-30T12:00:10.000Z,2024,2024-10-30 12:00:00|LONG|r1_h1_pullback_long_v1,R1_PULLBACK,LONG,2024-10-30T12:00:00.000Z,2024-10-30T12:32:03.000Z,3,0.3333333333333333,9.940000000000055,-0.6199999999997274,-10.32,-0.9758551307847303,-0.06237424547280926,0.4948704103671831,1.5680345572354202,1.073164146868237,0.26835853131749304,-0.03382433169665602,0.002777777777777778,708.4166666666666,3.0,1.2246467991473532e-16,-1.0,F2,-0.46551676268191894,False
2024-11-12T07:49:15.000Z|V9_BREAK_20241112T062500Z_SHORT,2024-11-12T07:49:15.000Z,2024,V9_BREAK_20241112T062500Z_SHORT,V57_BREAK_SWING_H4ADX_HIGH,SHORT,2024-11-12T06:25:00.000Z,2024-11-12T09:10:00.000Z,1,1.0,5.476983452979684,1.2460466606840228,10.340013566643883,1.6603970021148051,0.22750601154475406,0.22750601154475406,1.647995970441305,1.420489958896551,1.0,1.0,1.4041666666666666,10.0,1.0,0.8890171414857366,-0.45787391511695646,F2,0.3250203907672901,True
2024-12-02T07:26:45.000Z|V7_20241202T020500Z_SHORT,2024-12-02T07:26:45.000Z,2024,V7_20241202T020500Z_SHORT,V7_SWING_HEALTH,SHORT,2024-12-02T02:05:00.000Z,2024-12-02T11:20:00.000Z,1,1.0,7.0678357126049995,3.5117123810361432,-7.856123331568431,-1.6083899194672593,0.4968582355095274,0.4968582355095274,1.7395300175284594,1.242671782018932,1.0,1.0,5.3625,128.16666666666666,1.0,0.9304175679820246,-0.3665012267242972,F2,-0.7940106938577649,False
2024-12-31T06:22:05.000Z|V7_20241231T015500Z_SHORT,2024-12-31T06:22:05.000Z,2024,V7_20241231T015500Z_SHORT,V7_SWING_HEALTH,SHORT,2024-12-31T01:55:00.000Z,2024-12-31T07:50:00.000Z,1,1.0,3.5,1.2587152777779416,-4.061284722222222,-1.5200000000000469,0.3596329365079833,0.3596329365079833,1.5776329365079604,1.217999999999977,1.0,1.0,4.451388888888889,26.166666666666668,1.0,0.9953961983671789,-0.09584575252022395,F2,-0.4307479605203319,False
2025-01-02T13:18:25.000Z|884ae9c1ca008a9a803b5011,2025-01-02T13:18:25.000Z,2025,884ae9c1ca008a9a803b5011,R3_COMPRESSION,LONG,2025-01-02T02:00:00.379Z,2025-01-03T02:00:00.124Z,1,1.0,6.958667076414785,3.432067679165211,25.052067679165102,3.106916850969519,0.49320762747762703,0.49320762747762703,1.7362617792300208,1.2430541517523939,1.0,1.0,11.306839166666666,176.33333333333334,1.0,-0.3338068592337705,-0.9426414910921785,F3,0.40863559917141823,True
"2025-02-12T06:11:50.000Z|V7_20250212T021500Z_SHORT,V9_BREAK_20250212T021000Z_SHORT",2025-02-12T06:11:50.000Z,2025,V7_20250212T021500Z_SHORT,V7_SWING_HEALTH,SHORT,2025-02-12T02:15:00.000Z,2025-02-12T10:35:00.000Z,2,0.5,5.905237816235711,2.186210331410683,11.093685963881915,1.5084025249552602,0.3702154594688756,0.3565122595951126,1.6396277282427352,1.2831154686476227,0.4947826817327443,0.5138005578348461,3.9472222222222224,81.75,2.0,0.9988483864849507,-0.047978128521344005,F3,-0.7779228068162936,False
"2025-02-12T06:11:50.000Z|V7_20250212T021500Z_SHORT,V9_BREAK_20250212T021000Z_SHORT",2025-02-12T06:11:50.000Z,2025,V9_BREAK_20250212T021000Z_SHORT,V57_BREAK_SWING_H4ADX_HIGH,SHORT,2025-02-12T02:10:00.000Z,2025-02-12T10:35:00.000Z,2,0.5,6.0297753405615,2.068768177416489,11.33531885853917,1.5367986629265973,0.34309208230365723,0.3565122595951126,1.6396277282427352,1.2831154686476227,0.5052173182672556,0.4861994421651538,4.030555555555556,81.75,2.0,0.9988483864849507,-0.047978128521344005,F3,-0.20475026603095547,False
2025-02-18T02:17:25.000Z|V7_20250217T093000Z_SHORT,2025-02-18T02:17:25.000Z,2025,V7_20250217T093000Z_SHORT,V7_SWING_HEALTH,SHORT,2025-02-17T09:30:00.000Z,2025-02-18T03:10:00.000Z,1,1.0,5.166244663037816,2.494048877959166,-5.982195785078794,-1.6406974922581046,0.4827585684826306,0.4827585684826306,1.783509972704515,1.3007514042218844,1.0,1.0,16.790277777777778,43.416666666666664,1.0,0.5628049276950685,0.8265897491271886,F3,-1.2626186300961695,False
"2025-02-20T04:05:10.000Z|V7_20250220T021500Z_LONG,a336110cc4cf7d5ba8adf133",2025-02-20T04:05:10.000Z,2025,V7_20250220T021500Z_LONG,V7_SWING_HEALTH,LONG,2025-02-20T02:15:00.000Z,2025-02-20T05:35:00.000Z,2,0.5,4.1803627666956515,3.2223707505543064,7.803096283945466,1.0957722544763677,0.7708351955065886,0.16347875124876796,0.6056504992776977,0.4421717480289297,0.3783171750610934,1.7838415780284231,1.836111111111111,51.833333333333336,2.0,0.8767267557075077,0.48098876891938774,F3,0.6544590745924248,True
"2025-02-20T04:05:10.000Z|V7_20250220T021500Z_LONG,a336110cc4cf7d5ba8adf133",2025-02-20T04:05:10.000Z,2025,a336110cc4cf7d5ba8adf133,R4_CHOP,LONG,2025-02-20T04:05:00.084Z,2025-02-20T13:51:10.413Z,2,0.5,6.869526168483081,-1.415948705993709,-7.722948705993498,-0.9181128137972421,-0.20612028708617275,0.16347875124876796,0.6056504992776977,0.4421717480289297,0.6216828249389067,-0.783841578028423,0.0027544444444444443,51.833333333333336,2.0,0.8767267557075077,0.48098876891938774,F3,0.20614572302883888,True
2025-02-26T08:19:25.000Z|V7_20250226T064500Z_LONG,2025-02-26T08:19:25.000Z,2025,V7_20250226T064500Z_LONG,V7_SWING_HEALTH,LONG,2025-02-26T06:45:00.000Z,2025-02-26T09:05:00.000Z,1,1.0,4.675916056626595,2.2921764193910192,8.784008532644187,1.3883551446679845,0.49020906099086237,0.49020906099086237,1.6236767998928794,1.133467738902017,1.0,1.0,1.573611111111111,28.083333333333332,1.0,0.8216469379421637,-0.569996762596303,F3,-0.6125632853008989,False
2025-03-10T02:41:30.000Z|V7_20250310T011500Z_SHORT,2025-03-10T02:41:30.000Z,2025,V7_20250310T011500Z_SHORT,V7_SWING_HEALTH,SHORT,2025-03-10T01:15:00.000Z,2025-03-10T03:40:00.000Z,1,1.0,3.809562412170771,1.894278823835978,7.09340364817763,1.3647564370468153,0.4972431525952024,0.4972431525952024,1.7283556774921476,1.2311125248969452,1.0,1.0,1.4416666666666667,29.0,1.0,0.6461239796429638,0.7632324697825289,F3,-1.2449227521616189,False
2025-03-12T05:49:50.000Z|V7_20250312T031500Z_SHORT,2025-03-12T05:49:50.000Z,2025,V7_20250312T031500Z_SHORT,V7_SWING_HEALTH,SHORT,2025-03-12T03:15:00.000Z,2025-03-12T07:05:00.000Z,1,1.0,3.5,1.7320972222221425,6.4690972222222225,1.3534285714285943,0.49488492063489786,0.49488492063489786,1.5111706349205518,1.016285714285654,1.0,1.0,2.5805555555555557,22.0,1.0,0.9988483864849507,0.04797812852134391,F3,-1.0279867360212038,False
"2025-03-28T10:21:10.000Z|2025-03-27 13:30:00|LONG|r1_h1_pullback_long_v1,2025-03-28 10:00:00|LONG|r1_h1_pullback_long_v1,2025-03-28 10:15:00|LONG|r1_h1_pullback_long_v1",2025-03-28T10:21:10.000Z,2025,2025-03-27 13:30:00|LONG|r1_h1_pullback_long_v1,R1_PULLBACK,LONG,2025-03-27T13:30:00.000Z,2025-03-30T22:00:25.000Z,3,0.3333333333333333,18.65000000000009,26.06999999999971,37.0,0.5860589812332567,1.397855227882015,0.47260726072606973,1.7093069306930457,1.2366996699669761,0.49240924092409183,1.4564245810055705,20.852777777777778,512.9166666666666,3.0,0.41865973753742797,-0.9081431738250814,F3,-0.04983454377315265,False
"2025-03-28T10:21:10.000Z|2025-03-27 13:30:00|LONG|r1_h1_pullback_long_v1,2025-03-28 10:00:00|LONG|r1_h1_pullback_long_v1,2025-03-28 10:15:00|LONG|r1_h1_pullback_long_v1",2025-03-28T10:21:10.000Z,2025,2025-03-28 10:00:00|LONG|r1_h1_pullback_long_v1,R1_PULLBACK,LONG,2025-03-28T10:00:00.000Z,2025-03-30T22:02:19.000Z,3,0.3333333333333333,8.375,-4.459999999999855,16.45,2.4967164179104304,-0.5325373134328185,0.47260726072606973,1.7093069306930457,1.2366996699669761,0.2211221122112198,-0.2491620111731763,0.3527777777777778,512.9166666666666,3.0,0.41865973753742797,-0.9081431738250814,F3,-0.45505404397542687,False
"2025-03-28T10:21:10.000Z|2025-03-27 13:30:00|LONG|r1_h1_pullback_long_v1,2025-03-28 10:00:00|LONG|r1_h1_pullback_long_v1,2025-03-28 10:15:00|LONG|r1_h1_pullback_long_v1",2025-03-28T10:21:10.000Z,2025,2025-03-28 10:15:00|LONG|r1_h1_pullback_long_v1,R1_PULLBACK,LONG,2025-03-28T10:15:00.000Z,2025-03-31T02:09:30.000Z,3,0.3333333333333333,10.850000000000136,-3.709999999999855,21.45,2.3188940092165473,-0.3419354838709501,0.47260726072606973,1.7093069306930457,1.2366996699669761,0.28646864686468837,-0.20726256983239416,0.10277777777777777,512.9166666666666,3.0,0.41865973753742797,-0.9081431738250814,F3,-0.4908231427607666,False
"2025-03-31T00:52:45.000Z|2025-03-28 10:30:00|LONG|r1_h1_pullback_long_v1,2025-03-28 14:30:00|LONG|r1_h1_pullback_long_v1,2025-03-28 14:45:00|LONG|r1_h1_pullback_long_v1,V9_BREAK_20250331T000500Z_SHORT",2025-03-31T00:52:45.000Z,2025,2025-03-28 10:30:00|LONG|r1_h1_pullback_long_v1,R1_PULLBACK,LONG,2025-03-28T10:30:00.000Z,2025-03-31T02:22:26.000Z,4,0.25,12.565000000000055,10.089999999999709,25.02,1.1882212495026045,0.8030242737763362,0.4959244541662706,1.4342295780492573,0.9383051238829867,0.2566961234144624,0.41565447389087273,62.37916666666667,163.91666666666666,4.0,0.224951054343865,0.9743700647852352,F3,-1.4323368619310226,False
"2025-03-31T00:52:45.000Z|2025-03-28 10:30:00|LONG|r1_h1_pullback_long_v1,2025-03-28 14:30:00|LONG|r1_h1_pullback_long_v1,2025-03-28 14:45:00|LONG|r1_h1_pullback_long_v1,V9_BREAK_20250331T000500Z_SHORT",2025-03-31T00:52:45.000Z,2025,2025-03-28 14:30:00|LONG|r1_h1_pullback_long_v1,R1_PULLBACK,LONG,2025-03-28T14:30:00.000Z,2025-03-31T03:06:24.000Z,4,0.25,14.384999999999991,4.34399999999987,28.55,1.6827250608272608,0.3019812304483749,0.4959244541662706,1.4342295780492573,0.9383051238829867,0.2938777346054137,0.1789497556572794,58.37916666666667,163.91666666666666,4.0,0.224951054343865,0.9743700647852352,F3,-1.3971424588046868,False
"2025-03-31T00:52:45.000Z|2025-03-28 10:30:00|LONG|r1_h1_pullback_long_v1,2025-03-28 14:30:00|LONG|r1_h1_pullback_long_v1,2025-03-28 14:45:00|LONG|r1_h1_pullback_long_v1,V9_BREAK_20250331T000500Z_SHORT",2025-03-31T00:52:45.000Z,2025,2025-03-28 14:45:00|LONG|r1_h1_pullback_long_v1,R1_PULLBACK,LONG,2025-03-28T14:45:00.000Z,2025-03-31T05:55:14.000Z,4,0.25,18.049999999999955,6.419999999999909,35.82,1.628808864265937,0.3556786703601067,0.4959244541662706,1.4342295780492573,0.9383051238829867,0.3687516934047763,0.26446994275316577,58.12916666666667,163.91666666666666,4.0,0.224951054343865,0.9743700647852352,F3,-1.3535834540522167,False
"2025-03-31T00:52:45.000Z|2025-03-28 10:30:00|LONG|r1_h1_pullback_long_v1,2025-03-28 14:30:00|LONG|r1_h1_pullback_long_v1,2025-03-28 14:45:00|LONG|r1_h1_pullback_long_v1,V9_BREAK_20250331T000500Z_SHORT",2025-03-31T00:52:45.000Z,2025,V9_BREAK_20250331T000500Z_SHORT,V57_BREAK_SWING_H4ADX_HIGH,SHORT,2025-03-31T00:05:00.000Z,2025-03-31T01:05:00.000Z,4,0.25,3.9489277549882,3.42097027891725,7.385825788893837,1.0040334379296425,0.8663035869916724,0.4959244541662706,1.4342295780492573,0.9383051238829867,0.0806744485753476,0.14092582769868214,0.7958333333333333,163.91666666666666,4.0,0.224951054343865,0.9743700647852352,F3,-1.1538241096272468,False
2025-04-15T01:41:00.000Z|V9_BREAK_20250415T011500Z_LONG,2025-04-15T01:41:00.000Z,2025,V9_BREAK_20250415T011500Z_LONG,V57_BREAK_SWING_H4ADX_HIGH,LONG,2025-04-15T01:15:00.000Z,2025-04-15T03:05:00.000Z,1,1.0,4.675261384747243,2.059500819651417,8.790023589146072,1.4396035249392853,0.4405103052356417,0.4405103052356417,1.5292194877010248,1.0887091824653832,1.0,1.0,0.43333333333333335,3.4166666666666665,1.0,0.4265687399014583,0.904455145454368,F3,-0.3030384216972753,False
2025-04-15T07:55:20.000Z|V9_BREAK_20250415T052000Z_SHORT,2025-04-15T07:55:20.000Z,2025,V9_BREAK_20250415T052000Z_SHORT,V57_BREAK_SWING_H4ADX_HIGH,SHORT,2025-04-15T05:20:00.000Z,2025-04-15T08:15:00.000Z,1,1.0,4.787623173448013,2.3880841191051765,-5.369539054342706,-1.6203495748101862,0.4988036928949224,0.4988036928949224,1.5682278757327086,1.0694241828377864,1.0,1.0,2.588888888888889,18.333333333333332,1.0,0.8767267557075078,-0.48098876891938747,F3,-0.24994701650514567,False
2025-05-02T12:39:25.000Z|V7_20250502T120000Z_SHORT,2025-05-02T12:39:25.000Z,2025,V7_20250502T120000Z_SHORT,V7_SWING_HEALTH,SHORT,2025-05-02T12:00:00.000Z,2025-05-02T13:05:00.000Z,1,1.0,6.600185990053412,2.5641920893862533,12.554564069493082,1.513650069128731,0.38850300480176353,0.38850300480176353,1.588469189381287,1.1999661845795235,1.0,1.0,0.6569444444444444,3.0833333333333335,1.0,-0.16934950384902456,-0.9855560590580777,F3,-0.04120350060458687,False
2025-05-28T13:02:15.000Z|V7_20250528T082000Z_SHORT,2025-05-28T13:02:15.000Z,2025,V7_20250528T082000Z_SHORT,V7_SWING_HEALTH,SHORT,2025-05-28T08:20:00.000Z,2025-05-28T13:20:00.000Z,1,1.0,7.808922129584002,3.6596372268539064,14.854481486022255,1.433596605702703,0.46864819063688923,0.46864819063688923,1.8738357207351708,1.4051875300982815,1.0,1.0,4.704166666666667,73.0,1.0,-0.2672383760782568,-0.9636304532086231,F3,-0.3541607988404829,False
2025-06-16T13:19:00.000Z|V7_20250616T111000Z_SHORT,2025-06-16T13:19:00.000Z,2025,V7_20250616T111000Z_SHORT,V7_SWING_HEALTH,SHORT,2025-06-16T11:10:00.000Z,2025-06-16T13:20:00.000Z,1,1.0,5.905579169676819,2.8661238192938754,11.184282158647761,1.4085254130644556,0.48532476442115385,0.48532476442115385,1.9884796193387528,1.5031548549175988,1.0,1.0,2.15,2.25,1.0,-0.33791671800332673,-0.9411760152563707,F3,-0.4249000263355624,False
2025-07-11T17:01:40.000Z|0ceaad778b275a37c4bae639,2025-07-11T17:01:40.000Z,2025,0ceaad778b275a37c4bae639,R3_COMPRESSION,LONG,2025-07-11T11:00:00.067Z,2025-07-13T22:00:08.519Z,1,1.0,9.959863741246583,4.908555907845086,15.954555907844908,1.109051317063229,0.49283364063680735,0.49283364063680735,2.1334183338120396,1.6405846931752321,1.0,1.0,6.027759166666667,127.5,1.0,-0.9670459389139431,-0.25460194820552773,F3,0.25376880194916085,True
"2025-07-23T10:04:55.000Z|2025-07-22 12:45:00|LONG|r1_h1_pullback_long_v1,2025-07-23 09:00:00|LONG|r1_h1_pullback_long_v1,2025-07-23 09:15:00|LONG|r1_h1_pullback_long_v1",2025-07-23T10:04:55.000Z,2025,2025-07-22 12:45:00|LONG|r1_h1_pullback_long_v1,R1_PULLBACK,LONG,2025-07-22T12:45:00.000Z,2025-07-23T16:03:40.000Z,3,0.3333333333333333,17.769999999999982,23.500000000000163,-18.07,-2.339335959482285,1.3224535734383898,0.49895779051589334,1.3737884314746949,0.8748306409588016,0.4630015633142189,1.2271540469973803,21.331944444444446,1166.0,3.0,0.48480962024633717,-0.8746197071393957,F3,-0.13331529727983565,False
"2025-07-23T10:04:55.000Z|2025-07-22 12:45:00|LONG|r1_h1_pullback_long_v1,2025-07-23 09:00:00|LONG|r1_h1_pullback_long_v1,2025-07-23 09:15:00|LONG|r1_h1_pullback_long_v1",2025-07-23T10:04:55.000Z,2025,2025-07-23 09:00:00|LONG|r1_h1_pullback_long_v1,R1_PULLBACK,LONG,2025-07-23T09:00:00.000Z,2025-07-23T13:00:27.000Z,3,0.3333333333333333,9.470000000000255,-1.3599999999999284,-9.780000000000001,-0.8891235480464463,-0.14361140443504666,0.49895779051589334,1.3737884314746949,0.8748306409588016,0.24674309536217082,-0.07101827676239736,1.0819444444444444,1166.0,3.0,0.48480962024633717,-0.8746197071393957,F3,-0.4246388407914821,False
"2025-07-23T10:04:55.000Z|2025-07-22 12:45:00|LONG|r1_h1_pullback_long_v1,2025-07-23 09:00:00|LONG|r1_h1_pullback_long_v1,2025-07-23 09:15:00|LONG|r1_h1_pullback_long_v1",2025-07-23T10:04:55.000Z,2025,2025-07-23 09:15:00|LONG|r1_h1_pullback_long_v1,R1_PULLBACK,LONG,2025-07-23T09:15:00.000Z,2025-07-23T13:00:27.000Z,3,0.3333333333333333,11.140000000000327,-2.9899999999999647,-11.450000000000001,-0.7594254937163185,-0.2684021543985527,0.49895779051589334,1.3737884314746949,0.8748306409588016,0.2902553413236103,-0.1561357702349829,0.8319444444444445,1166.0,3.0,0.48480962024633717,-0.8746197071393957,F3,-0.43529338223712116,False
2025-07-31T07:45:35.000Z|da03d27d153c27e0f12fbe5a,2025-07-31T07:45:35.000Z,2025,da03d27d153c27e0f12fbe5a,R2_DOWNTREND,SHORT,2025-07-30T13:00:00.008Z,2025-08-01T01:00:00.072Z,1,1.0,11.491159351740722,5.4134417731538065,21.113441773153625,1.366267712371557,0.47109622340532237,0.47109622340532237,3.8023527857991732,3.331256562393851,1.0,1.0,18.75972,985.25,1.0,0.8968727415326884,-0.44228869021900113,F3,-0.27008972641254314,False
2025-08-12T11:45:40.000Z|603fe41194cb5dc98d0c2639,2025-08-12T11:45:40.000Z,2025,603fe41194cb5dc98d0c2639,R4_CHOP,SHORT,2025-08-12T03:00:01.856Z,2025-08-12T14:16:21.909Z,1,1.0,9.43665253789552,4.656780584331923,17.93708566012307,1.4073110165347684,0.49347801729811674,0.49347801729811674,1.622374091114514,1.1288960738163971,1.0,1.0,8.760595555555556,9.416666666666666,1.0,0.06540312923014312,-0.9978589232386035,F3,0.43869381632605153,True
2025-09-01T06:58:05.000Z|V9_BREAK_20250901T024500Z_LONG,2025-09-01T06:58:05.000Z,2025,V9_BREAK_20250901T024500Z_LONG,V57_BREAK_SWING_H4ADX_HIGH,LONG,2025-09-01T02:45:00.000Z,2025-09-02T01:30:00.000Z,1,1.0,10.319223715405624,3.9722679808967314,19.49071541170747,1.5038386470527978,0.3849386436856206,0.3849386436856206,9.513532285799204,9.128593642113584,1.0,1.0,4.218055555555556,290.75,1.0,0.9681476403781077,-0.2503800040544414,F3,-0.44687119480053367,False
2025-09-12T01:19:15.000Z|V9_BREAK_20250912T005000Z_LONG,2025-09-12T01:19:15.000Z,2025,V9_BREAK_20250912T005000Z_LONG,V57_BREAK_SWING_H4ADX_HIGH,LONG,2025-09-12T00:50:00.000Z,2025-09-12T01:35:00.000Z,1,1.0,3.927987078469723,1.9626631460767694,7.348637303015797,1.3711791941630602,0.4996613040899792,0.4996613040899792,1.6918750019579494,1.19221369786797,1.0,1.0,0.4875,8.083333333333334,1.0,0.33791671800332695,0.9411760152563706,F3,-0.5318707021206485,False
2025-09-23T07:04:35.000Z|V9_BREAK_20250923T035000Z_LONG,2025-09-23T07:04:35.000Z,2025,V9_BREAK_20250923T035000Z_LONG,V57_BREAK_SWING_H4ADX_HIGH,LONG,2025-09-23T03:50:00.000Z,2025-09-23T08:35:00.000Z,1,1.0,6.688538882000792,3.3163022225666072,12.673379986568195,1.3989718724940021,0.49581863559034545,0.49581863559034545,1.6081691999298133,1.112350564339468,1.0,1.0,3.2430555555555554,78.08333333333333,1.0,0.9612616959383189,-0.27563735581699905,F3,-0.1799946363946156,False
2025-10-02T13:35:35.000Z|V9_BREAK_20251002T112000Z_LONG,2025-10-02T13:35:35.000Z,2025,V9_BREAK_20251002T112000Z_LONG,V57_BREAK_SWING_H4ADX_HIGH,LONG,2025-10-02T11:20:00.000Z,2025-10-02T13:50:00.000Z,1,1.0,5.94531505934463,2.006275913699308,-6.579039145645031,-1.4440471150221472,0.33745493614268873,0.33745493614268873,1.7166921873479648,1.3792372512052757,1.0,1.0,2.2597222222222224,3.75,1.0,-0.4027466898587371,-0.9153114791194472,F3,0.8738586481541527,True
2025-10-29T02:22:25.000Z|V9_BREAK_20251028T232000Z_LONG,2025-10-29T02:22:25.000Z,2025,V9_BREAK_20251028T232000Z_LONG,V57_BREAK_SWING_H4ADX_HIGH,LONG,2025-10-28T23:20:00.000Z,2025-10-29T07:15:00.000Z,1,1.0,15.87471830057695,7.540812696082263,30.540249297236038,1.4488091168406991,0.47502025253627334,0.47502025253627334,1.685750398173045,1.2107301456367716,1.0,1.0,3.040277777777778,101.08333333333333,1.0,0.5807029557109398,0.8141155183563192,F3,-0.4310655397585262,False
2025-10-31T10:08:20.000Z|V7_20251031T081500Z_SHORT,2025-10-31T10:08:20.000Z,2025,V7_20251031T081500Z_SHORT,V7_SWING_HEALTH,SHORT,2025-10-31T08:15:00.000Z,2025-10-31T12:50:00.000Z,1,1.0,11.922531569944594,5.873033143725232,-12.885498426219575,-1.5733681609393282,0.492599504498735,0.492599504498735,1.8681462920067426,1.3755467875080079,1.0,1.0,1.8888888888888888,48.083333333333336,1.0,0.4694715627858911,-0.8829475928589268,F3,-0.6037976622224386,False
2025-11-05T14:49:05.000Z|V7_20251105T101000Z_LONG,2025-11-05T14:49:05.000Z,2025,V7_20251105T101000Z_LONG,V7_SWING_HEALTH,LONG,2025-11-05T10:10:00.000Z,2025-11-05T16:50:00.000Z,1,1.0,10.296714474771932,4.967942054038836,19.68137100358316,1.428944056436043,0.4824783736803457,0.4824783736803457,1.7916338361365964,1.3091554624562507,1.0,1.0,4.651388888888889,24.0,1.0,-0.6723668074346678,-0.7402181274868322,F3,-0.26906888394509315,False
2025-11-18T07:48:25.000Z|V9_BREAK_20251118T015500Z_SHORT,2025-11-18T07:48:25.000Z,2025,V9_BREAK_20251118T015500Z_SHORT,V57_BREAK_SWING_H4ADX_HIGH,SHORT,2025-11-18T01:55:00.000Z,2025-11-18T08:40:00.000Z,1,1.0,14.189754608169128,6.752074769591669,-15.297679838577555,-1.5539207841885472,0.47584154596334305,0.47584154596334305,1.7577523684047658,1.2819108224414226,1.0,1.0,5.8902777777777775,18.083333333333332,1.0,0.8910065241883679,-0.45399049973954675,F3,-0.20795635055850725,False
2025-12-09T07:08:55.000Z|V25_e96a924eb3d1994a1566009a,2025-12-09T07:08:55.000Z,2025,V25_e96a924eb3d1994a1566009a,V25_CHOP,SHORT,2025-12-08T23:30:04.124Z,2025-12-09T09:07:32.765Z,1,1.0,11.703623587451522,5.267459742502998,-12.842540257497584,-1.5473840101468999,0.4500708437129422,0.4500708437129422,1.7772666377278605,1.3271957940149182,1.0,1.0,7.647465555555556,58.833333333333336,1.0,0.9563047559630355,-0.29237170472273666,F3,-0.014680233190183814,False
2025-12-12T15:58:15.000Z|4a9a3f3991e53ba202a6376e,2025-12-12T15:58:15.000Z,2025,4a9a3f3991e53ba202a6376e,R3_COMPRESSION,LONG,2025-12-11T17:00:00.020Z,2025-12-12T17:00:00.100Z,1,1.0,20.042481111724925,7.607875620339898,6.147875620339861,-0.07284527259182152,0.37958751603309543,0.37958751603309543,3.821776116108182,3.4421886000750863,1.0,1.0,22.970827777777778,427.0833333333333,1.0,-0.8616291604415258,-0.5075383629607041,F3,0.5863386864044141,True
2025-12-17T01:26:05.000Z|V9_BREAK_20251217T000500Z_LONG,2025-12-17T01:26:05.000Z,2025,V9_BREAK_20251217T000500Z_LONG,V57_BREAK_SWING_H4ADX_HIGH,LONG,2025-12-17T00:05:00.000Z,2025-12-17T01:35:00.000Z,1,1.0,4.928306785461497,2.421709660726707,9.288323231650326,1.3933007561907724,0.49138776584906396,0.49138776584906396,1.7236568319542156,1.2322690661051516,1.0,1.0,1.351388888888889,13.666666666666666,1.0,0.36650122672429725,0.9304175679820246,F3,-0.5079557256884975,False
2026-01-15T03:38:50.000Z|V9_BREAK_20260115T012000Z_SHORT,2026-01-15T03:38:50.000Z,2026,V9_BREAK_20260115T012000Z_SHORT,V57_BREAK_SWING_H4ADX_HIGH,SHORT,2026-01-15T01:20:00.000Z,2026-01-15T10:25:00.000Z,1,1.0,12.445595099915582,6.075254967226552,-13.500340132688965,-1.5728934569025388,0.48814499575578835,0.48814499575578835,1.6467878637128999,1.1586428679571115,1.0,1.0,2.313888888888889,16.5,1.0,0.8141155183563191,0.5807029557109399,F4,-0.07354936066261741,False
2026-01-26T04:32:30.000Z|V9_BREAK_20260126T011500Z_LONG,2026-01-26T04:32:30.000Z,2026,V9_BREAK_20260126T011500Z_LONG,V57_BREAK_SWING_H4ADX_HIGH,LONG,2026-01-26T01:15:00.000Z,2026-01-26T06:50:00.000Z,1,1.0,18.090835611976516,7.1140346082897,34.89570583224341,1.535676506040531,0.3932396911273716,0.3932396911273716,1.8050042191899638,1.4117645280625923,1.0,1.0,3.2916666666666665,130.08333333333334,1.0,0.9271838545667874,0.37460659341591196,F4,0.5991979334518288,True
2026-02-20T15:03:05.000Z|2026-02-20 12:45:00|LONG|r1_h1_pullback_long_v1,2026-02-20T15:03:05.000Z,2026,2026-02-20 12:45:00|LONG|r1_h1_pullback_long_v1,R1_PULLBACK,LONG,2026-02-20T12:45:00.000Z,2026-02-20T15:06:29.000Z,1,1.0,20.6899999999996,6.8400000000001455,-21.0,-1.345577573707138,0.3305944900918452,0.3305944900918452,1.7955534074432264,1.4649589173513813,1.0,1.0,2.301388888888889,17.833333333333332,1.0,-0.7163019434246541,-0.6977904598416802,F4,0.4635395253415343,True
2026-03-10T14:07:45.000Z|V25_f1ec6704a9640a26928185a8,2026-03-10T14:07:45.000Z,2026,V25_f1ec6704a9640a26928185a8,V25_CHOP,LONG,2026-03-10T08:15:00.301Z,2026-03-10T15:33:57.994Z,1,1.0,26.430651783162485,9.954775367439083,51.13307893376384,1.5579753350069554,0.37663752862049066,0.37663752862049066,1.7552263087584026,1.378588780137912,1.0,1.0,5.879083055555555,43.583333333333336,1.0,-0.5262139236518696,-0.8503522249955628,F4,0.7983554358362969,True
2026-03-27T05:58:05.000Z|V9_BREAK_20260327T034000Z_LONG,2026-03-27T05:58:05.000Z,2026,V9_BREAK_20260327T034000Z_LONG,V57_BREAK_SWING_H4ADX_HIGH,LONG,2026-03-27T03:40:00.000Z,2026-03-27T08:55:00.000Z,1,1.0,17.837939036211438,8.66154054818881,-19.10639848802211,-1.5566786600089475,0.48556845780253416,0.48556845780253416,1.6213498930273065,1.1357814352247724,1.0,1.0,2.301388888888889,19.75,1.0,0.9999619230641713,0.008726535498373897,F4,0.3617880656657697,True
2026-04-15T09:13:40.000Z|V7_20260415T090500Z_SHORT,2026-04-15T09:13:40.000Z,2026,V7_20260415T090500Z_SHORT,V7_SWING_HEALTH,SHORT,2026-04-15T09:05:00.000Z,2026-04-15T09:50:00.000Z,1,1.0,11.946556735421161,5.3817346632289045,22.984848134071704,1.473488458699579,0.45048416731427154,0.45048416731427154,1.7211431811363183,1.2706590138220466,1.0,1.0,0.14444444444444443,2.0,1.0,0.6658816660008343,-0.7460573750616994,F4,-0.20641120701485033,False
2026-04-21T22:00:15.000Z|9697fd829d301579d5da4ad0,2026-04-21T22:00:15.000Z,2026,9697fd829d301579d5da4ad0,R3_COMPRESSION,SHORT,2026-04-21T15:00:00.104Z,2026-04-22T03:32:31.463Z,1,1.0,26.18127956640833,12.361031210915034,-28.051968789083613,-1.543583838119593,0.4721324326246739,0.4721324326246739,2.6002560737429548,2.128123641118281,1.0,1.0,7.004137777777777,269.6666666666667,1.0,-0.5000000000000004,0.8660254037844384,F4,0.26360884517433536,True
2026-04-28T00:27:15.000Z|V9_BREAK_20260427T232000Z_LONG,2026-04-28T00:27:15.000Z,2026,V9_BREAK_20260427T232000Z_LONG,V57_BREAK_SWING_H4ADX_HIGH,LONG,2026-04-27T23:20:00.000Z,2026-04-28T01:05:00.000Z,1,1.0,4.869381376866211,2.1410100978233917,-5.438371279042576,-1.5565388681352028,0.4396883160548994,0.4396883160548994,1.8320623108729335,1.392373994818034,1.0,1.0,1.1208333333333333,19.333333333333332,1.0,0.11753739745783764,0.9930684569549263,F4,0.459949861548577,True
2026-04-28T02:05:25.000Z|V9_BREAK_20260428T015500Z_SHORT,2026-04-28T02:05:25.000Z,2026,V9_BREAK_20260428T015500Z_SHORT,V57_BREAK_SWING_H4ADX_HIGH,SHORT,2026-04-28T01:55:00.000Z,2026-04-28T05:05:00.000Z,1,1.0,8.098934071897677,3.7888727408495253,15.44674088464451,1.43943240435138,0.4678236305190403,0.4678236305190403,1.6013061256851366,1.1334824951660962,1.0,1.0,0.1736111111111111,5.25,1.0,0.5187732581605213,0.8549118706729466,F4,-0.00911406921507979,False
2026-05-01T01:56:50.000Z|V9_BREAK_20260501T000000Z_SHORT,2026-05-01T01:56:50.000Z,2026,V9_BREAK_20260501T000000Z_SHORT,V57_BREAK_SWING_H4ADX_HIGH,SHORT,2026-05-01T00:00:00.000Z,2026-05-01T02:15:00.000Z,1,1.0,6.768580576047947,3.3687584711984746,-7.439822104849896,-1.596875512466649,0.4977053066516691,0.4977053066516691,1.64314487302624,1.1454395663745707,1.0,1.0,1.9472222222222222,36.916666666666664,1.0,0.48480962024633706,0.8746197071393957,F4,-0.09812682570692655,False
2026-05-21T06:01:40.000Z|V9_BREAK_20260521T023000Z_SHORT,2026-05-21T06:01:40.000Z,2026,V9_BREAK_20260521T023000Z_SHORT,V57_BREAK_SWING_H4ADX_HIGH,SHORT,2026-05-21T02:30:00.000Z,2026-05-21T07:30:00.000Z,1,1.0,12.818401690939284,6.256163248786805,24.62296663066533,1.4328466079246949,0.4880611015029267,0.4880611015029267,1.534993497878524,1.0469323963755972,1.0,1.0,3.5277777777777777,13.0,1.0,0.9999904807207345,-0.00436330928474646,F4,-0.050233273773426346,False
2026-06-05T06:33:20.000Z|V25_83cae13e3a3e29396436b5fb,2026-06-05T06:33:20.000Z,2026,V25_83cae13e3a3e29396436b5fb,V25_CHOP,SHORT,2026-06-05T00:30:00.047Z,2026-06-05T11:51:39.802Z,1,1.0,16.163015003304245,7.916167371940869,-17.443832628058804,-1.5690141965973097,0.48977046487444004,0.48977046487444004,1.5570218407145007,1.0672513758400608,1.0,1.0,6.0555425,14.833333333333334,1.0,0.9896513868196702,-0.14349262199117915,F4,0.01598305275746431,True
2026-06-09T13:21:25.000Z|V7_20260609T081000Z_LONG,2026-06-09T13:21:25.000Z,2026,V7_20260609T081000Z_LONG,V7_SWING_HEALTH,LONG,2026-06-09T08:10:00.000Z,2026-06-09T13:50:00.000Z,1,1.0,10.9179289170033,5.22146466526058,20.907322499267618,1.4367063527569124,0.4782468089830486,0.4782468089830486,1.5452990025412185,1.0670521935581698,1.0,1.0,5.190277777777778,33.666666666666664,1.0,-0.34611705707749263,-0.9381913359224843,F4,0.1586613524636557,True
2026-06-11T04:00:05.000Z|V9_BREAK_20260611T023500Z_SHORT,2026-06-11T04:00:05.000Z,2026,V9_BREAK_20260611T023500Z_SHORT,V57_BREAK_SWING_H4ADX_HIGH,SHORT,2026-06-11T02:35:00.000Z,2026-06-11T05:35:00.000Z,1,1.0,21.788916483371178,-3.1701958241686405,-23.222112307539955,-0.9202805701088669,-0.14549579950834474,-0.14549579950834474,11.341786590187935,11.48728238969628,1.0,-1.0,1.4180555555555556,1709.25,1.0,0.8660254037844386,0.5000000000000001,F4,-0.18702563053208676,False
2026-06-12T02:02:15.000Z|V9_BREAK_20260612T004500Z_SHORT,2026-06-12T02:02:15.000Z,2026,V9_BREAK_20260612T004500Z_SHORT,V57_BREAK_SWING_H4ADX_HIGH,SHORT,2026-06-12T00:45:00.000Z,2026-06-12T08:40:00.000Z,1,1.0,19.20315128372565,9.1043910469253,-20.578760236800846,-1.545743760758794,0.47410921845109455,0.47410921845109455,1.5801776801415635,1.1060684616904688,1.0,1.0,1.2875,25.25,1.0,0.5075383629607041,0.8616291604415258,F4,-0.02670058491771382,False
