component,source_id,upstream_source_id,upstream_component,family_group,source_priority,cell_id,component_priority,variant_name,entry_time,entry_date,exit_time,exit_date,direction,pnl_usd,tickets,lots,source_csv,source_row,drop_reason,duplicate_of_source_id,duplicate_of_entry_time
r3_compression_long_v1_broad_box3_atr60_range125_body035,r3_compression_long_v1_broad_box3_atr60_range125_body035,r3_compression_long_v1_broad_box3_atr60_range125_body035,r3_compression_long_v1_broad_box3_atr60_range125_body035,xau_r3_compression_long,80,r3_compression_long_v1,0,r3_compression_long_v1_broad_box3_atr60_range125_body035,2022-11-24 04:00:00,2022-11-24,2022-12-13 13:00:42,2022-12-13,LONG,57.0,1,0.01,C:\Users\ZHAO ZHU INFORMATION\Downloads\algo-trading-system\xau-usd\xauusd-phase1\outputs\reports\mt5_backtests\a1_momentum_variants_owner_goal_r3_compression_long_v1_exact_202207_202606_20260701\A1XauM5Momentum_OWNER_GOAL_R3_COMPRESSION_LONG_V1_EXACT_202207_202606_XAUUSD_M5_r3_compression_long_v1_broad_box3_atr60_range125_body035_trades.csv,12,same_direction_overlap_5m,h4_d1_long_best_box2_atr80,2022-11-24 04:00:00
r3_compression_long_v1_broad_box3_atr60_range125_body035,r3_compression_long_v1_broad_box3_atr60_range125_body035,r3_compression_long_v1_broad_box3_atr60_range125_body035,r3_compression_long_v1_broad_box3_atr60_range125_body035,xau_r3_compression_long,80,r3_compression_long_v1,0,r3_compression_long_v1_broad_box3_atr60_range125_body035,2022-11-24 12:00:00,2022-11-24,2022-12-13 13:14:31,2022-12-13,LONG,60.22,1,0.01,C:\Users\ZHAO ZHU INFORMATION\Downloads\algo-trading-system\xau-usd\xauusd-phase1\outputs\reports\mt5_backtests\a1_momentum_variants_owner_goal_r3_compression_long_v1_exact_202207_202606_20260701\A1XauM5Momentum_OWNER_GOAL_R3_COMPRESSION_LONG_V1_EXACT_202207_202606_XAUUSD_M5_r3_compression_long_v1_broad_box3_atr60_range125_body035_trades.csv,13,same_direction_overlap_5m,h4_d1_long_best_box2_atr80,2022-11-24 12:00:00
r3_compression_long_v1_broad_box3_atr60_range125_body035,r3_compression_long_v1_broad_box3_atr60_range125_body035,r3_compression_long_v1_broad_box3_atr60_range125_body035,r3_compression_long_v1_broad_box3_atr60_range125_body035,xau_r3_compression_long,80,r3_compression_long_v1,0,r3_compression_long_v1_broad_box3_atr60_range125_body035,2022-11-30 20:00:00,2022-11-30,2022-12-15 07:30:20,2022-12-15,LONG,-31.23,1,0.01,C:\Users\ZHAO ZHU INFORMATION\Downloads\algo-trading-system\xau-usd\xauusd-phase1\outputs\reports\mt5_backtests\a1_momentum_variants_owner_goal_r3_compression_long_v1_exact_202207_202606_20260701\A1XauM5Momentum_OWNER_GOAL_R3_COMPRESSION_LONG_V1_EXACT_202207_202606_XAUUSD_M5_r3_compression_long_v1_broad_box3_atr60_range125_body035_trades.csv,14,same_direction_overlap_5m,h4_d1_long_best_box2_atr80,2022-11-30 20:00:00
r3_compression_long_v1_broad_box3_atr60_range125_body035,r3_compression_long_v1_broad_box3_atr60_range125_body035,r3_compression_long_v1_broad_box3_atr60_range125_body035,r3_compression_long_v1_broad_box3_atr60_range125_body035,xau_r3_compression_long,80,r3_compression_long_v1,0,r3_compression_long_v1_broad_box3_atr60_range125_body035,2022-12-01 12:00:00,2022-12-01,2022-12-27 14:35:31,2022-12-27,LONG,60.53,1,0.01,C:\Users\ZHAO ZHU INFORMATION\Downloads\algo-trading-system\xau-usd\xauusd-phase1\outputs\reports\mt5_backtests\a1_momentum_variants_owner_goal_r3_compression_long_v1_exact_202207_202606_20260701\A1XauM5Momentum_OWNER_GOAL_R3_COMPRESSION_LONG_V1_EXACT_202207_202606_XAUUSD_M5_r3_compression_long_v1_broad_box3_atr60_range125_body035_trades.csv,15,same_direction_overlap_5m,h4_d1_long_best_box2_atr80,2022-12-01 12:00:00
r3_compression_long_v1_broad_box3_atr60_range125_body035,r3_compression_long_v1_broad_box3_atr60_range125_body035,r3_compression_long_v1_broad_box3_atr60_range125_body035,r3_compression_long_v1_broad_box3_atr60_range125_body035,xau_r3_compression_long,80,r3_compression_long_v1,0,r3_compression_long_v1_broad_box3_atr60_range125_body035,2022-12-01 16:00:00,2022-12-01,2023-01-04 06:32:31,2023-01-04,LONG,58.63,1,0.01,C:\Users\ZHAO ZHU INFORMATION\Downloads\algo-trading-system\xau-usd\xauusd-phase1\outputs\reports\mt5_backtests\a1_momentum_variants_owner_goal_r3_compression_long_v1_exact_202207_202606_20260701\A1XauM5Momentum_OWNER_GOAL_R3_COMPRESSION_LONG_V1_EXACT_202207_202606_XAUUSD_M5_r3_compression_long_v1_broad_box3_atr60_range125_body035_trades.csv,16,same_direction_overlap_5m,h4_d1_long_best_box2_atr80,2022-12-01 16:00:00
r3_compression_long_v1_broad_box3_atr60_range125_body035,r3_compression_long_v1_broad_box3_atr60_range125_body035,r3_compression_long_v1_broad_box3_atr60_range125_body035,r3_compression_long_v1_broad_box3_atr60_range125_body035,xau_r3_compression_long,80,r3_compression_long_v1,0,r3_compression_long_v1_broad_box3_atr60_range125_body035,2022-12-05 04:00:00,2022-12-05,2023-01-04 07:16:14,2023-01-04,LONG,58.0,1,0.01,C:\Users\ZHAO ZHU INFORMATION\Downloads\algo-trading-system\xau-usd\xauusd-phase1\outputs\reports\mt5_backtests\a1_momentum_variants_owner_goal_r3_compression_long_v1_exact_202207_202606_20260701\A1XauM5Momentum_OWNER_GOAL_R3_COMPRESSION_LONG_V1_EXACT_202207_202606_XAUUSD_M5_r3_compression_long_v1_broad_box3_atr60_range125_body035_trades.csv,17,same_direction_overlap_5m,h4_d1_long_best_box2_atr80,2022-12-05 04:00:00
r3_compression_long_v1_broad_box3_atr60_range125_body035,r3_compression_long_v1_broad_box3_atr60_range125_body035,r3_compression_long_v1_broad_box3_atr60_range125_body035,r3_compression_long_v1_broad_box3_atr60_range125_body035,xau_r3_compression_long,80,r3_compression_long_v1,0,r3_compression_long_v1_broad_box3_atr60_range125_body035,2022-12-09 04:00:00,2022-12-09,2023-01-06 17:40:38,2023-01-06,LONG,66.65,1,0.01,C:\Users\ZHAO ZHU INFORMATION\Downloads\algo-trading-system\xau-usd\xauusd-phase1\outputs\reports\mt5_backtests\a1_momentum_variants_owner_goal_r3_compression_long_v1_exact_202207_202606_20260701\A1XauM5Momentum_OWNER_GOAL_R3_COMPRESSION_LONG_V1_EXACT_202207_202606_XAUUSD_M5_r3_compression_long_v1_broad_box3_atr60_range125_body035_trades.csv,18,same_direction_overlap_5m,h4_d1_long_best_box2_atr80,2022-12-09 04:00:00
r3_compression_long_v1_broad_box3_atr60_range125_body035,r3_compression_long_v1_broad_box3_atr60_range125_body035,r3_compression_long_v1_broad_box3_atr60_range125_body035,r3_compression_long_v1_broad_box3_atr60_range125_body035,xau_r3_compression_long,80,r3_compression_long_v1,0,r3_compression_long_v1_broad_box3_atr60_range125_body035,2022-12-09 12:00:00,2022-12-09,2023-01-09 00:52:38,2023-01-09,LONG,90.34,1,0.01,C:\Users\ZHAO ZHU INFORMATION\Downloads\algo-trading-system\xau-usd\xauusd-phase1\outputs\reports\mt5_backtests\a1_momentum_variants_owner_goal_r3_compression_long_v1_exact_202207_202606_20260701\A1XauM5Momentum_OWNER_GOAL_R3_COMPRESSION_LONG_V1_EXACT_202207_202606_XAUUSD_M5_r3_compression_long_v1_broad_box3_atr60_range125_body035_trades.csv,19,same_direction_overlap_5m,h4_d1_long_best_box2_atr80,2022-12-09 12:00:00
r3_compression_long_v1_broad_box3_atr60_range125_body035,r3_compression_long_v1_broad_box3_atr60_range125_body035,r3_compression_long_v1_broad_box3_atr60_range125_body035,r3_compression_long_v1_broad_box3_atr60_range125_body035,xau_r3_compression_long,80,r3_compression_long_v1,0,r3_compression_long_v1_broad_box3_atr60_range125_body035,2022-12-13 16:00:00,2022-12-13,2023-01-11 08:31:15,2023-01-11,LONG,171.44,1,0.01,C:\Users\ZHAO ZHU INFORMATION\Downloads\algo-trading-system\xau-usd\xauusd-phase1\outputs\reports\mt5_backtests\a1_momentum_variants_owner_goal_r3_compression_long_v1_exact_202207_202606_20260701\A1XauM5Momentum_OWNER_GOAL_R3_COMPRESSION_LONG_V1_EXACT_202207_202606_XAUUSD_M5_r3_compression_long_v1_broad_box3_atr60_range125_body035_trades.csv,20,same_direction_overlap_5m,h4_d1_long_best_box2_atr80,2022-12-13 16:00:00
r3_compression_long_v1_broad_box3_atr60_range125_body035,r3_compression_long_v1_broad_box3_atr60_range125_body035,r3_compression_long_v1_broad_box3_atr60_range125_body035,r3_compression_long_v1_broad_box3_atr60_range125_body035,xau_r3_compression_long,80,r3_compression_long_v1,0,r3_compression_long_v1_broad_box3_atr60_range125_body035,2022-12-20 08:00:00,2022-12-20,2023-01-12 12:34:55,2023-01-12,LONG,72.34,1,0.01,C:\Users\ZHAO ZHU INFORMATION\Downloads\algo-trading-system\xau-usd\xauusd-phase1\outputs\reports\mt5_backtests\a1_momentum_variants_owner_goal_r3_compression_long_v1_exact_202207_202606_20260701\A1XauM5Momentum_OWNER_GOAL_R3_COMPRESSION_LONG_V1_EXACT_202207_202606_XAUUSD_M5_r3_compression_long_v1_broad_box3_atr60_range125_body035_trades.csv,21,same_direction_overlap_5m,h4_d1_long_best_box2_atr80,2022-12-20 08:00:00
r3_compression_long_v1_broad_box3_atr60_range125_body035,r3_compression_long_v1_broad_box3_atr60_range125_body035,r3_compression_long_v1_broad_box3_atr60_range125_body035,r3_compression_long_v1_broad_box3_atr60_range125_body035,xau_r3_compression_long,80,r3_compression_long_v1,0,r3_compression_long_v1_broad_box3_atr60_range125_body035,2022-12-20 16:00:00,2022-12-20,2023-01-13 07:33:18,2023-01-13,LONG,67.48,1,0.01,C:\Users\ZHAO ZHU INFORMATION\Downloads\algo-trading-system\xau-usd\xauusd-phase1\outputs\reports\mt5_backtests\a1_momentum_variants_owner_goal_r3_compression_long_v1_exact_202207_202606_20260701\A1XauM5Momentum_OWNER_GOAL_R3_COMPRESSION_LONG_V1_EXACT_202207_202606_XAUUSD_M5_r3_compression_long_v1_broad_box3_atr60_range125_body035_trades.csv,22,same_direction_overlap_5m,h4_d1_long_best_box2_atr80,2022-12-20 16:00:00
r3_compression_long_v1_broad_box3_atr60_range125_body035,r3_compression_long_v1_broad_box3_atr60_range125_body035,r3_compression_long_v1_broad_box3_atr60_range125_body035,r3_compression_long_v1_broad_box3_atr60_range125_body035,xau_r3_compression_long,80,r3_compression_long_v1,0,r3_compression_long_v1_broad_box3_atr60_range125_body035,2022-12-27 16:00:00,2022-12-27,2023-01-13 07:33:19,2023-01-13,LONG,87.64,1,0.01,C:\Users\ZHAO ZHU INFORMATION\Downloads\algo-trading-system\xau-usd\xauusd-phase1\outputs\reports\mt5_backtests\a1_momentum_variants_owner_goal_r3_compression_long_v1_exact_202207_202606_20260701\A1XauM5Momentum_OWNER_GOAL_R3_COMPRESSION_LONG_V1_EXACT_202207_202606_XAUUSD_M5_r3_compression_long_v1_broad_box3_atr60_range125_body035_trades.csv,23,same_direction_overlap_5m,h4_d1_long_best_box2_atr80,2022-12-27 16:00:00
r3_compression_long_v1_broad_box3_atr60_range125_body035,r3_compression_long_v1_broad_box3_atr60_range125_body035,r3_compression_long_v1_broad_box3_atr60_range125_body035,r3_compression_long_v1_broad_box3_atr60_range125_body035,xau_r3_compression_long,80,r3_compression_long_v1,0,r3_compression_long_v1_broad_box3_atr60_range125_body035,2023-01-03 04:00:00,2023-01-03,2023-01-13 14:00:04,2023-01-13,LONG,72.06,1,0.01,C:\Users\ZHAO ZHU INFORMATION\Downloads\algo-trading-system\xau-usd\xauusd-phase1\outputs\reports\mt5_backtests\a1_momentum_variants_owner_goal_r3_compression_long_v1_exact_202207_202606_20260701\A1XauM5Momentum_OWNER_GOAL_R3_COMPRESSION_LONG_V1_EXACT_202207_202606_XAUUSD_M5_r3_compression_long_v1_broad_box3_atr60_range125_body035_trades.csv,24,same_direction_overlap_5m,h4_d1_long_best_box2_atr80,2023-01-03 04:00:00
r3_compression_long_v1_broad_box3_atr60_range125_body035,r3_compression_long_v1_broad_box3_atr60_range125_body035,r3_compression_long_v1_broad_box3_atr60_range125_body035,r3_compression_long_v1_broad_box3_atr60_range125_body035,xau_r3_compression_long,80,r3_compression_long_v1,0,r3_compression_long_v1_broad_box3_atr60_range125_body035,2023-01-03 20:00:00,2023-01-03,2023-01-13 17:15:37,2023-01-13,LONG,35.05,1,0.01,C:\Users\ZHAO ZHU INFORMATION\Downloads\algo-trading-system\xau-usd\xauusd-phase1\outputs\reports\mt5_backtests\a1_momentum_variants_owner_goal_r3_compression_long_v1_exact_202207_202606_20260701\A1XauM5Momentum_OWNER_GOAL_R3_COMPRESSION_LONG_V1_EXACT_202207_202606_XAUUSD_M5_r3_compression_long_v1_broad_box3_atr60_range125_body035_trades.csv,25,same_direction_overlap_5m,h4_d1_long_best_box2_atr80,2023-01-03 20:00:00
r3_compression_long_v1_broad_box3_atr60_range125_body035,r3_compression_long_v1_broad_box3_atr60_range125_body035,r3_compression_long_v1_broad_box3_atr60_range125_body035,r3_compression_long_v1_broad_box3_atr60_range125_body035,xau_r3_compression_long,80,r3_compression_long_v1,0,r3_compression_long_v1_broad_box3_atr60_range125_body035,2023-01-04 08:00:00,2023-01-04,2023-01-16 01:58:30,2023-01-16,LONG,125.62,1,0.01,C:\Users\ZHAO ZHU INFORMATION\Downloads\algo-trading-system\xau-usd\xauusd-phase1\outputs\reports\mt5_backtests\a1_momentum_variants_owner_goal_r3_compression_long_v1_exact_202207_202606_20260701\A1XauM5Momentum_OWNER_GOAL_R3_COMPRESSION_LONG_V1_EXACT_202207_202606_XAUUSD_M5_r3_compression_long_v1_broad_box3_atr60_range125_body035_trades.csv,26,same_direction_overlap_5m,h4_d1_long_best_box2_atr80,2023-01-04 08:00:00
r3_compression_long_v1_broad_box3_atr60_range125_body035,r3_compression_long_v1_broad_box3_atr60_range125_body035,r3_compression_long_v1_broad_box3_atr60_range125_body035,r3_compression_long_v1_broad_box3_atr60_range125_body035,xau_r3_compression_long,80,r3_compression_long_v1,0,r3_compression_long_v1_broad_box3_atr60_range125_body035,2023-01-04 16:00:00,2023-01-04,2023-01-16 01:58:31,2023-01-16,LONG,40.6,1,0.01,C:\Users\ZHAO ZHU INFORMATION\Downloads\algo-trading-system\xau-usd\xauusd-phase1\outputs\reports\mt5_backtests\a1_momentum_variants_owner_goal_r3_compression_long_v1_exact_202207_202606_20260701\A1XauM5Momentum_OWNER_GOAL_R3_COMPRESSION_LONG_V1_EXACT_202207_202606_XAUUSD_M5_r3_compression_long_v1_broad_box3_atr60_range125_body035_trades.csv,27,same_direction_overlap_5m,h4_d1_long_best_box2_atr80,2023-01-04 16:00:00
r3_compression_long_v1_broad_box3_atr60_range125_body035,r3_compression_long_v1_broad_box3_atr60_range125_body035,r3_compression_long_v1_broad_box3_atr60_range125_body035,r3_compression_long_v1_broad_box3_atr60_range125_body035,xau_r3_compression_long,80,r3_compression_long_v1,0,r3_compression_long_v1_broad_box3_atr60_range125_body035,2023-01-09 04:00:00,2023-01-09,2023-01-31 07:08:01,2023-01-31,LONG,-26.48,1,0.01,C:\Users\ZHAO ZHU INFORMATION\Downloads\algo-trading-system\xau-usd\xauusd-phase1\outputs\reports\mt5_backtests\a1_momentum_variants_owner_goal_r3_compression_long_v1_exact_202207_202606_20260701\A1XauM5Momentum_OWNER_GOAL_R3_COMPRESSION_LONG_V1_EXACT_202207_202606_XAUUSD_M5_r3_compression_long_v1_broad_box3_atr60_range125_body035_trades.csv,29,same_direction_overlap_5m,h4_d1_long_best_box2_atr80,2023-01-09 04:00:00
r3_compression_long_v1_broad_box3_atr60_range125_body035,r3_compression_long_v1_broad_box3_atr60_range125_body035,r3_compression_long_v1_broad_box3_atr60_range125_body035,r3_compression_long_v1_broad_box3_atr60_range125_body035,xau_r3_compression_long,80,r3_compression_long_v1,0,r3_compression_long_v1_broad_box3_atr60_range125_body035,2023-01-11 08:00:00,2023-01-11,2023-01-31 07:08:01,2023-01-31,LONG,-26.79,1,0.01,C:\Users\ZHAO ZHU INFORMATION\Downloads\algo-trading-system\xau-usd\xauusd-phase1\outputs\reports\mt5_backtests\a1_momentum_variants_owner_goal_r3_compression_long_v1_exact_202207_202606_20260701\A1XauM5Momentum_OWNER_GOAL_R3_COMPRESSION_LONG_V1_EXACT_202207_202606_XAUUSD_M5_r3_compression_long_v1_broad_box3_atr60_range125_body035_trades.csv,30,same_direction_overlap_5m,h4_d1_long_best_box2_atr80,2023-01-11 08:00:00
r3_compression_long_v1_broad_box3_atr60_range125_body035,r3_compression_long_v1_broad_box3_atr60_range125_body035,r3_compression_long_v1_broad_box3_atr60_range125_body035,r3_compression_long_v1_broad_box3_atr60_range125_body035,xau_r3_compression_long,80,r3_compression_long_v1,0,r3_compression_long_v1_broad_box3_atr60_range125_body035,2023-01-12 12:00:00,2023-01-12,2023-01-31 07:08:01,2023-01-31,LONG,-35.37,1,0.01,C:\Users\ZHAO ZHU INFORMATION\Downloads\algo-trading-system\xau-usd\xauusd-phase1\outputs\reports\mt5_backtests\a1_momentum_variants_owner_goal_r3_compression_long_v1_exact_202207_202606_20260701\A1XauM5Momentum_OWNER_GOAL_R3_COMPRESSION_LONG_V1_EXACT_202207_202606_XAUUSD_M5_r3_compression_long_v1_broad_box3_atr60_range125_body035_trades.csv,31,same_direction_overlap_5m,h4_d1_long_best_box2_atr80,2023-01-12 12:00:00
r3_compression_long_v1_broad_box3_atr60_range125_body035,r3_compression_long_v1_broad_box3_atr60_range125_body035,r3_compression_long_v1_broad_box3_atr60_range125_body035,r3_compression_long_v1_broad_box3_atr60_range125_body035,xau_r3_compression_long,80,r3_compression_long_v1,0,r3_compression_long_v1_broad_box3_atr60_range125_body035,2023-01-12 20:00:00,2023-01-12,2023-02-01 19:33:38,2023-02-01,LONG,83.58,1,0.01,C:\Users\ZHAO ZHU INFORMATION\Downloads\algo-trading-system\xau-usd\xauusd-phase1\outputs\reports\mt5_backtests\a1_momentum_variants_owner_goal_r3_compression_long_v1_exact_202207_202606_20260701\A1XauM5Momentum_OWNER_GOAL_R3_COMPRESSION_LONG_V1_EXACT_202207_202606_XAUUSD_M5_r3_compression_long_v1_broad_box3_atr60_range125_body035_trades.csv,32,same_direction_overlap_5m,h4_d1_long_best_box2_atr80,2023-01-12 20:00:00
r3_compression_long_v1_broad_box3_atr60_range125_body035,r3_compression_long_v1_broad_box3_atr60_range125_body035,r3_compression_long_v1_broad_box3_atr60_range125_body035,r3_compression_long_v1_broad_box3_atr60_range125_body035,xau_r3_compression_long,80,r3_compression_long_v1,0,r3_compression_long_v1_broad_box3_atr60_range125_body035,2023-01-13 08:00:00,2023-01-13,2023-02-01 19:58:14,2023-02-01,LONG,93.22,1,0.01,C:\Users\ZHAO ZHU INFORMATION\Downloads\algo-trading-system\xau-usd\xauusd-phase1\outputs\reports\mt5_backtests\a1_momentum_variants_owner_goal_r3_compression_long_v1_exact_202207_202606_20260701\A1XauM5Momentum_OWNER_GOAL_R3_COMPRESSION_LONG_V1_EXACT_202207_202606_XAUUSD_M5_r3_compression_long_v1_broad_box3_atr60_range125_body035_trades.csv,33,same_direction_overlap_5m,h4_d1_long_best_box2_atr80,2023-01-13 08:00:00
r3_compression_long_v1_broad_box3_atr60_range125_body035,r3_compression_long_v1_broad_box3_atr60_range125_body035,r3_compression_long_v1_broad_box3_atr60_range125_body035,r3_compression_long_v1_broad_box3_atr60_range125_body035,xau_r3_compression_long,80,r3_compression_long_v1,0,r3_compression_long_v1_broad_box3_atr60_range125_body035,2023-01-13 16:00:00,2023-01-13,2023-02-03 12:30:39,2023-02-03,LONG,-52.76,1,0.01,C:\Users\ZHAO ZHU INFORMATION\Downloads\algo-trading-system\xau-usd\xauusd-phase1\outputs\reports\mt5_backtests\a1_momentum_variants_owner_goal_r3_compression_long_v1_exact_202207_202606_20260701\A1XauM5Momentum_OWNER_GOAL_R3_COMPRESSION_LONG_V1_EXACT_202207_202606_XAUUSD_M5_r3_compression_long_v1_broad_box3_atr60_range125_body035_trades.csv,34,same_direction_overlap_5m,h4_d1_long_best_box2_atr80,2023-01-13 16:00:00
r3_compression_long_v1_broad_box3_atr60_range125_body035,r3_compression_long_v1_broad_box3_atr60_range125_body035,r3_compression_long_v1_broad_box3_atr60_range125_body035,r3_compression_long_v1_broad_box3_atr60_range125_body035,xau_r3_compression_long,80,r3_compression_long_v1,0,r3_compression_long_v1_broad_box3_atr60_range125_body035,2023-01-19 20:00:00,2023-01-19,2023-02-03 15:18:39,2023-02-03,LONG,-31.22,1,0.01,C:\Users\ZHAO ZHU INFORMATION\Downloads\algo-trading-system\xau-usd\xauusd-phase1\outputs\reports\mt5_backtests\a1_momentum_variants_owner_goal_r3_compression_long_v1_exact_202207_202606_20260701\A1XauM5Momentum_OWNER_GOAL_R3_COMPRESSION_LONG_V1_EXACT_202207_202606_XAUUSD_M5_r3_compression_long_v1_broad_box3_atr60_range125_body035_trades.csv,36,same_direction_overlap_5m,h4_d1_long_best_box2_atr80,2023-01-19 20:00:00
r3_compression_long_v1_broad_box3_atr60_range125_body035,r3_compression_long_v1_broad_box3_atr60_range125_body035,r3_compression_long_v1_broad_box3_atr60_range125_body035,r3_compression_long_v1_broad_box3_atr60_range125_body035,xau_r3_compression_long,80,r3_compression_long_v1,0,r3_compression_long_v1_broad_box3_atr60_range125_body035,2023-01-24 08:00:00,2023-01-24,2023-02-03 15:18:39,2023-02-03,LONG,-39.33,1,0.01,C:\Users\ZHAO ZHU INFORMATION\Downloads\algo-trading-system\xau-usd\xauusd-phase1\outputs\reports\mt5_backtests\a1_momentum_variants_owner_goal_r3_compression_long_v1_exact_202207_202606_20260701\A1XauM5Momentum_OWNER_GOAL_R3_COMPRESSION_LONG_V1_EXACT_202207_202606_XAUUSD_M5_r3_compression_long_v1_broad_box3_atr60_range125_body035_trades.csv,37,same_direction_overlap_5m,h4_d1_long_best_box2_atr80,2023-01-24 08:00:00
r3_compression_long_v1_broad_box3_atr60_range125_body035,r3_compression_long_v1_broad_box3_atr60_range125_body035,r3_compression_long_v1_broad_box3_atr60_range125_body035,r3_compression_long_v1_broad_box3_atr60_range125_body035,xau_r3_compression_long,80,r3_compression_long_v1,0,r3_compression_long_v1_broad_box3_atr60_range125_body035,2023-01-24 20:00:00,2023-01-24,2023-02-03 15:18:39,2023-02-03,LONG,-45.11,1,0.01,C:\Users\ZHAO ZHU INFORMATION\Downloads\algo-trading-system\xau-usd\xauusd-phase1\outputs\reports\mt5_backtests\a1_momentum_variants_owner_goal_r3_compression_long_v1_exact_202207_202606_20260701\A1XauM5Momentum_OWNER_GOAL_R3_COMPRESSION_LONG_V1_EXACT_202207_202606_XAUUSD_M5_r3_compression_long_v1_broad_box3_atr60_range125_body035_trades.csv,38,same_direction_overlap_5m,h4_d1_long_best_box2_atr80,2023-01-24 20:00:00
r3_compression_long_v1_broad_box3_atr60_range125_body035,r3_compression_long_v1_broad_box3_atr60_range125_body035,r3_compression_long_v1_broad_box3_atr60_range125_body035,r3_compression_long_v1_broad_box3_atr60_range125_body035,xau_r3_compression_long,80,r3_compression_long_v1,0,r3_compression_long_v1_broad_box3_atr60_range125_body035,2023-01-25 20:00:00,2023-01-25,2023-02-03 15:18:40,2023-02-03,LONG,-53.57,1,0.01,C:\Users\ZHAO ZHU INFORMATION\Downloads\algo-trading-system\xau-usd\xauusd-phase1\outputs\reports\mt5_backtests\a1_momentum_variants_owner_goal_r3_compression_long_v1_exact_202207_202606_20260701\A1XauM5Momentum_OWNER_GOAL_R3_COMPRESSION_LONG_V1_EXACT_202207_202606_XAUUSD_M5_r3_compression_long_v1_broad_box3_atr60_range125_body035_trades.csv,39,same_direction_overlap_5m,h4_d1_long_best_box2_atr80,2023-01-25 20:00:00
r3_compression_long_v1_broad_box3_atr60_range125_body035,r3_compression_long_v1_broad_box3_atr60_range125_body035,r3_compression_long_v1_broad_box3_atr60_range125_body035,r3_compression_long_v1_broad_box3_atr60_range125_body035,xau_r3_compression_long,80,r3_compression_long_v1,0,r3_compression_long_v1_broad_box3_atr60_range125_body035,2023-02-01 20:00:00,2023-02-01,2023-02-17 03:51:19,2023-02-17,LONG,-51.83,1,0.01,C:\Users\ZHAO ZHU INFORMATION\Downloads\algo-trading-system\xau-usd\xauusd-phase1\outputs\reports\mt5_backtests\a1_momentum_variants_owner_goal_r3_compression_long_v1_exact_202207_202606_20260701\A1XauM5Momentum_OWNER_GOAL_R3_COMPRESSION_LONG_V1_EXACT_202207_202606_XAUUSD_M5_r3_compression_long_v1_broad_box3_atr60_range125_body035_trades.csv,40,same_direction_overlap_5m,h4_d1_long_best_box2_atr80,2023-02-01 20:00:00
r3_compression_long_v1_broad_box3_atr60_range125_body035,r3_compression_long_v1_broad_box3_atr60_range125_body035,r3_compression_long_v1_broad_box3_atr60_range125_body035,r3_compression_long_v1_broad_box3_atr60_range125_body035,xau_r3_compression_long,80,r3_compression_long_v1,0,r3_compression_long_v1_broad_box3_atr60_range125_body035,2023-07-26 08:00:00,2023-07-26,2023-08-16 19:29:40,2023-08-16,LONG,-33.71,1,0.01,C:\Users\ZHAO ZHU INFORMATION\Downloads\algo-trading-system\xau-usd\xauusd-phase1\outputs\reports\mt5_backtests\a1_momentum_variants_owner_goal_r3_compression_long_v1_exact_202207_202606_20260701\A1XauM5Momentum_OWNER_GOAL_R3_COMPRESSION_LONG_V1_EXACT_202207_202606_XAUUSD_M5_r3_compression_long_v1_broad_box3_atr60_range125_body035_trades.csv,58,same_direction_overlap_5m,h4_d1_long_best_box2_atr80,2023-07-26 08:00:00
r3_compression_long_v1_broad_box3_atr60_range125_body035,r3_compression_long_v1_broad_box3_atr60_range125_body035,r3_compression_long_v1_broad_box3_atr60_range125_body035,r3_compression_long_v1_broad_box3_atr60_range125_body035,xau_r3_compression_long,80,r3_compression_long_v1,0,r3_compression_long_v1_broad_box3_atr60_range125_body035,2023-11-21 16:00:00,2023-11-21,2023-12-03 22:16:16,2023-12-03,LONG,90.23,1,0.01,C:\Users\ZHAO ZHU INFORMATION\Downloads\algo-trading-system\xau-usd\xauusd-phase1\outputs\reports\mt5_backtests\a1_momentum_variants_owner_goal_r3_compression_long_v1_exact_202207_202606_20260701\A1XauM5Momentum_OWNER_GOAL_R3_COMPRESSION_LONG_V1_EXACT_202207_202606_XAUUSD_M5_r3_compression_long_v1_broad_box3_atr60_range125_body035_trades.csv,82,same_direction_overlap_5m,h4_d1_long_best_box2_atr80,2023-11-21 16:00:00
r3_compression_long_v1_broad_box3_atr60_range125_body035,r3_compression_long_v1_broad_box3_atr60_range125_body035,r3_compression_long_v1_broad_box3_atr60_range125_body035,r3_compression_long_v1_broad_box3_atr60_range125_body035,xau_r3_compression_long,80,r3_compression_long_v1,0,r3_compression_long_v1_broad_box3_atr60_range125_body035,2023-11-27 04:00:00,2023-11-27,2023-12-03 22:16:16,2023-12-03,LONG,151.17,1,0.01,C:\Users\ZHAO ZHU INFORMATION\Downloads\algo-trading-system\xau-usd\xauusd-phase1\outputs\reports\mt5_backtests\a1_momentum_variants_owner_goal_r3_compression_long_v1_exact_202207_202606_20260701\A1XauM5Momentum_OWNER_GOAL_R3_COMPRESSION_LONG_V1_EXACT_202207_202606_XAUUSD_M5_r3_compression_long_v1_broad_box3_atr60_range125_body035_trades.csv,83,same_direction_overlap_5m,h4_d1_long_best_box2_atr80,2023-11-27 04:00:00
r3_compression_long_v1_broad_box3_atr60_range125_body035,r3_compression_long_v1_broad_box3_atr60_range125_body035,r3_compression_long_v1_broad_box3_atr60_range125_body035,r3_compression_long_v1_broad_box3_atr60_range125_body035,xau_r3_compression_long,80,r3_compression_long_v1,0,r3_compression_long_v1_broad_box3_atr60_range125_body035,2023-11-27 20:00:00,2023-11-27,2023-12-03 22:16:24,2023-12-03,LONG,100.89,1,0.01,C:\Users\ZHAO ZHU INFORMATION\Downloads\algo-trading-system\xau-usd\xauusd-phase1\outputs\reports\mt5_backtests\a1_momentum_variants_owner_goal_r3_compression_long_v1_exact_202207_202606_20260701\A1XauM5Momentum_OWNER_GOAL_R3_COMPRESSION_LONG_V1_EXACT_202207_202606_XAUUSD_M5_r3_compression_long_v1_broad_box3_atr60_range125_body035_trades.csv,84,same_direction_overlap_5m,h4_d1_long_best_box2_atr80,2023-11-27 20:00:00
r3_compression_long_v1_broad_box3_atr60_range125_body035,r3_compression_long_v1_broad_box3_atr60_range125_body035,r3_compression_long_v1_broad_box3_atr60_range125_body035,r3_compression_long_v1_broad_box3_atr60_range125_body035,xau_r3_compression_long,80,r3_compression_long_v1,0,r3_compression_long_v1_broad_box3_atr60_range125_body035,2023-11-28 16:00:00,2023-11-28,2023-12-03 22:27:39,2023-12-03,LONG,96.55,1,0.01,C:\Users\ZHAO ZHU INFORMATION\Downloads\algo-trading-system\xau-usd\xauusd-phase1\outputs\reports\mt5_backtests\a1_momentum_variants_owner_goal_r3_compression_long_v1_exact_202207_202606_20260701\A1XauM5Momentum_OWNER_GOAL_R3_COMPRESSION_LONG_V1_EXACT_202207_202606_XAUUSD_M5_r3_compression_long_v1_broad_box3_atr60_range125_body035_trades.csv,85,same_direction_overlap_5m,h4_d1_long_best_box2_atr80,2023-11-28 16:00:00
r3_compression_long_v1_broad_box3_atr60_range125_body035,r3_compression_long_v1_broad_box3_atr60_range125_body035,r3_compression_long_v1_broad_box3_atr60_range125_body035,r3_compression_long_v1_broad_box3_atr60_range125_body035,xau_r3_compression_long,80,r3_compression_long_v1,0,r3_compression_long_v1_broad_box3_atr60_range125_body035,2023-12-01 16:00:00,2023-12-01,2023-12-05 14:41:39,2023-12-05,LONG,-59.35,1,0.01,C:\Users\ZHAO ZHU INFORMATION\Downloads\algo-trading-system\xau-usd\xauusd-phase1\outputs\reports\mt5_backtests\a1_momentum_variants_owner_goal_r3_compression_long_v1_exact_202207_202606_20260701\A1XauM5Momentum_OWNER_GOAL_R3_COMPRESSION_LONG_V1_EXACT_202207_202606_XAUUSD_M5_r3_compression_long_v1_broad_box3_atr60_range125_body035_trades.csv,86,same_direction_overlap_5m,h4_d1_long_best_box2_atr80,2023-12-01 16:00:00
r3_compression_long_v1_broad_box3_atr60_range125_body035,r3_compression_long_v1_broad_box3_atr60_range125_body035,r3_compression_long_v1_broad_box3_atr60_range125_body035,r3_compression_long_v1_broad_box3_atr60_range125_body035,xau_r3_compression_long,80,r3_compression_long_v1,0,r3_compression_long_v1_broad_box3_atr60_range125_body035,2023-12-27 16:00:00,2023-12-27,2024-01-03 10:58:04,2024-01-03,LONG,-34.77,1,0.01,C:\Users\ZHAO ZHU INFORMATION\Downloads\algo-trading-system\xau-usd\xauusd-phase1\outputs\reports\mt5_backtests\a1_momentum_variants_owner_goal_r3_compression_long_v1_exact_202207_202606_20260701\A1XauM5Momentum_OWNER_GOAL_R3_COMPRESSION_LONG_V1_EXACT_202207_202606_XAUUSD_M5_r3_compression_long_v1_broad_box3_atr60_range125_body035_trades.csv,88,same_direction_overlap_5m,h4_d1_long_best_box2_atr80,2023-12-27 16:00:00
r3_compression_long_v1_broad_box3_atr60_range125_body035,r3_compression_long_v1_broad_box3_atr60_range125_body035,r3_compression_long_v1_broad_box3_atr60_range125_body035,r3_compression_long_v1_broad_box3_atr60_range125_body035,xau_r3_compression_long,80,r3_compression_long_v1,0,r3_compression_long_v1_broad_box3_atr60_range125_body035,2024-03-01 12:00:00,2024-03-01,2024-03-04 14:58:32,2024-03-04,LONG,56.14,1,0.01,C:\Users\ZHAO ZHU INFORMATION\Downloads\algo-trading-system\xau-usd\xauusd-phase1\outputs\reports\mt5_backtests\a1_momentum_variants_owner_goal_r3_compression_long_v1_exact_202207_202606_20260701\A1XauM5Momentum_OWNER_GOAL_R3_COMPRESSION_LONG_V1_EXACT_202207_202606_XAUUSD_M5_r3_compression_long_v1_broad_box3_atr60_range125_body035_trades.csv,99,same_direction_overlap_5m,h4_d1_long_best_box2_atr80,2024-03-01 12:00:00
r3_compression_long_v1_broad_box3_atr60_range125_body035,r3_compression_long_v1_broad_box3_atr60_range125_body035,r3_compression_long_v1_broad_box3_atr60_range125_body035,r3_compression_long_v1_broad_box3_atr60_range125_body035,xau_r3_compression_long,80,r3_compression_long_v1,0,r3_compression_long_v1_broad_box3_atr60_range125_body035,2024-03-01 16:00:00,2024-03-01,2024-03-08 16:19:39,2024-03-08,LONG,113.35,1,0.01,C:\Users\ZHAO ZHU INFORMATION\Downloads\algo-trading-system\xau-usd\xauusd-phase1\outputs\reports\mt5_backtests\a1_momentum_variants_owner_goal_r3_compression_long_v1_exact_202207_202606_20260701\A1XauM5Momentum_OWNER_GOAL_R3_COMPRESSION_LONG_V1_EXACT_202207_202606_XAUUSD_M5_r3_compression_long_v1_broad_box3_atr60_range125_body035_trades.csv,100,same_direction_overlap_5m,h4_d1_long_best_box2_atr80,2024-03-01 16:00:00
r3_compression_long_v1_broad_box3_atr60_range125_body035,r3_compression_long_v1_broad_box3_atr60_range125_body035,r3_compression_long_v1_broad_box3_atr60_range125_body035,r3_compression_long_v1_broad_box3_atr60_range125_body035,xau_r3_compression_long,80,r3_compression_long_v1,0,r3_compression_long_v1_broad_box3_atr60_range125_body035,2024-07-05 08:00:00,2024-07-05,2024-07-16 15:07:40,2024-07-16,LONG,92.28,1,0.01,C:\Users\ZHAO ZHU INFORMATION\Downloads\algo-trading-system\xau-usd\xauusd-phase1\outputs\reports\mt5_backtests\a1_momentum_variants_owner_goal_r3_compression_long_v1_exact_202207_202606_20260701\A1XauM5Momentum_OWNER_GOAL_R3_COMPRESSION_LONG_V1_EXACT_202207_202606_XAUUSD_M5_r3_compression_long_v1_broad_box3_atr60_range125_body035_trades.csv,103,same_direction_overlap_5m,h4_d1_long_best_box2_atr80,2024-07-05 08:00:00
r3_compression_long_v1_broad_box3_atr60_range125_body035,r3_compression_long_v1_broad_box3_atr60_range125_body035,r3_compression_long_v1_broad_box3_atr60_range125_body035,r3_compression_long_v1_broad_box3_atr60_range125_body035,xau_r3_compression_long,80,r3_compression_long_v1,0,r3_compression_long_v1_broad_box3_atr60_range125_body035,2024-07-05 16:00:00,2024-07-05,2024-07-25 01:42:40,2024-07-25,LONG,-61.84,1,0.01,C:\Users\ZHAO ZHU INFORMATION\Downloads\algo-trading-system\xau-usd\xauusd-phase1\outputs\reports\mt5_backtests\a1_momentum_variants_owner_goal_r3_compression_long_v1_exact_202207_202606_20260701\A1XauM5Momentum_OWNER_GOAL_R3_COMPRESSION_LONG_V1_EXACT_202207_202606_XAUUSD_M5_r3_compression_long_v1_broad_box3_atr60_range125_body035_trades.csv,104,same_direction_overlap_5m,h4_d1_long_best_box2_atr80,2024-07-05 16:00:00
r3_compression_long_v1_broad_box3_atr60_range125_body035,r3_compression_long_v1_broad_box3_atr60_range125_body035,r3_compression_long_v1_broad_box3_atr60_range125_body035,r3_compression_long_v1_broad_box3_atr60_range125_body035,xau_r3_compression_long,80,r3_compression_long_v1,0,r3_compression_long_v1_broad_box3_atr60_range125_body035,2024-07-11 16:00:00,2024-07-11,2024-08-20 12:26:41,2024-08-20,LONG,139.34,1,0.01,C:\Users\ZHAO ZHU INFORMATION\Downloads\algo-trading-system\xau-usd\xauusd-phase1\outputs\reports\mt5_backtests\a1_momentum_variants_owner_goal_r3_compression_long_v1_exact_202207_202606_20260701\A1XauM5Momentum_OWNER_GOAL_R3_COMPRESSION_LONG_V1_EXACT_202207_202606_XAUUSD_M5_r3_compression_long_v1_broad_box3_atr60_range125_body035_trades.csv,106,same_direction_overlap_5m,h4_d1_long_best_box2_atr80,2024-07-11 16:00:00
r3_compression_long_v1_broad_box3_atr60_range125_body035,r3_compression_long_v1_broad_box3_atr60_range125_body035,r3_compression_long_v1_broad_box3_atr60_range125_body035,r3_compression_long_v1_broad_box3_atr60_range125_body035,xau_r3_compression_long,80,r3_compression_long_v1,0,r3_compression_long_v1_broad_box3_atr60_range125_body035,2024-07-15 16:00:00,2024-07-15,2024-09-12 14:46:38,2024-09-12,LONG,135.8,1,0.01,C:\Users\ZHAO ZHU INFORMATION\Downloads\algo-trading-system\xau-usd\xauusd-phase1\outputs\reports\mt5_backtests\a1_momentum_variants_owner_goal_r3_compression_long_v1_exact_202207_202606_20260701\A1XauM5Momentum_OWNER_GOAL_R3_COMPRESSION_LONG_V1_EXACT_202207_202606_XAUUSD_M5_r3_compression_long_v1_broad_box3_atr60_range125_body035_trades.csv,107,same_direction_overlap_5m,h4_d1_long_best_box2_atr80,2024-07-15 16:00:00
r3_compression_long_v1_broad_box3_atr60_range125_body035,r3_compression_long_v1_broad_box3_atr60_range125_body035,r3_compression_long_v1_broad_box3_atr60_range125_body035,r3_compression_long_v1_broad_box3_atr60_range125_body035,xau_r3_compression_long,80,r3_compression_long_v1,0,r3_compression_long_v1_broad_box3_atr60_range125_body035,2024-08-26 08:00:00,2024-08-26,2024-09-20 06:49:05,2024-09-20,LONG,86.02,1,0.01,C:\Users\ZHAO ZHU INFORMATION\Downloads\algo-trading-system\xau-usd\xauusd-phase1\outputs\reports\mt5_backtests\a1_momentum_variants_owner_goal_r3_compression_long_v1_exact_202207_202606_20260701\A1XauM5Momentum_OWNER_GOAL_R3_COMPRESSION_LONG_V1_EXACT_202207_202606_XAUUSD_M5_r3_compression_long_v1_broad_box3_atr60_range125_body035_trades.csv,108,same_direction_overlap_5m,h4_d1_long_best_box2_atr80,2024-08-26 08:00:00
r3_compression_long_v1_broad_box3_atr60_range125_body035,r3_compression_long_v1_broad_box3_atr60_range125_body035,r3_compression_long_v1_broad_box3_atr60_range125_body035,r3_compression_long_v1_broad_box3_atr60_range125_body035,xau_r3_compression_long,80,r3_compression_long_v1,0,r3_compression_long_v1_broad_box3_atr60_range125_body035,2024-08-26 12:00:00,2024-08-26,2024-09-20 06:49:23,2024-09-20,LONG,86.72,1,0.01,C:\Users\ZHAO ZHU INFORMATION\Downloads\algo-trading-system\xau-usd\xauusd-phase1\outputs\reports\mt5_backtests\a1_momentum_variants_owner_goal_r3_compression_long_v1_exact_202207_202606_20260701\A1XauM5Momentum_OWNER_GOAL_R3_COMPRESSION_LONG_V1_EXACT_202207_202606_XAUUSD_M5_r3_compression_long_v1_broad_box3_atr60_range125_body035_trades.csv,109,same_direction_overlap_5m,h4_d1_long_best_box2_atr80,2024-08-26 12:00:00
r3_compression_long_v1_broad_box3_atr60_range125_body035,r3_compression_long_v1_broad_box3_atr60_range125_body035,r3_compression_long_v1_broad_box3_atr60_range125_body035,r3_compression_long_v1_broad_box3_atr60_range125_body035,xau_r3_compression_long,80,r3_compression_long_v1,0,r3_compression_long_v1_broad_box3_atr60_range125_body035,2024-09-12 16:00:00,2024-09-12,2024-10-08 15:07:26,2024-10-08,LONG,-68.91,1,0.01,C:\Users\ZHAO ZHU INFORMATION\Downloads\algo-trading-system\xau-usd\xauusd-phase1\outputs\reports\mt5_backtests\a1_momentum_variants_owner_goal_r3_compression_long_v1_exact_202207_202606_20260701\A1XauM5Momentum_OWNER_GOAL_R3_COMPRESSION_LONG_V1_EXACT_202207_202606_XAUUSD_M5_r3_compression_long_v1_broad_box3_atr60_range125_body035_trades.csv,112,same_direction_overlap_5m,h4_d1_long_best_box2_atr80,2024-09-12 16:00:00
r3_compression_long_v1_broad_box3_atr60_range125_body035,r3_compression_long_v1_broad_box3_atr60_range125_body035,r3_compression_long_v1_broad_box3_atr60_range125_body035,r3_compression_long_v1_broad_box3_atr60_range125_body035,xau_r3_compression_long,80,r3_compression_long_v1,0,r3_compression_long_v1_broad_box3_atr60_range125_body035,2024-09-13 04:00:00,2024-09-13,2024-10-17 13:54:05,2024-10-17,LONG,135.53,1,0.01,C:\Users\ZHAO ZHU INFORMATION\Downloads\algo-trading-system\xau-usd\xauusd-phase1\outputs\reports\mt5_backtests\a1_momentum_variants_owner_goal_r3_compression_long_v1_exact_202207_202606_20260701\A1XauM5Momentum_OWNER_GOAL_R3_COMPRESSION_LONG_V1_EXACT_202207_202606_XAUUSD_M5_r3_compression_long_v1_broad_box3_atr60_range125_body035_trades.csv,113,same_direction_overlap_5m,h4_d1_long_best_box2_atr80,2024-09-13 04:00:00
r3_compression_long_v1_broad_box3_atr60_range125_body035,r3_compression_long_v1_broad_box3_atr60_range125_body035,r3_compression_long_v1_broad_box3_atr60_range125_body035,r3_compression_long_v1_broad_box3_atr60_range125_body035,xau_r3_compression_long,80,r3_compression_long_v1,0,r3_compression_long_v1_broad_box3_atr60_range125_body035,2024-09-13 16:00:00,2024-09-13,2024-10-18 01:35:29,2024-10-18,LONG,135.67,1,0.01,C:\Users\ZHAO ZHU INFORMATION\Downloads\algo-trading-system\xau-usd\xauusd-phase1\outputs\reports\mt5_backtests\a1_momentum_variants_owner_goal_r3_compression_long_v1_exact_202207_202606_20260701\A1XauM5Momentum_OWNER_GOAL_R3_COMPRESSION_LONG_V1_EXACT_202207_202606_XAUUSD_M5_r3_compression_long_v1_broad_box3_atr60_range125_body035_trades.csv,114,same_direction_overlap_5m,h4_d1_long_best_box2_atr80,2024-09-13 16:00:00
r3_compression_long_v1_broad_box3_atr60_range125_body035,r3_compression_long_v1_broad_box3_atr60_range125_body035,r3_compression_long_v1_broad_box3_atr60_range125_body035,r3_compression_long_v1_broad_box3_atr60_range125_body035,xau_r3_compression_long,80,r3_compression_long_v1,0,r3_compression_long_v1_broad_box3_atr60_range125_body035,2024-09-16 04:00:00,2024-09-16,2024-10-21 01:13:28,2024-10-21,LONG,120.74,1,0.01,C:\Users\ZHAO ZHU INFORMATION\Downloads\algo-trading-system\xau-usd\xauusd-phase1\outputs\reports\mt5_backtests\a1_momentum_variants_owner_goal_r3_compression_long_v1_exact_202207_202606_20260701\A1XauM5Momentum_OWNER_GOAL_R3_COMPRESSION_LONG_V1_EXACT_202207_202606_XAUUSD_M5_r3_compression_long_v1_broad_box3_atr60_range125_body035_trades.csv,115,same_direction_overlap_5m,h4_d1_long_best_box2_atr80,2024-09-16 04:00:00
r3_compression_long_v1_broad_box3_atr60_range125_body035,r3_compression_long_v1_broad_box3_atr60_range125_body035,r3_compression_long_v1_broad_box3_atr60_range125_body035,r3_compression_long_v1_broad_box3_atr60_range125_body035,xau_r3_compression_long,80,r3_compression_long_v1,0,r3_compression_long_v1_broad_box3_atr60_range125_body035,2024-09-20 08:00:00,2024-09-20,2024-10-21 11:31:41,2024-10-21,LONG,150.67,1,0.01,C:\Users\ZHAO ZHU INFORMATION\Downloads\algo-trading-system\xau-usd\xauusd-phase1\outputs\reports\mt5_backtests\a1_momentum_variants_owner_goal_r3_compression_long_v1_exact_202207_202606_20260701\A1XauM5Momentum_OWNER_GOAL_R3_COMPRESSION_LONG_V1_EXACT_202207_202606_XAUUSD_M5_r3_compression_long_v1_broad_box3_atr60_range125_body035_trades.csv,116,same_direction_overlap_5m,h4_d1_long_best_box2_atr80,2024-09-20 08:00:00
r3_compression_long_v1_broad_box3_atr60_range125_body035,r3_compression_long_v1_broad_box3_atr60_range125_body035,r3_compression_long_v1_broad_box3_atr60_range125_body035,r3_compression_long_v1_broad_box3_atr60_range125_body035,xau_r3_compression_long,80,r3_compression_long_v1,0,r3_compression_long_v1_broad_box3_atr60_range125_body035,2024-09-20 12:00:00,2024-09-20,2024-10-22 17:01:56,2024-10-22,LONG,164.14,1,0.01,C:\Users\ZHAO ZHU INFORMATION\Downloads\algo-trading-system\xau-usd\xauusd-phase1\outputs\reports\mt5_backtests\a1_momentum_variants_owner_goal_r3_compression_long_v1_exact_202207_202606_20260701\A1XauM5Momentum_OWNER_GOAL_R3_COMPRESSION_LONG_V1_EXACT_202207_202606_XAUUSD_M5_r3_compression_long_v1_broad_box3_atr60_range125_body035_trades.csv,117,same_direction_overlap_5m,h4_d1_long_best_box2_atr80,2024-09-20 12:00:00
r3_compression_long_v1_broad_box3_atr60_range125_body035,r3_compression_long_v1_broad_box3_atr60_range125_body035,r3_compression_long_v1_broad_box3_atr60_range125_body035,r3_compression_long_v1_broad_box3_atr60_range125_body035,xau_r3_compression_long,80,r3_compression_long_v1,0,r3_compression_long_v1_broad_box3_atr60_range125_body035,2024-09-20 16:00:00,2024-09-20,2024-10-22 17:03:42,2024-10-22,LONG,133.74,1,0.01,C:\Users\ZHAO ZHU INFORMATION\Downloads\algo-trading-system\xau-usd\xauusd-phase1\outputs\reports\mt5_backtests\a1_momentum_variants_owner_goal_r3_compression_long_v1_exact_202207_202606_20260701\A1XauM5Momentum_OWNER_GOAL_R3_COMPRESSION_LONG_V1_EXACT_202207_202606_XAUUSD_M5_r3_compression_long_v1_broad_box3_atr60_range125_body035_trades.csv,118,same_direction_overlap_5m,h4_d1_long_best_box2_atr80,2024-09-20 16:00:00
r3_compression_long_v1_broad_box3_atr60_range125_body035,r3_compression_long_v1_broad_box3_atr60_range125_body035,r3_compression_long_v1_broad_box3_atr60_range125_body035,r3_compression_long_v1_broad_box3_atr60_range125_body035,xau_r3_compression_long,80,r3_compression_long_v1,0,r3_compression_long_v1_broad_box3_atr60_range125_body035,2024-09-23 04:00:00,2024-09-23,2024-10-22 17:45:35,2024-10-22,LONG,73.04,1,0.01,C:\Users\ZHAO ZHU INFORMATION\Downloads\algo-trading-system\xau-usd\xauusd-phase1\outputs\reports\mt5_backtests\a1_momentum_variants_owner_goal_r3_compression_long_v1_exact_202207_202606_20260701\A1XauM5Momentum_OWNER_GOAL_R3_COMPRESSION_LONG_V1_EXACT_202207_202606_XAUUSD_M5_r3_compression_long_v1_broad_box3_atr60_range125_body035_trades.csv,119,same_direction_overlap_5m,h4_d1_long_best_box2_atr80,2024-09-23 04:00:00
r3_compression_long_v1_broad_box3_atr60_range125_body035,r3_compression_long_v1_broad_box3_atr60_range125_body035,r3_compression_long_v1_broad_box3_atr60_range125_body035,r3_compression_long_v1_broad_box3_atr60_range125_body035,xau_r3_compression_long,80,r3_compression_long_v1,0,r3_compression_long_v1_broad_box3_atr60_range125_body035,2024-09-23 16:00:00,2024-09-23,2024-10-23 05:34:11,2024-10-23,LONG,75.64,1,0.01,C:\Users\ZHAO ZHU INFORMATION\Downloads\algo-trading-system\xau-usd\xauusd-phase1\outputs\reports\mt5_backtests\a1_momentum_variants_owner_goal_r3_compression_long_v1_exact_202207_202606_20260701\A1XauM5Momentum_OWNER_GOAL_R3_COMPRESSION_LONG_V1_EXACT_202207_202606_XAUUSD_M5_r3_compression_long_v1_broad_box3_atr60_range125_body035_trades.csv,120,same_direction_overlap_5m,h4_d1_long_best_box2_atr80,2024-09-23 16:00:00
r3_compression_long_v1_broad_box3_atr60_range125_body035,r3_compression_long_v1_broad_box3_atr60_range125_body035,r3_compression_long_v1_broad_box3_atr60_range125_body035,r3_compression_long_v1_broad_box3_atr60_range125_body035,xau_r3_compression_long,80,r3_compression_long_v1,0,r3_compression_long_v1_broad_box3_atr60_range125_body035,2024-09-24 16:00:00,2024-09-24,2024-10-23 08:38:04,2024-10-23,LONG,115.4,1,0.01,C:\Users\ZHAO ZHU INFORMATION\Downloads\algo-trading-system\xau-usd\xauusd-phase1\outputs\reports\mt5_backtests\a1_momentum_variants_owner_goal_r3_compression_long_v1_exact_202207_202606_20260701\A1XauM5Momentum_OWNER_GOAL_R3_COMPRESSION_LONG_V1_EXACT_202207_202606_XAUUSD_M5_r3_compression_long_v1_broad_box3_atr60_range125_body035_trades.csv,121,same_direction_overlap_5m,h4_d1_long_best_box2_atr80,2024-09-24 16:00:00
r3_compression_long_v1_broad_box3_atr60_range125_body035,r3_compression_long_v1_broad_box3_atr60_range125_body035,r3_compression_long_v1_broad_box3_atr60_range125_body035,r3_compression_long_v1_broad_box3_atr60_range125_body035,xau_r3_compression_long,80,r3_compression_long_v1,0,r3_compression_long_v1_broad_box3_atr60_range125_body035,2024-09-24 20:00:00,2024-09-24,2024-10-23 15:12:38,2024-10-23,LONG,-40.71,1,0.01,C:\Users\ZHAO ZHU INFORMATION\Downloads\algo-trading-system\xau-usd\xauusd-phase1\outputs\reports\mt5_backtests\a1_momentum_variants_owner_goal_r3_compression_long_v1_exact_202207_202606_20260701\A1XauM5Momentum_OWNER_GOAL_R3_COMPRESSION_LONG_V1_EXACT_202207_202606_XAUUSD_M5_r3_compression_long_v1_broad_box3_atr60_range125_body035_trades.csv,122,same_direction_overlap_5m,h4_d1_long_best_box2_atr80,2024-09-24 20:00:00
r3_compression_long_v1_broad_box3_atr60_range125_body035,r3_compression_long_v1_broad_box3_atr60_range125_body035,r3_compression_long_v1_broad_box3_atr60_range125_body035,r3_compression_long_v1_broad_box3_atr60_range125_body035,xau_r3_compression_long,80,r3_compression_long_v1,0,r3_compression_long_v1_broad_box3_atr60_range125_body035,2024-09-26 12:00:00,2024-09-26,2024-10-29 13:16:36,2024-10-29,LONG,108.1,1,0.01,C:\Users\ZHAO ZHU INFORMATION\Downloads\algo-trading-system\xau-usd\xauusd-phase1\outputs\reports\mt5_backtests\a1_momentum_variants_owner_goal_r3_compression_long_v1_exact_202207_202606_20260701\A1XauM5Momentum_OWNER_GOAL_R3_COMPRESSION_LONG_V1_EXACT_202207_202606_XAUUSD_M5_r3_compression_long_v1_broad_box3_atr60_range125_body035_trades.csv,123,same_direction_overlap_5m,h4_d1_long_best_box2_atr80,2024-09-26 12:00:00
r3_compression_long_v1_broad_box3_atr60_range125_body035,r3_compression_long_v1_broad_box3_atr60_range125_body035,r3_compression_long_v1_broad_box3_atr60_range125_body035,r3_compression_long_v1_broad_box3_atr60_range125_body035,xau_r3_compression_long,80,r3_compression_long_v1,0,r3_compression_long_v1_broad_box3_atr60_range125_body035,2024-10-16 08:00:00,2024-10-16,2024-10-30 04:44:36,2024-10-30,LONG,154.99,1,0.01,C:\Users\ZHAO ZHU INFORMATION\Downloads\algo-trading-system\xau-usd\xauusd-phase1\outputs\reports\mt5_backtests\a1_momentum_variants_owner_goal_r3_compression_long_v1_exact_202207_202606_20260701\A1XauM5Momentum_OWNER_GOAL_R3_COMPRESSION_LONG_V1_EXACT_202207_202606_XAUUSD_M5_r3_compression_long_v1_broad_box3_atr60_range125_body035_trades.csv,125,same_direction_overlap_5m,h4_d1_long_best_box2_atr80,2024-10-16 08:00:00
r3_compression_long_v1_broad_box3_atr60_range125_body035,r3_compression_long_v1_broad_box3_atr60_range125_body035,r3_compression_long_v1_broad_box3_atr60_range125_body035,r3_compression_long_v1_broad_box3_atr60_range125_body035,xau_r3_compression_long,80,r3_compression_long_v1,0,r3_compression_long_v1_broad_box3_atr60_range125_body035,2024-10-16 20:00:00,2024-10-16,2024-10-30 05:15:38,2024-10-30,LONG,156.48,1,0.01,C:\Users\ZHAO ZHU INFORMATION\Downloads\algo-trading-system\xau-usd\xauusd-phase1\outputs\reports\mt5_backtests\a1_momentum_variants_owner_goal_r3_compression_long_v1_exact_202207_202606_20260701\A1XauM5Momentum_OWNER_GOAL_R3_COMPRESSION_LONG_V1_EXACT_202207_202606_XAUUSD_M5_r3_compression_long_v1_broad_box3_atr60_range125_body035_trades.csv,126,same_direction_overlap_5m,h4_d1_long_best_box2_atr80,2024-10-16 20:00:00
r3_compression_long_v1_broad_box3_atr60_range125_body035,r3_compression_long_v1_broad_box3_atr60_range125_body035,r3_compression_long_v1_broad_box3_atr60_range125_body035,r3_compression_long_v1_broad_box3_atr60_range125_body035,xau_r3_compression_long,80,r3_compression_long_v1,0,r3_compression_long_v1_broad_box3_atr60_range125_body035,2024-10-17 16:00:00,2024-10-17,2024-11-06 05:29:30,2024-11-06,LONG,-37.87,1,0.01,C:\Users\ZHAO ZHU INFORMATION\Downloads\algo-trading-system\xau-usd\xauusd-phase1\outputs\reports\mt5_backtests\a1_momentum_variants_owner_goal_r3_compression_long_v1_exact_202207_202606_20260701\A1XauM5Momentum_OWNER_GOAL_R3_COMPRESSION_LONG_V1_EXACT_202207_202606_XAUUSD_M5_r3_compression_long_v1_broad_box3_atr60_range125_body035_trades.csv,127,same_direction_overlap_5m,h4_d1_long_best_box2_atr80,2024-10-17 16:00:00
r3_compression_long_v1_broad_box3_atr60_range125_body035,r3_compression_long_v1_broad_box3_atr60_range125_body035,r3_compression_long_v1_broad_box3_atr60_range125_body035,r3_compression_long_v1_broad_box3_atr60_range125_body035,xau_r3_compression_long,80,r3_compression_long_v1,0,r3_compression_long_v1_broad_box3_atr60_range125_body035,2024-10-18 04:00:00,2024-10-18,2024-11-06 05:29:31,2024-11-06,LONG,-52.35,1,0.01,C:\Users\ZHAO ZHU INFORMATION\Downloads\algo-trading-system\xau-usd\xauusd-phase1\outputs\reports\mt5_backtests\a1_momentum_variants_owner_goal_r3_compression_long_v1_exact_202207_202606_20260701\A1XauM5Momentum_OWNER_GOAL_R3_COMPRESSION_LONG_V1_EXACT_202207_202606_XAUUSD_M5_r3_compression_long_v1_broad_box3_atr60_range125_body035_trades.csv,128,same_direction_overlap_5m,h4_d1_long_best_box2_atr80,2024-10-18 04:00:00
r3_compression_long_v1_broad_box3_atr60_range125_body035,r3_compression_long_v1_broad_box3_atr60_range125_body035,r3_compression_long_v1_broad_box3_atr60_range125_body035,r3_compression_long_v1_broad_box3_atr60_range125_body035,xau_r3_compression_long,80,r3_compression_long_v1,0,r3_compression_long_v1_broad_box3_atr60_range125_body035,2024-10-18 12:00:00,2024-10-18,2024-11-06 12:00:13,2024-11-06,LONG,-55.68,1,0.01,C:\Users\ZHAO ZHU INFORMATION\Downloads\algo-trading-system\xau-usd\xauusd-phase1\outputs\reports\mt5_backtests\a1_momentum_variants_owner_goal_r3_compression_long_v1_exact_202207_202606_20260701\A1XauM5Momentum_OWNER_GOAL_R3_COMPRESSION_LONG_V1_EXACT_202207_202606_XAUUSD_M5_r3_compression_long_v1_broad_box3_atr60_range125_body035_trades.csv,129,same_direction_overlap_5m,h4_d1_long_best_box2_atr80,2024-10-18 12:00:00
r3_compression_long_v1_broad_box3_atr60_range125_body035,r3_compression_long_v1_broad_box3_atr60_range125_body035,r3_compression_long_v1_broad_box3_atr60_range125_body035,r3_compression_long_v1_broad_box3_atr60_range125_body035,xau_r3_compression_long,80,r3_compression_long_v1,0,r3_compression_long_v1_broad_box3_atr60_range125_body035,2024-10-21 04:00:00,2024-10-21,2024-11-06 12:30:30,2024-11-06,LONG,-61.27,1,0.01,C:\Users\ZHAO ZHU INFORMATION\Downloads\algo-trading-system\xau-usd\xauusd-phase1\outputs\reports\mt5_backtests\a1_momentum_variants_owner_goal_r3_compression_long_v1_exact_202207_202606_20260701\A1XauM5Momentum_OWNER_GOAL_R3_COMPRESSION_LONG_V1_EXACT_202207_202606_XAUUSD_M5_r3_compression_long_v1_broad_box3_atr60_range125_body035_trades.csv,131,same_direction_overlap_5m,h4_d1_long_best_box2_atr80,2024-10-21 04:00:00
r3_compression_long_v1_broad_box3_atr60_range125_body035,r3_compression_long_v1_broad_box3_atr60_range125_body035,r3_compression_long_v1_broad_box3_atr60_range125_body035,r3_compression_long_v1_broad_box3_atr60_range125_body035,xau_r3_compression_long,80,r3_compression_long_v1,0,r3_compression_long_v1_broad_box3_atr60_range125_body035,2024-10-21 12:00:00,2024-10-21,2024-11-11 12:41:27,2024-11-11,LONG,-55.13,1,0.01,C:\Users\ZHAO ZHU INFORMATION\Downloads\algo-trading-system\xau-usd\xauusd-phase1\outputs\reports\mt5_backtests\a1_momentum_variants_owner_goal_r3_compression_long_v1_exact_202207_202606_20260701\A1XauM5Momentum_OWNER_GOAL_R3_COMPRESSION_LONG_V1_EXACT_202207_202606_XAUUSD_M5_r3_compression_long_v1_broad_box3_atr60_range125_body035_trades.csv,132,same_direction_overlap_5m,h4_d1_long_best_box2_atr80,2024-10-21 12:00:00
r3_compression_long_v1_broad_box3_atr60_range125_body035,r3_compression_long_v1_broad_box3_atr60_range125_body035,r3_compression_long_v1_broad_box3_atr60_range125_body035,r3_compression_long_v1_broad_box3_atr60_range125_body035,xau_r3_compression_long,80,r3_compression_long_v1,0,r3_compression_long_v1_broad_box3_atr60_range125_body035,2024-10-22 20:00:00,2024-10-22,2024-11-11 12:41:27,2024-11-11,LONG,-71.68,1,0.01,C:\Users\ZHAO ZHU INFORMATION\Downloads\algo-trading-system\xau-usd\xauusd-phase1\outputs\reports\mt5_backtests\a1_momentum_variants_owner_goal_r3_compression_long_v1_exact_202207_202606_20260701\A1XauM5Momentum_OWNER_GOAL_R3_COMPRESSION_LONG_V1_EXACT_202207_202606_XAUUSD_M5_r3_compression_long_v1_broad_box3_atr60_range125_body035_trades.csv,133,same_direction_overlap_5m,h4_d1_long_best_box2_atr80,2024-10-22 20:00:00
r3_compression_long_v1_broad_box3_atr60_range125_body035,r3_compression_long_v1_broad_box3_atr60_range125_body035,r3_compression_long_v1_broad_box3_atr60_range125_body035,r3_compression_long_v1_broad_box3_atr60_range125_body035,xau_r3_compression_long,80,r3_compression_long_v1,0,r3_compression_long_v1_broad_box3_atr60_range125_body035,2024-10-23 08:00:00,2024-10-23,2024-11-11 12:41:27,2024-11-11,LONG,-71.49,1,0.01,C:\Users\ZHAO ZHU INFORMATION\Downloads\algo-trading-system\xau-usd\xauusd-phase1\outputs\reports\mt5_backtests\a1_momentum_variants_owner_goal_r3_compression_long_v1_exact_202207_202606_20260701\A1XauM5Momentum_OWNER_GOAL_R3_COMPRESSION_LONG_V1_EXACT_202207_202606_XAUUSD_M5_r3_compression_long_v1_broad_box3_atr60_range125_body035_trades.csv,134,same_direction_overlap_5m,h4_d1_long_best_box2_atr80,2024-10-23 08:00:00
r3_compression_long_v1_broad_box3_atr60_range125_body035,r3_compression_long_v1_broad_box3_atr60_range125_body035,r3_compression_long_v1_broad_box3_atr60_range125_body035,r3_compression_long_v1_broad_box3_atr60_range125_body035,xau_r3_compression_long,80,r3_compression_long_v1,0,r3_compression_long_v1_broad_box3_atr60_range125_body035,2024-10-29 04:00:00,2024-10-29,2024-11-11 12:41:27,2024-11-11,LONG,-81.46,1,0.01,C:\Users\ZHAO ZHU INFORMATION\Downloads\algo-trading-system\xau-usd\xauusd-phase1\outputs\reports\mt5_backtests\a1_momentum_variants_owner_goal_r3_compression_long_v1_exact_202207_202606_20260701\A1XauM5Momentum_OWNER_GOAL_R3_COMPRESSION_LONG_V1_EXACT_202207_202606_XAUUSD_M5_r3_compression_long_v1_broad_box3_atr60_range125_body035_trades.csv,135,same_direction_overlap_5m,h4_d1_long_best_box2_atr80,2024-10-29 04:00:00
r3_compression_long_v1_broad_box3_atr60_range125_body035,r3_compression_long_v1_broad_box3_atr60_range125_body035,r3_compression_long_v1_broad_box3_atr60_range125_body035,r3_compression_long_v1_broad_box3_atr60_range125_body035,xau_r3_compression_long,80,r3_compression_long_v1,0,r3_compression_long_v1_broad_box3_atr60_range125_body035,2024-10-29 16:00:00,2024-10-29,2024-11-13 15:55:40,2024-11-13,LONG,-77.96,1,0.01,C:\Users\ZHAO ZHU INFORMATION\Downloads\algo-trading-system\xau-usd\xauusd-phase1\outputs\reports\mt5_backtests\a1_momentum_variants_owner_goal_r3_compression_long_v1_exact_202207_202606_20260701\A1XauM5Momentum_OWNER_GOAL_R3_COMPRESSION_LONG_V1_EXACT_202207_202606_XAUUSD_M5_r3_compression_long_v1_broad_box3_atr60_range125_body035_trades.csv,136,same_direction_overlap_5m,h4_d1_long_best_box2_atr80,2024-10-29 16:00:00
r3_compression_long_v1_broad_box3_atr60_range125_body035,r3_compression_long_v1_broad_box3_atr60_range125_body035,r3_compression_long_v1_broad_box3_atr60_range125_body035,r3_compression_long_v1_broad_box3_atr60_range125_body035,xau_r3_compression_long,80,r3_compression_long_v1,0,r3_compression_long_v1_broad_box3_atr60_range125_body035,2025-01-15 20:00:00,2025-01-15,2025-01-31 11:16:39,2025-01-31,LONG,76.29,1,0.01,C:\Users\ZHAO ZHU INFORMATION\Downloads\algo-trading-system\xau-usd\xauusd-phase1\outputs\reports\mt5_backtests\a1_momentum_variants_owner_goal_r3_compression_long_v1_exact_202207_202606_20260701\A1XauM5Momentum_OWNER_GOAL_R3_COMPRESSION_LONG_V1_EXACT_202207_202606_XAUUSD_M5_r3_compression_long_v1_broad_box3_atr60_range125_body035_trades.csv,145,same_direction_overlap_5m,h4_d1_long_best_box2_atr80,2025-01-15 20:00:00
r3_compression_long_v1_broad_box3_atr60_range125_body035,r3_compression_long_v1_broad_box3_atr60_range125_body035,r3_compression_long_v1_broad_box3_atr60_range125_body035,r3_compression_long_v1_broad_box3_atr60_range125_body035,xau_r3_compression_long,80,r3_compression_long_v1,0,r3_compression_long_v1_broad_box3_atr60_range125_body035,2025-01-16 16:00:00,2025-01-16,2025-02-03 13:45:12,2025-02-03,LONG,122.76,1,0.01,C:\Users\ZHAO ZHU INFORMATION\Downloads\algo-trading-system\xau-usd\xauusd-phase1\outputs\reports\mt5_backtests\a1_momentum_variants_owner_goal_r3_compression_long_v1_exact_202207_202606_20260701\A1XauM5Momentum_OWNER_GOAL_R3_COMPRESSION_LONG_V1_EXACT_202207_202606_XAUUSD_M5_r3_compression_long_v1_broad_box3_atr60_range125_body035_trades.csv,146,same_direction_overlap_5m,h4_d1_long_best_box2_atr80,2025-01-16 16:00:00
r3_compression_long_v1_broad_box3_atr60_range125_body035,r3_compression_long_v1_broad_box3_atr60_range125_body035,r3_compression_long_v1_broad_box3_atr60_range125_body035,r3_compression_long_v1_broad_box3_atr60_range125_body035,xau_r3_compression_long,80,r3_compression_long_v1,0,r3_compression_long_v1_broad_box3_atr60_range125_body035,2025-01-21 04:00:00,2025-01-21,2025-02-04 23:34:34,2025-02-04,LONG,126.99,1,0.01,C:\Users\ZHAO ZHU INFORMATION\Downloads\algo-trading-system\xau-usd\xauusd-phase1\outputs\reports\mt5_backtests\a1_momentum_variants_owner_goal_r3_compression_long_v1_exact_202207_202606_20260701\A1XauM5Momentum_OWNER_GOAL_R3_COMPRESSION_LONG_V1_EXACT_202207_202606_XAUUSD_M5_r3_compression_long_v1_broad_box3_atr60_range125_body035_trades.csv,147,same_direction_overlap_5m,h4_d1_long_best_box2_atr80,2025-01-21 04:00:00
r3_compression_long_v1_broad_box3_atr60_range125_body035,r3_compression_long_v1_broad_box3_atr60_range125_body035,r3_compression_long_v1_broad_box3_atr60_range125_body035,r3_compression_long_v1_broad_box3_atr60_range125_body035,xau_r3_compression_long,80,r3_compression_long_v1,0,r3_compression_long_v1_broad_box3_atr60_range125_body035,2025-01-21 16:00:00,2025-01-21,2025-02-05 01:10:34,2025-02-05,LONG,107.79,1,0.01,C:\Users\ZHAO ZHU INFORMATION\Downloads\algo-trading-system\xau-usd\xauusd-phase1\outputs\reports\mt5_backtests\a1_momentum_variants_owner_goal_r3_compression_long_v1_exact_202207_202606_20260701\A1XauM5Momentum_OWNER_GOAL_R3_COMPRESSION_LONG_V1_EXACT_202207_202606_XAUUSD_M5_r3_compression_long_v1_broad_box3_atr60_range125_body035_trades.csv,148,same_direction_overlap_5m,h4_d1_long_best_box2_atr80,2025-01-21 16:00:00
r3_compression_long_v1_broad_box3_atr60_range125_body035,r3_compression_long_v1_broad_box3_atr60_range125_body035,r3_compression_long_v1_broad_box3_atr60_range125_body035,r3_compression_long_v1_broad_box3_atr60_range125_body035,xau_r3_compression_long,80,r3_compression_long_v1,0,r3_compression_long_v1_broad_box3_atr60_range125_body035,2025-01-22 04:00:00,2025-01-22,2025-02-05 07:42:53,2025-02-05,LONG,91.48,1,0.01,C:\Users\ZHAO ZHU INFORMATION\Downloads\algo-trading-system\xau-usd\xauusd-phase1\outputs\reports\mt5_backtests\a1_momentum_variants_owner_goal_r3_compression_long_v1_exact_202207_202606_20260701\A1XauM5Momentum_OWNER_GOAL_R3_COMPRESSION_LONG_V1_EXACT_202207_202606_XAUUSD_M5_r3_compression_long_v1_broad_box3_atr60_range125_body035_trades.csv,149,same_direction_overlap_5m,h4_d1_long_best_box2_atr80,2025-01-22 04:00:00
r3_compression_long_v1_broad_box3_atr60_range125_body035,r3_compression_long_v1_broad_box3_atr60_range125_body035,r3_compression_long_v1_broad_box3_atr60_range125_body035,r3_compression_long_v1_broad_box3_atr60_range125_body035,xau_r3_compression_long,80,r3_compression_long_v1,0,r3_compression_long_v1_broad_box3_atr60_range125_body035,2025-01-22 12:00:00,2025-01-22,2025-02-05 14:45:40,2025-02-05,LONG,125.8,1,0.01,C:\Users\ZHAO ZHU INFORMATION\Downloads\algo-trading-system\xau-usd\xauusd-phase1\outputs\reports\mt5_backtests\a1_momentum_variants_owner_goal_r3_compression_long_v1_exact_202207_202606_20260701\A1XauM5Momentum_OWNER_GOAL_R3_COMPRESSION_LONG_V1_EXACT_202207_202606_XAUUSD_M5_r3_compression_long_v1_broad_box3_atr60_range125_body035_trades.csv,150,same_direction_overlap_5m,h4_d1_long_best_box2_atr80,2025-01-22 12:00:00
r3_compression_long_v1_broad_box3_atr60_range125_body035,r3_compression_long_v1_broad_box3_atr60_range125_body035,r3_compression_long_v1_broad_box3_atr60_range125_body035,r3_compression_long_v1_broad_box3_atr60_range125_body035,xau_r3_compression_long,80,r3_compression_long_v1,0,r3_compression_long_v1_broad_box3_atr60_range125_body035,2025-01-24 04:00:00,2025-01-24,2025-02-05 14:49:13,2025-02-05,LONG,99.21,1,0.01,C:\Users\ZHAO ZHU INFORMATION\Downloads\algo-trading-system\xau-usd\xauusd-phase1\outputs\reports\mt5_backtests\a1_momentum_variants_owner_goal_r3_compression_long_v1_exact_202207_202606_20260701\A1XauM5Momentum_OWNER_GOAL_R3_COMPRESSION_LONG_V1_EXACT_202207_202606_XAUUSD_M5_r3_compression_long_v1_broad_box3_atr60_range125_body035_trades.csv,151,same_direction_overlap_5m,h4_d1_long_best_box2_atr80,2025-01-24 04:00:00
r3_compression_long_v1_broad_box3_atr60_range125_body035,r3_compression_long_v1_broad_box3_atr60_range125_body035,r3_compression_long_v1_broad_box3_atr60_range125_body035,r3_compression_long_v1_broad_box3_atr60_range125_body035,xau_r3_compression_long,80,r3_compression_long_v1,0,r3_compression_long_v1_broad_box3_atr60_range125_body035,2025-01-24 12:00:00,2025-01-24,2025-02-10 06:56:27,2025-02-10,LONG,137.8,1,0.01,C:\Users\ZHAO ZHU INFORMATION\Downloads\algo-trading-system\xau-usd\xauusd-phase1\outputs\reports\mt5_backtests\a1_momentum_variants_owner_goal_r3_compression_long_v1_exact_202207_202606_20260701\A1XauM5Momentum_OWNER_GOAL_R3_COMPRESSION_LONG_V1_EXACT_202207_202606_XAUUSD_M5_r3_compression_long_v1_broad_box3_atr60_range125_body035_trades.csv,152,same_direction_overlap_5m,h4_d1_long_best_box2_atr80,2025-01-24 12:00:00
r3_compression_long_v1_broad_box3_atr60_range125_body035,r3_compression_long_v1_broad_box3_atr60_range125_body035,r3_compression_long_v1_broad_box3_atr60_range125_body035,r3_compression_long_v1_broad_box3_atr60_range125_body035,xau_r3_compression_long,80,r3_compression_long_v1,0,r3_compression_long_v1_broad_box3_atr60_range125_body035,2025-01-30 08:00:00,2025-01-30,2025-02-10 14:19:35,2025-02-10,LONG,138.57,1,0.01,C:\Users\ZHAO ZHU INFORMATION\Downloads\algo-trading-system\xau-usd\xauusd-phase1\outputs\reports\mt5_backtests\a1_momentum_variants_owner_goal_r3_compression_long_v1_exact_202207_202606_20260701\A1XauM5Momentum_OWNER_GOAL_R3_COMPRESSION_LONG_V1_EXACT_202207_202606_XAUUSD_M5_r3_compression_long_v1_broad_box3_atr60_range125_body035_trades.csv,153,same_direction_overlap_5m,h4_d1_long_best_box2_atr80,2025-01-30 08:00:00
r3_compression_long_v1_broad_box3_atr60_range125_body035,r3_compression_long_v1_broad_box3_atr60_range125_body035,r3_compression_long_v1_broad_box3_atr60_range125_body035,r3_compression_long_v1_broad_box3_atr60_range125_body035,xau_r3_compression_long,80,r3_compression_long_v1,0,r3_compression_long_v1_broad_box3_atr60_range125_body035,2025-01-30 12:00:00,2025-01-30,2025-02-10 14:40:38,2025-02-10,LONG,120.24,1,0.01,C:\Users\ZHAO ZHU INFORMATION\Downloads\algo-trading-system\xau-usd\xauusd-phase1\outputs\reports\mt5_backtests\a1_momentum_variants_owner_goal_r3_compression_long_v1_exact_202207_202606_20260701\A1XauM5Momentum_OWNER_GOAL_R3_COMPRESSION_LONG_V1_EXACT_202207_202606_XAUUSD_M5_r3_compression_long_v1_broad_box3_atr60_range125_body035_trades.csv,154,same_direction_overlap_5m,h4_d1_long_best_box2_atr80,2025-01-30 12:00:00
r3_compression_long_v1_broad_box3_atr60_range125_body035,r3_compression_long_v1_broad_box3_atr60_range125_body035,r3_compression_long_v1_broad_box3_atr60_range125_body035,r3_compression_long_v1_broad_box3_atr60_range125_body035,xau_r3_compression_long,80,r3_compression_long_v1,0,r3_compression_long_v1_broad_box3_atr60_range125_body035,2025-01-30 16:00:00,2025-01-30,2025-02-11 00:11:11,2025-02-11,LONG,130.41,1,0.01,C:\Users\ZHAO ZHU INFORMATION\Downloads\algo-trading-system\xau-usd\xauusd-phase1\outputs\reports\mt5_backtests\a1_momentum_variants_owner_goal_r3_compression_long_v1_exact_202207_202606_20260701\A1XauM5Momentum_OWNER_GOAL_R3_COMPRESSION_LONG_V1_EXACT_202207_202606_XAUUSD_M5_r3_compression_long_v1_broad_box3_atr60_range125_body035_trades.csv,155,same_direction_overlap_5m,h4_d1_long_best_box2_atr80,2025-01-30 16:00:00
r3_compression_long_v1_broad_box3_atr60_range125_body035,r3_compression_long_v1_broad_box3_atr60_range125_body035,r3_compression_long_v1_broad_box3_atr60_range125_body035,r3_compression_long_v1_broad_box3_atr60_range125_body035,xau_r3_compression_long,80,r3_compression_long_v1,0,r3_compression_long_v1_broad_box3_atr60_range125_body035,2025-01-30 20:00:00,2025-01-30,2025-02-11 00:13:28,2025-02-11,LONG,151.76,1,0.01,C:\Users\ZHAO ZHU INFORMATION\Downloads\algo-trading-system\xau-usd\xauusd-phase1\outputs\reports\mt5_backtests\a1_momentum_variants_owner_goal_r3_compression_long_v1_exact_202207_202606_20260701\A1XauM5Momentum_OWNER_GOAL_R3_COMPRESSION_LONG_V1_EXACT_202207_202606_XAUUSD_M5_r3_compression_long_v1_broad_box3_atr60_range125_body035_trades.csv,156,same_direction_overlap_5m,h4_d1_long_best_box2_atr80,2025-01-30 20:00:00
r3_compression_long_v1_broad_box3_atr60_range125_body035,r3_compression_long_v1_broad_box3_atr60_range125_body035,r3_compression_long_v1_broad_box3_atr60_range125_body035,r3_compression_long_v1_broad_box3_atr60_range125_body035,xau_r3_compression_long,80,r3_compression_long_v1,0,r3_compression_long_v1_broad_box3_atr60_range125_body035,2025-01-31 12:00:00,2025-01-31,2025-02-20 05:54:25,2025-02-20,LONG,141.91,1,0.01,C:\Users\ZHAO ZHU INFORMATION\Downloads\algo-trading-system\xau-usd\xauusd-phase1\outputs\reports\mt5_backtests\a1_momentum_variants_owner_goal_r3_compression_long_v1_exact_202207_202606_20260701\A1XauM5Momentum_OWNER_GOAL_R3_COMPRESSION_LONG_V1_EXACT_202207_202606_XAUUSD_M5_r3_compression_long_v1_broad_box3_atr60_range125_body035_trades.csv,157,same_direction_overlap_5m,h4_d1_long_best_box2_atr80,2025-01-31 12:00:00
r3_compression_long_v1_broad_box3_atr60_range125_body035,r3_compression_long_v1_broad_box3_atr60_range125_body035,r3_compression_long_v1_broad_box3_atr60_range125_body035,r3_compression_long_v1_broad_box3_atr60_range125_body035,xau_r3_compression_long,80,r3_compression_long_v1,0,r3_compression_long_v1_broad_box3_atr60_range125_body035,2025-02-04 16:00:00,2025-02-04,2025-03-13 14:39:38,2025-03-13,LONG,136.58,1,0.01,C:\Users\ZHAO ZHU INFORMATION\Downloads\algo-trading-system\xau-usd\xauusd-phase1\outputs\reports\mt5_backtests\a1_momentum_variants_owner_goal_r3_compression_long_v1_exact_202207_202606_20260701\A1XauM5Momentum_OWNER_GOAL_R3_COMPRESSION_LONG_V1_EXACT_202207_202606_XAUUSD_M5_r3_compression_long_v1_broad_box3_atr60_range125_body035_trades.csv,158,same_direction_overlap_5m,h4_d1_long_best_box2_atr80,2025-02-04 16:00:00
r3_compression_long_v1_broad_box3_atr60_range125_body035,r3_compression_long_v1_broad_box3_atr60_range125_body035,r3_compression_long_v1_broad_box3_atr60_range125_body035,r3_compression_long_v1_broad_box3_atr60_range125_body035,xau_r3_compression_long,80,r3_compression_long_v1,0,r3_compression_long_v1_broad_box3_atr60_range125_body035,2025-02-04 20:00:00,2025-02-04,2025-03-13 19:49:35,2025-03-13,LONG,143.99,1,0.01,C:\Users\ZHAO ZHU INFORMATION\Downloads\algo-trading-system\xau-usd\xauusd-phase1\outputs\reports\mt5_backtests\a1_momentum_variants_owner_goal_r3_compression_long_v1_exact_202207_202606_20260701\A1XauM5Momentum_OWNER_GOAL_R3_COMPRESSION_LONG_V1_EXACT_202207_202606_XAUUSD_M5_r3_compression_long_v1_broad_box3_atr60_range125_body035_trades.csv,159,same_direction_overlap_5m,h4_d1_long_best_box2_atr80,2025-02-04 20:00:00
r3_compression_long_v1_broad_box3_atr60_range125_body035,r3_compression_long_v1_broad_box3_atr60_range125_body035,r3_compression_long_v1_broad_box3_atr60_range125_body035,r3_compression_long_v1_broad_box3_atr60_range125_body035,xau_r3_compression_long,80,r3_compression_long_v1,0,r3_compression_long_v1_broad_box3_atr60_range125_body035,2025-02-05 04:00:00,2025-02-05,2025-03-18 07:22:37,2025-03-18,LONG,166.08,1,0.01,C:\Users\ZHAO ZHU INFORMATION\Downloads\algo-trading-system\xau-usd\xauusd-phase1\outputs\reports\mt5_backtests\a1_momentum_variants_owner_goal_r3_compression_long_v1_exact_202207_202606_20260701\A1XauM5Momentum_OWNER_GOAL_R3_COMPRESSION_LONG_V1_EXACT_202207_202606_XAUUSD_M5_r3_compression_long_v1_broad_box3_atr60_range125_body035_trades.csv,160,same_direction_overlap_5m,h4_d1_long_best_box2_atr80,2025-02-05 04:00:00
r3_compression_long_v1_broad_box3_atr60_range125_body035,r3_compression_long_v1_broad_box3_atr60_range125_body035,r3_compression_long_v1_broad_box3_atr60_range125_body035,r3_compression_long_v1_broad_box3_atr60_range125_body035,xau_r3_compression_long,80,r3_compression_long_v1,0,r3_compression_long_v1_broad_box3_atr60_range125_body035,2025-02-05 08:00:00,2025-02-05,2025-03-27 13:48:41,2025-03-27,LONG,190.71,1,0.01,C:\Users\ZHAO ZHU INFORMATION\Downloads\algo-trading-system\xau-usd\xauusd-phase1\outputs\reports\mt5_backtests\a1_momentum_variants_owner_goal_r3_compression_long_v1_exact_202207_202606_20260701\A1XauM5Momentum_OWNER_GOAL_R3_COMPRESSION_LONG_V1_EXACT_202207_202606_XAUUSD_M5_r3_compression_long_v1_broad_box3_atr60_range125_body035_trades.csv,161,same_direction_overlap_5m,h4_d1_long_best_box2_atr80,2025-02-05 08:00:00
r3_compression_long_v1_broad_box3_atr60_range125_body035,r3_compression_long_v1_broad_box3_atr60_range125_body035,r3_compression_long_v1_broad_box3_atr60_range125_body035,r3_compression_long_v1_broad_box3_atr60_range125_body035,xau_r3_compression_long,80,r3_compression_long_v1,0,r3_compression_long_v1_broad_box3_atr60_range125_body035,2025-03-18 04:00:00,2025-03-18,2025-03-28 13:06:14,2025-03-28,LONG,72.17,1,0.01,C:\Users\ZHAO ZHU INFORMATION\Downloads\algo-trading-system\xau-usd\xauusd-phase1\outputs\reports\mt5_backtests\a1_momentum_variants_owner_goal_r3_compression_long_v1_exact_202207_202606_20260701\A1XauM5Momentum_OWNER_GOAL_R3_COMPRESSION_LONG_V1_EXACT_202207_202606_XAUUSD_M5_r3_compression_long_v1_broad_box3_atr60_range125_body035_trades.csv,162,same_direction_overlap_5m,h4_d1_long_best_box2_atr80,2025-03-18 04:00:00
r3_compression_long_v1_broad_box3_atr60_range125_body035,r3_compression_long_v1_broad_box3_atr60_range125_body035,r3_compression_long_v1_broad_box3_atr60_range125_body035,r3_compression_long_v1_broad_box3_atr60_range125_body035,xau_r3_compression_long,80,r3_compression_long_v1,0,r3_compression_long_v1_broad_box3_atr60_range125_body035,2025-03-18 08:00:00,2025-03-18,2025-03-31 06:12:32,2025-03-31,LONG,96.16,1,0.01,C:\Users\ZHAO ZHU INFORMATION\Downloads\algo-trading-system\xau-usd\xauusd-phase1\outputs\reports\mt5_backtests\a1_momentum_variants_owner_goal_r3_compression_long_v1_exact_202207_202606_20260701\A1XauM5Momentum_OWNER_GOAL_R3_COMPRESSION_LONG_V1_EXACT_202207_202606_XAUUSD_M5_r3_compression_long_v1_broad_box3_atr60_range125_body035_trades.csv,163,same_direction_overlap_5m,h4_d1_long_best_box2_atr80,2025-03-18 08:00:00
r3_compression_long_v1_broad_box3_atr60_range125_body035,r3_compression_long_v1_broad_box3_atr60_range125_body035,r3_compression_long_v1_broad_box3_atr60_range125_body035,r3_compression_long_v1_broad_box3_atr60_range125_body035,xau_r3_compression_long,80,r3_compression_long_v1,0,r3_compression_long_v1_broad_box3_atr60_range125_body035,2025-03-18 12:00:00,2025-03-18,2025-04-01 03:36:36,2025-04-01,LONG,95.22,1,0.01,C:\Users\ZHAO ZHU INFORMATION\Downloads\algo-trading-system\xau-usd\xauusd-phase1\outputs\reports\mt5_backtests\a1_momentum_variants_owner_goal_r3_compression_long_v1_exact_202207_202606_20260701\A1XauM5Momentum_OWNER_GOAL_R3_COMPRESSION_LONG_V1_EXACT_202207_202606_XAUUSD_M5_r3_compression_long_v1_broad_box3_atr60_range125_body035_trades.csv,164,same_direction_overlap_5m,h4_d1_long_best_box2_atr80,2025-03-18 12:00:00
r3_compression_long_v1_broad_box3_atr60_range125_body035,r3_compression_long_v1_broad_box3_atr60_range125_body035,r3_compression_long_v1_broad_box3_atr60_range125_body035,r3_compression_long_v1_broad_box3_atr60_range125_body035,xau_r3_compression_long,80,r3_compression_long_v1,0,r3_compression_long_v1_broad_box3_atr60_range125_body035,2025-03-27 12:00:00,2025-03-27,2025-04-01 03:53:13,2025-04-01,LONG,111.76,1,0.01,C:\Users\ZHAO ZHU INFORMATION\Downloads\algo-trading-system\xau-usd\xauusd-phase1\outputs\reports\mt5_backtests\a1_momentum_variants_owner_goal_r3_compression_long_v1_exact_202207_202606_20260701\A1XauM5Momentum_OWNER_GOAL_R3_COMPRESSION_LONG_V1_EXACT_202207_202606_XAUUSD_M5_r3_compression_long_v1_broad_box3_atr60_range125_body035_trades.csv,165,same_direction_overlap_5m,h4_d1_long_best_box2_atr80,2025-03-27 12:00:00
r3_compression_long_v1_broad_box3_atr60_range125_body035,r3_compression_long_v1_broad_box3_atr60_range125_body035,r3_compression_long_v1_broad_box3_atr60_range125_body035,r3_compression_long_v1_broad_box3_atr60_range125_body035,xau_r3_compression_long,80,r3_compression_long_v1,0,r3_compression_long_v1_broad_box3_atr60_range125_body035,2025-03-28 04:00:00,2025-03-28,2025-04-03 12:40:36,2025-04-03,LONG,-83.93,1,0.01,C:\Users\ZHAO ZHU INFORMATION\Downloads\algo-trading-system\xau-usd\xauusd-phase1\outputs\reports\mt5_backtests\a1_momentum_variants_owner_goal_r3_compression_long_v1_exact_202207_202606_20260701\A1XauM5Momentum_OWNER_GOAL_R3_COMPRESSION_LONG_V1_EXACT_202207_202606_XAUUSD_M5_r3_compression_long_v1_broad_box3_atr60_range125_body035_trades.csv,166,same_direction_overlap_5m,h4_d1_long_best_box2_atr80,2025-03-28 04:00:00
r3_compression_long_v1_broad_box3_atr60_range125_body035,r3_compression_long_v1_broad_box3_atr60_range125_body035,r3_compression_long_v1_broad_box3_atr60_range125_body035,r3_compression_long_v1_broad_box3_atr60_range125_body035,xau_r3_compression_long,80,r3_compression_long_v1,0,r3_compression_long_v1_broad_box3_atr60_range125_body035,2025-03-31 04:00:00,2025-03-31,2025-04-04 15:36:27,2025-04-04,LONG,-101.54,1,0.01,C:\Users\ZHAO ZHU INFORMATION\Downloads\algo-trading-system\xau-usd\xauusd-phase1\outputs\reports\mt5_backtests\a1_momentum_variants_owner_goal_r3_compression_long_v1_exact_202207_202606_20260701\A1XauM5Momentum_OWNER_GOAL_R3_COMPRESSION_LONG_V1_EXACT_202207_202606_XAUUSD_M5_r3_compression_long_v1_broad_box3_atr60_range125_body035_trades.csv,167,same_direction_overlap_5m,h4_d1_long_best_box2_atr80,2025-03-31 04:00:00
r3_compression_long_v1_broad_box3_atr60_range125_body035,r3_compression_long_v1_broad_box3_atr60_range125_body035,r3_compression_long_v1_broad_box3_atr60_range125_body035,r3_compression_long_v1_broad_box3_atr60_range125_body035,xau_r3_compression_long,80,r3_compression_long_v1,0,r3_compression_long_v1_broad_box3_atr60_range125_body035,2025-03-31 08:00:00,2025-03-31,2025-04-04 15:36:28,2025-04-04,LONG,-84.23,1,0.01,C:\Users\ZHAO ZHU INFORMATION\Downloads\algo-trading-system\xau-usd\xauusd-phase1\outputs\reports\mt5_backtests\a1_momentum_variants_owner_goal_r3_compression_long_v1_exact_202207_202606_20260701\A1XauM5Momentum_OWNER_GOAL_R3_COMPRESSION_LONG_V1_EXACT_202207_202606_XAUUSD_M5_r3_compression_long_v1_broad_box3_atr60_range125_body035_trades.csv,168,same_direction_overlap_5m,h4_d1_long_best_box2_atr80,2025-03-31 08:00:00
r3_compression_long_v1_broad_box3_atr60_range125_body035,r3_compression_long_v1_broad_box3_atr60_range125_body035,r3_compression_long_v1_broad_box3_atr60_range125_body035,r3_compression_long_v1_broad_box3_atr60_range125_body035,xau_r3_compression_long,80,r3_compression_long_v1,0,r3_compression_long_v1_broad_box3_atr60_range125_body035,2025-03-31 20:00:00,2025-03-31,2025-04-04 15:36:29,2025-04-04,LONG,-101.57,1,0.01,C:\Users\ZHAO ZHU INFORMATION\Downloads\algo-trading-system\xau-usd\xauusd-phase1\outputs\reports\mt5_backtests\a1_momentum_variants_owner_goal_r3_compression_long_v1_exact_202207_202606_20260701\A1XauM5Momentum_OWNER_GOAL_R3_COMPRESSION_LONG_V1_EXACT_202207_202606_XAUUSD_M5_r3_compression_long_v1_broad_box3_atr60_range125_body035_trades.csv,169,same_direction_overlap_5m,h4_d1_long_best_box2_atr80,2025-03-31 20:00:00
r3_compression_long_v1_broad_box3_atr60_range125_body035,r3_compression_long_v1_broad_box3_atr60_range125_body035,r3_compression_long_v1_broad_box3_atr60_range125_body035,r3_compression_long_v1_broad_box3_atr60_range125_body035,xau_r3_compression_long,80,r3_compression_long_v1,0,r3_compression_long_v1_broad_box3_atr60_range125_body035,2025-04-01 04:00:00,2025-04-01,2025-04-06 22:06:00,2025-04-06,LONG,-74.67,1,0.01,C:\Users\ZHAO ZHU INFORMATION\Downloads\algo-trading-system\xau-usd\xauusd-phase1\outputs\reports\mt5_backtests\a1_momentum_variants_owner_goal_r3_compression_long_v1_exact_202207_202606_20260701\A1XauM5Momentum_OWNER_GOAL_R3_COMPRESSION_LONG_V1_EXACT_202207_202606_XAUUSD_M5_r3_compression_long_v1_broad_box3_atr60_range125_body035_trades.csv,170,same_direction_overlap_5m,h4_d1_long_best_box2_atr80,2025-04-01 04:00:00
r3_compression_long_v1_broad_box3_atr60_range125_body035,r3_compression_long_v1_broad_box3_atr60_range125_body035,r3_compression_long_v1_broad_box3_atr60_range125_body035,r3_compression_long_v1_broad_box3_atr60_range125_body035,xau_r3_compression_long,80,r3_compression_long_v1,0,r3_compression_long_v1_broad_box3_atr60_range125_body035,2025-08-27 20:00:00,2025-08-27,2025-09-02 14:44:41,2025-09-02,LONG,105.67,1,0.01,C:\Users\ZHAO ZHU INFORMATION\Downloads\algo-trading-system\xau-usd\xauusd-phase1\outputs\reports\mt5_backtests\a1_momentum_variants_owner_goal_r3_compression_long_v1_exact_202207_202606_20260701\A1XauM5Momentum_OWNER_GOAL_R3_COMPRESSION_LONG_V1_EXACT_202207_202606_XAUUSD_M5_r3_compression_long_v1_broad_box3_atr60_range125_body035_trades.csv,179,same_direction_overlap_5m,h4_d1_long_best_box2_atr80,2025-08-27 20:00:00
r3_compression_long_v1_broad_box3_atr60_range125_body035,r3_compression_long_v1_broad_box3_atr60_range125_body035,r3_compression_long_v1_broad_box3_atr60_range125_body035,r3_compression_long_v1_broad_box3_atr60_range125_body035,xau_r3_compression_long,80,r3_compression_long_v1,0,r3_compression_long_v1_broad_box3_atr60_range125_body035,2025-08-28 12:00:00,2025-08-28,2025-09-02 15:47:37,2025-09-02,LONG,130.49,1,0.01,C:\Users\ZHAO ZHU INFORMATION\Downloads\algo-trading-system\xau-usd\xauusd-phase1\outputs\reports\mt5_backtests\a1_momentum_variants_owner_goal_r3_compression_long_v1_exact_202207_202606_20260701\A1XauM5Momentum_OWNER_GOAL_R3_COMPRESSION_LONG_V1_EXACT_202207_202606_XAUUSD_M5_r3_compression_long_v1_broad_box3_atr60_range125_body035_trades.csv,180,same_direction_overlap_5m,h4_d1_long_best_box2_atr80,2025-08-28 12:00:00
r3_compression_long_v1_broad_box3_atr60_range125_body035,r3_compression_long_v1_broad_box3_atr60_range125_body035,r3_compression_long_v1_broad_box3_atr60_range125_body035,r3_compression_long_v1_broad_box3_atr60_range125_body035,xau_r3_compression_long,80,r3_compression_long_v1,0,r3_compression_long_v1_broad_box3_atr60_range125_body035,2025-08-28 16:00:00,2025-08-28,2025-09-02 18:29:05,2025-09-02,LONG,119.34,1,0.01,C:\Users\ZHAO ZHU INFORMATION\Downloads\algo-trading-system\xau-usd\xauusd-phase1\outputs\reports\mt5_backtests\a1_momentum_variants_owner_goal_r3_compression_long_v1_exact_202207_202606_20260701\A1XauM5Momentum_OWNER_GOAL_R3_COMPRESSION_LONG_V1_EXACT_202207_202606_XAUUSD_M5_r3_compression_long_v1_broad_box3_atr60_range125_body035_trades.csv,181,same_direction_overlap_5m,h4_d1_long_best_box2_atr80,2025-08-28 16:00:00
r3_compression_long_v1_broad_box3_atr60_range125_body035,r3_compression_long_v1_broad_box3_atr60_range125_body035,r3_compression_long_v1_broad_box3_atr60_range125_body035,r3_compression_long_v1_broad_box3_atr60_range125_body035,xau_r3_compression_long,80,r3_compression_long_v1,0,r3_compression_long_v1_broad_box3_atr60_range125_body035,2025-08-28 20:00:00,2025-08-28,2025-09-03 14:24:31,2025-09-03,LONG,141.73,1,0.01,C:\Users\ZHAO ZHU INFORMATION\Downloads\algo-trading-system\xau-usd\xauusd-phase1\outputs\reports\mt5_backtests\a1_momentum_variants_owner_goal_r3_compression_long_v1_exact_202207_202606_20260701\A1XauM5Momentum_OWNER_GOAL_R3_COMPRESSION_LONG_V1_EXACT_202207_202606_XAUUSD_M5_r3_compression_long_v1_broad_box3_atr60_range125_body035_trades.csv,182,same_direction_overlap_5m,h4_d1_long_best_box2_atr80,2025-08-28 20:00:00
r3_compression_long_v1_broad_box3_atr60_range125_body035,r3_compression_long_v1_broad_box3_atr60_range125_body035,r3_compression_long_v1_broad_box3_atr60_range125_body035,r3_compression_long_v1_broad_box3_atr60_range125_body035,xau_r3_compression_long,80,r3_compression_long_v1,0,r3_compression_long_v1_broad_box3_atr60_range125_body035,2025-08-29 16:00:00,2025-08-29,2025-09-08 13:46:30,2025-09-08,LONG,188.41,1,0.01,C:\Users\ZHAO ZHU INFORMATION\Downloads\algo-trading-system\xau-usd\xauusd-phase1\outputs\reports\mt5_backtests\a1_momentum_variants_owner_goal_r3_compression_long_v1_exact_202207_202606_20260701\A1XauM5Momentum_OWNER_GOAL_R3_COMPRESSION_LONG_V1_EXACT_202207_202606_XAUUSD_M5_r3_compression_long_v1_broad_box3_atr60_range125_body035_trades.csv,183,same_direction_overlap_5m,h4_d1_long_best_box2_atr80,2025-08-29 16:00:00
r3_compression_long_v1_broad_box3_atr60_range125_body035,r3_compression_long_v1_broad_box3_atr60_range125_body035,r3_compression_long_v1_broad_box3_atr60_range125_body035,r3_compression_long_v1_broad_box3_atr60_range125_body035,xau_r3_compression_long,80,r3_compression_long_v1,0,r3_compression_long_v1_broad_box3_atr60_range125_body035,2025-12-05 16:00:00,2025-12-05,2025-12-22 05:27:42,2025-12-22,LONG,160.61,1,0.01,C:\Users\ZHAO ZHU INFORMATION\Downloads\algo-trading-system\xau-usd\xauusd-phase1\outputs\reports\mt5_backtests\a1_momentum_variants_owner_goal_r3_compression_long_v1_exact_202207_202606_20260701\A1XauM5Momentum_OWNER_GOAL_R3_COMPRESSION_LONG_V1_EXACT_202207_202606_XAUUSD_M5_r3_compression_long_v1_broad_box3_atr60_range125_body035_trades.csv,202,same_direction_overlap_5m,h4_d1_long_best_box2_atr80,2025-12-05 16:00:00
r3_compression_long_v1_broad_box3_atr60_range125_body035,r3_compression_long_v1_broad_box3_atr60_range125_body035,r3_compression_long_v1_broad_box3_atr60_range125_body035,r3_compression_long_v1_broad_box3_atr60_range125_body035,xau_r3_compression_long,80,r3_compression_long_v1,0,r3_compression_long_v1_broad_box3_atr60_range125_body035,2025-12-11 16:00:00,2025-12-11,2025-12-22 14:17:41,2025-12-22,LONG,172.03,1,0.01,C:\Users\ZHAO ZHU INFORMATION\Downloads\algo-trading-system\xau-usd\xauusd-phase1\outputs\reports\mt5_backtests\a1_momentum_variants_owner_goal_r3_compression_long_v1_exact_202207_202606_20260701\A1XauM5Momentum_OWNER_GOAL_R3_COMPRESSION_LONG_V1_EXACT_202207_202606_XAUUSD_M5_r3_compression_long_v1_broad_box3_atr60_range125_body035_trades.csv,203,same_direction_overlap_5m,h4_d1_long_best_box2_atr80,2025-12-11 16:00:00
r3_compression_long_v1_broad_box3_atr60_range125_body035,r3_compression_long_v1_broad_box3_atr60_range125_body035,r3_compression_long_v1_broad_box3_atr60_range125_body035,r3_compression_long_v1_broad_box3_atr60_range125_body035,xau_r3_compression_long,80,r3_compression_long_v1,0,r3_compression_long_v1_broad_box3_atr60_range125_body035,2025-12-11 20:00:00,2025-12-11,2025-12-23 01:06:42,2025-12-23,LONG,206.99,1,0.01,C:\Users\ZHAO ZHU INFORMATION\Downloads\algo-trading-system\xau-usd\xauusd-phase1\outputs\reports\mt5_backtests\a1_momentum_variants_owner_goal_r3_compression_long_v1_exact_202207_202606_20260701\A1XauM5Momentum_OWNER_GOAL_R3_COMPRESSION_LONG_V1_EXACT_202207_202606_XAUUSD_M5_r3_compression_long_v1_broad_box3_atr60_range125_body035_trades.csv,204,same_direction_overlap_5m,h4_d1_long_best_box2_atr80,2025-12-11 20:00:00
r3_compression_long_v1_broad_box3_atr60_range125_body035,r3_compression_long_v1_broad_box3_atr60_range125_body035,r3_compression_long_v1_broad_box3_atr60_range125_body035,r3_compression_long_v1_broad_box3_atr60_range125_body035,xau_r3_compression_long,80,r3_compression_long_v1,0,r3_compression_long_v1_broad_box3_atr60_range125_body035,2025-12-12 08:00:00,2025-12-12,2025-12-24 01:23:35,2025-12-24,LONG,234.18,1,0.01,C:\Users\ZHAO ZHU INFORMATION\Downloads\algo-trading-system\xau-usd\xauusd-phase1\outputs\reports\mt5_backtests\a1_momentum_variants_owner_goal_r3_compression_long_v1_exact_202207_202606_20260701\A1XauM5Momentum_OWNER_GOAL_R3_COMPRESSION_LONG_V1_EXACT_202207_202606_XAUUSD_M5_r3_compression_long_v1_broad_box3_atr60_range125_body035_trades.csv,205,same_direction_overlap_5m,h4_d1_long_best_box2_atr80,2025-12-12 08:00:00
r3_compression_long_v1_broad_box3_atr60_range125_body035,r3_compression_long_v1_broad_box3_atr60_range125_body035,r3_compression_long_v1_broad_box3_atr60_range125_body035,r3_compression_long_v1_broad_box3_atr60_range125_body035,xau_r3_compression_long,80,r3_compression_long_v1,0,r3_compression_long_v1_broad_box3_atr60_range125_body035,2025-12-12 12:00:00,2025-12-12,2025-12-29 15:22:30,2025-12-29,LONG,-177.45,1,0.01,C:\Users\ZHAO ZHU INFORMATION\Downloads\algo-trading-system\xau-usd\xauusd-phase1\outputs\reports\mt5_backtests\a1_momentum_variants_owner_goal_r3_compression_long_v1_exact_202207_202606_20260701\A1XauM5Momentum_OWNER_GOAL_R3_COMPRESSION_LONG_V1_EXACT_202207_202606_XAUUSD_M5_r3_compression_long_v1_broad_box3_atr60_range125_body035_trades.csv,206,same_direction_overlap_5m,h4_d1_long_best_box2_atr80,2025-12-12 12:00:00
r3_compression_long_v1_broad_box3_atr60_range125_body035,r3_compression_long_v1_broad_box3_atr60_range125_body035,r3_compression_long_v1_broad_box3_atr60_range125_body035,r3_compression_long_v1_broad_box3_atr60_range125_body035,xau_r3_compression_long,80,r3_compression_long_v1,0,r3_compression_long_v1_broad_box3_atr60_range125_body035,2025-12-22 04:00:00,2025-12-22,2025-12-29 15:22:30,2025-12-29,LONG,-184.15,1,0.01,C:\Users\ZHAO ZHU INFORMATION\Downloads\algo-trading-system\xau-usd\xauusd-phase1\outputs\reports\mt5_backtests\a1_momentum_variants_owner_goal_r3_compression_long_v1_exact_202207_202606_20260701\A1XauM5Momentum_OWNER_GOAL_R3_COMPRESSION_LONG_V1_EXACT_202207_202606_XAUUSD_M5_r3_compression_long_v1_broad_box3_atr60_range125_body035_trades.csv,207,same_direction_overlap_5m,h4_d1_long_best_box2_atr80,2025-12-22 04:00:00
r3_compression_long_v1_broad_box3_atr60_range125_body035,r3_compression_long_v1_broad_box3_atr60_range125_body035,r3_compression_long_v1_broad_box3_atr60_range125_body035,r3_compression_long_v1_broad_box3_atr60_range125_body035,xau_r3_compression_long,80,r3_compression_long_v1,0,r3_compression_long_v1_broad_box3_atr60_range125_body035,2025-12-22 08:00:00,2025-12-22,2025-12-29 15:22:30,2025-12-29,LONG,-181.52,1,0.01,C:\Users\ZHAO ZHU INFORMATION\Downloads\algo-trading-system\xau-usd\xauusd-phase1\outputs\reports\mt5_backtests\a1_momentum_variants_owner_goal_r3_compression_long_v1_exact_202207_202606_20260701\A1XauM5Momentum_OWNER_GOAL_R3_COMPRESSION_LONG_V1_EXACT_202207_202606_XAUUSD_M5_r3_compression_long_v1_broad_box3_atr60_range125_body035_trades.csv,208,same_direction_overlap_5m,h4_d1_long_best_box2_atr80,2025-12-22 08:00:00
r3_compression_long_v1_broad_box3_atr60_range125_body035,r3_compression_long_v1_broad_box3_atr60_range125_body035,r3_compression_long_v1_broad_box3_atr60_range125_body035,r3_compression_long_v1_broad_box3_atr60_range125_body035,xau_r3_compression_long,80,r3_compression_long_v1,0,r3_compression_long_v1_broad_box3_atr60_range125_body035,2025-12-22 16:00:00,2025-12-22,2025-12-29 15:22:31,2025-12-29,LONG,-84.01,1,0.01,C:\Users\ZHAO ZHU INFORMATION\Downloads\algo-trading-system\xau-usd\xauusd-phase1\outputs\reports\mt5_backtests\a1_momentum_variants_owner_goal_r3_compression_long_v1_exact_202207_202606_20260701\A1XauM5Momentum_OWNER_GOAL_R3_COMPRESSION_LONG_V1_EXACT_202207_202606_XAUUSD_M5_r3_compression_long_v1_broad_box3_atr60_range125_body035_trades.csv,209,same_direction_overlap_5m,h4_d1_long_best_box2_atr80,2025-12-22 16:00:00
r3_compression_long_v1_broad_box3_atr60_range125_body035,r3_compression_long_v1_broad_box3_atr60_range125_body035,r3_compression_long_v1_broad_box3_atr60_range125_body035,r3_compression_long_v1_broad_box3_atr60_range125_body035,xau_r3_compression_long,80,r3_compression_long_v1,0,r3_compression_long_v1_broad_box3_atr60_range125_body035,2025-12-23 04:00:00,2025-12-23,2025-12-29 15:22:31,2025-12-29,LONG,-123.21,1,0.01,C:\Users\ZHAO ZHU INFORMATION\Downloads\algo-trading-system\xau-usd\xauusd-phase1\outputs\reports\mt5_backtests\a1_momentum_variants_owner_goal_r3_compression_long_v1_exact_202207_202606_20260701\A1XauM5Momentum_OWNER_GOAL_R3_COMPRESSION_LONG_V1_EXACT_202207_202606_XAUUSD_M5_r3_compression_long_v1_broad_box3_atr60_range125_body035_trades.csv,210,same_direction_overlap_5m,h4_d1_long_best_box2_atr80,2025-12-23 04:00:00
r3_compression_long_v1_broad_box3_atr60_range125_body035,r3_compression_long_v1_broad_box3_atr60_range125_body035,r3_compression_long_v1_broad_box3_atr60_range125_body035,r3_compression_long_v1_broad_box3_atr60_range125_body035,xau_r3_compression_long,80,r3_compression_long_v1,0,r3_compression_long_v1_broad_box3_atr60_range125_body035,2025-12-23 12:00:00,2025-12-23,2025-12-29 15:22:31,2025-12-29,LONG,-105.75,1,0.01,C:\Users\ZHAO ZHU INFORMATION\Downloads\algo-trading-system\xau-usd\xauusd-phase1\outputs\reports\mt5_backtests\a1_momentum_variants_owner_goal_r3_compression_long_v1_exact_202207_202606_20260701\A1XauM5Momentum_OWNER_GOAL_R3_COMPRESSION_LONG_V1_EXACT_202207_202606_XAUUSD_M5_r3_compression_long_v1_broad_box3_atr60_range125_body035_trades.csv,211,same_direction_overlap_5m,h4_d1_long_best_box2_atr80,2025-12-23 12:00:00
r3_compression_long_v1_broad_box3_atr60_range125_body035,r3_compression_long_v1_broad_box3_atr60_range125_body035,r3_compression_long_v1_broad_box3_atr60_range125_body035,r3_compression_long_v1_broad_box3_atr60_range125_body035,xau_r3_compression_long,80,r3_compression_long_v1,0,r3_compression_long_v1_broad_box3_atr60_range125_body035,2025-12-23 20:00:00,2025-12-23,2026-01-18 23:16:42,2026-01-18,LONG,332.64,1,0.01,C:\Users\ZHAO ZHU INFORMATION\Downloads\algo-trading-system\xau-usd\xauusd-phase1\outputs\reports\mt5_backtests\a1_momentum_variants_owner_goal_r3_compression_long_v1_exact_202207_202606_20260701\A1XauM5Momentum_OWNER_GOAL_R3_COMPRESSION_LONG_V1_EXACT_202207_202606_XAUUSD_M5_r3_compression_long_v1_broad_box3_atr60_range125_body035_trades.csv,212,same_direction_overlap_5m,h4_d1_long_best_box2_atr80,2025-12-23 20:00:00
r3_compression_long_v1_broad_box3_atr60_range125_body035,r3_compression_long_v1_broad_box3_atr60_range125_body035,r3_compression_long_v1_broad_box3_atr60_range125_body035,r3_compression_long_v1_broad_box3_atr60_range125_body035,xau_r3_compression_long,80,r3_compression_long_v1,0,r3_compression_long_v1_broad_box3_atr60_range125_body035,2026-01-20 08:00:00,2026-01-20,2026-01-26 01:31:40,2026-01-26,LONG,358.86,1,0.01,C:\Users\ZHAO ZHU INFORMATION\Downloads\algo-trading-system\xau-usd\xauusd-phase1\outputs\reports\mt5_backtests\a1_momentum_variants_owner_goal_r3_compression_long_v1_exact_202207_202606_20260701\A1XauM5Momentum_OWNER_GOAL_R3_COMPRESSION_LONG_V1_EXACT_202207_202606_XAUUSD_M5_r3_compression_long_v1_broad_box3_atr60_range125_body035_trades.csv,213,same_direction_overlap_5m,h4_d1_long_best_box2_atr80,2026-01-20 08:00:00
r3_compression_long_v1_broad_box3_atr60_range125_body035,r3_compression_long_v1_broad_box3_atr60_range125_body035,r3_compression_long_v1_broad_box3_atr60_range125_body035,r3_compression_long_v1_broad_box3_atr60_range125_body035,xau_r3_compression_long,80,r3_compression_long_v1,0,r3_compression_long_v1_broad_box3_atr60_range125_body035,2026-01-20 12:00:00,2026-01-20,2026-01-27 20:09:41,2026-01-27,LONG,392.71,1,0.01,C:\Users\ZHAO ZHU INFORMATION\Downloads\algo-trading-system\xau-usd\xauusd-phase1\outputs\reports\mt5_backtests\a1_momentum_variants_owner_goal_r3_compression_long_v1_exact_202207_202606_20260701\A1XauM5Momentum_OWNER_GOAL_R3_COMPRESSION_LONG_V1_EXACT_202207_202606_XAUUSD_M5_r3_compression_long_v1_broad_box3_atr60_range125_body035_trades.csv,214,same_direction_overlap_5m,h4_d1_long_best_box2_atr80,2026-01-20 12:00:00
r3_compression_long_v1_broad_box3_atr60_range125_body035,r3_compression_long_v1_broad_box3_atr60_range125_body035,r3_compression_long_v1_broad_box3_atr60_range125_body035,r3_compression_long_v1_broad_box3_atr60_range125_body035,xau_r3_compression_long,80,r3_compression_long_v1,0,r3_compression_long_v1_broad_box3_atr60_range125_body035,2026-01-20 20:00:00,2026-01-20,2026-01-28 01:41:38,2026-01-28,LONG,448.06,1,0.01,C:\Users\ZHAO ZHU INFORMATION\Downloads\algo-trading-system\xau-usd\xauusd-phase1\outputs\reports\mt5_backtests\a1_momentum_variants_owner_goal_r3_compression_long_v1_exact_202207_202606_20260701\A1XauM5Momentum_OWNER_GOAL_R3_COMPRESSION_LONG_V1_EXACT_202207_202606_XAUUSD_M5_r3_compression_long_v1_broad_box3_atr60_range125_body035_trades.csv,215,same_direction_overlap_5m,h4_d1_long_best_box2_atr80,2026-01-20 20:00:00
