trade_id,expert,cell_id,symbol,broker,cost_model,entry_time_utc,exit_time_utc,direction,entry_price,stop_loss,take_profit,exit_price,net_pnl,r_multiple,setup_reason_code,chart_context_start_utc,chart_context_end_utc,manual_failure_class,manual_notes,reviewer,reviewed_at_utc
session_extreme_retest_v0-cell1-194,session_extreme_retest_v0,1,XAUUSD,capital_com,best_case,2016-04-18T18:20:00+00:00,2016-04-18T19:30:00+00:00,SHORT,1232.83,1233.6416994184572,1231.6124508723142,1233.6416994184572,-63.31255463966454,-0.9960015242971196,stop_triggered,2016-04-18T14:20:00+00:00,2016-04-18T20:30:00+00:00,,,,
session_extreme_retest_v0-cell1-197,session_extreme_retest_v0,1,XAUUSD,capital_com,best_case,2016-04-20T19:00:00+00:00,2016-04-20T19:05:00+00:00,LONG,1250.52,1249.778795194654,1251.6318072080192,1249.778795194654,-63.002408454419765,-0.9936390155954654,stop_triggered,2016-04-20T15:00:00+00:00,2016-04-20T20:05:00+00:00,,,,
session_extreme_retest_v0-cell1-210,session_extreme_retest_v0,1,XAUUSD,capital_com,best_case,2016-04-26T12:50:00+00:00,2016-04-26T13:10:00+00:00,SHORT,1234.25,1235.2189577208674,1232.796563418699,1235.2189577208674,-63.951209577246125,-0.9987119683321884,stop_triggered,2016-04-26T08:50:00+00:00,2016-04-26T14:10:00+00:00,,,,
session_extreme_retest_v0-cell1-612,session_extreme_retest_v0,1,XAUUSD,capital_com,best_case,2016-10-21T20:25:00+00:00,2016-10-24T01:10:00+00:00,LONG,1266.68,1264.6624204718466,1269.7063692922302,1264.6624204718466,-96.84381735136412,-0.996516097014926,stop_triggered,2016-10-21T16:25:00+00:00,2016-10-24T02:10:00+00:00,,,,
session_extreme_retest_v0-cell1-1058,session_extreme_retest_v0,1,XAUUSD,capital_com,best_case,2017-04-19T18:00:00+00:00,2017-04-19T18:05:00+00:00,SHORT,1280.3,1281.0239188421924,1279.2141217367111,1281.0239188421924,-167.22525254645848,-0.9958337789370332,stop_triggered,2017-04-19T14:00:00+00:00,2017-04-19T19:05:00+00:00,,,,
session_extreme_retest_v0-cell1-1390,session_extreme_retest_v0,1,XAUUSD,capital_com,best_case,2017-10-02T09:30:00+00:00,2017-10-02T10:20:00+00:00,SHORT,1273.25,1273.8630265723627,1272.330460141456,1273.8630265723627,-217.01140661641057,-0.9991672202809758,stop_triggered,2017-10-02T05:30:00+00:00,2017-10-02T11:20:00+00:00,,,,
session_extreme_retest_v0-cell1-1870,session_extreme_retest_v0,1,XAUUSD,capital_com,best_case,2018-06-11T15:40:00+00:00,2018-06-11T15:55:00+00:00,LONG,1301.51,1301.020562684051,1302.244155973924,1301.020562684051,-465.9443247837498,-0.9989681312450792,stop_triggered,2018-06-11T11:40:00+00:00,2018-06-11T16:55:00+00:00,,,,
session_extreme_retest_v0-cell1-2068,session_extreme_retest_v0,1,XAUUSD,capital_com,best_case,2018-09-17T23:55:00+00:00,2018-09-18T01:10:00+00:00,LONG,1198.67,1198.037592230452,1199.6186116543222,1198.037592230452,-609.6410898443501,-0.9994672117199116,stop_triggered,2018-09-17T19:55:00+00:00,2018-09-18T02:10:00+00:00,,,,
session_extreme_retest_v0-cell1-2187,session_extreme_retest_v0,1,XAUUSD,capital_com,best_case,2018-11-13T15:25:00+00:00,2018-11-13T15:35:00+00:00,LONG,1204.13,1203.2769895060778,1205.4095157408829,1203.2769895060778,-746.3841821817994,-0.999497198862839,stop_triggered,2018-11-13T11:25:00+00:00,2018-11-13T16:35:00+00:00,,,,
session_extreme_retest_v0-cell2-95,session_extreme_retest_v0,2,XAUUSD,capital_com,median,2016-02-23T14:40:00+00:00,2016-02-23T15:50:00+00:00,LONG,1223.97,1221.355619740748,1227.891570388878,1221.355619740748,-57.51636570354185,-0.9768523953465668,stop_triggered,2016-02-23T10:40:00+00:00,2016-02-23T16:50:00+00:00,,,,
session_extreme_retest_v0-cell2-130,session_extreme_retest_v0,2,XAUUSD,capital_com,median,2016-03-11T13:10:00+00:00,2016-03-11T13:25:00+00:00,SHORT,1265.84,1268.59085942814,1261.71371085779,1268.59085942814,-60.51890741908165,-0.9796631363294408,stop_triggered,2016-03-11T09:10:00+00:00,2016-03-11T14:25:00+00:00,,,,
session_extreme_retest_v0-cell2-284,session_extreme_retest_v0,2,XAUUSD,capital_com,median,2016-05-20T14:30:00+00:00,2016-05-23T00:35:00+00:00,SHORT,1251.18,1253.650769045481,1247.4738464317788,1253.650769045481,-61.76922613702232,-0.985162590381057,stop_triggered,2016-05-20T10:30:00+00:00,2016-05-23T01:35:00+00:00,,,,
session_extreme_retest_v0-cell2-793,session_extreme_retest_v0,2,XAUUSD,capital_com,median,2017-01-04T22:15:00+00:00,2017-01-04T22:45:00+00:00,LONG,1163.51,1162.9741682699153,1164.313747595127,1162.9741682699153,-113.0604950478796,-0.9982805649058608,stop_triggered,2017-01-04T18:15:00+00:00,2017-01-04T23:45:00+00:00,,,,
session_extreme_retest_v0-cell2-978,session_extreme_retest_v0,2,XAUUSD,capital_com,median,2017-03-13T17:05:00+00:00,2017-03-13T17:25:00+00:00,SHORT,1203.58,1204.3594815166284,1202.4107777250572,1204.3594815166284,-151.9988957425562,-0.9986721886932078,stop_triggered,2017-03-13T13:05:00+00:00,2017-03-13T18:25:00+00:00,,,,
session_extreme_retest_v0-cell2-983,session_extreme_retest_v0,2,XAUUSD,capital_com,median,2017-03-14T18:10:00+00:00,2017-03-15T03:35:00+00:00,SHORT,1197.89,1201.6993656615168,1192.1759515077251,1201.6993656615168,-148.56526079915216,-0.9762076191894218,stop_triggered,2017-03-14T14:10:00+00:00,2017-03-15T04:35:00+00:00,,,,
session_extreme_retest_v0-cell2-1177,session_extreme_retest_v0,2,XAUUSD,capital_com,median,2017-06-19T08:50:00+00:00,2017-06-19T09:05:00+00:00,SHORT,1250.72,1251.091287675035,1250.163068487448,1251.091287675035,-195.29731706821892,-0.9992241849412516,stop_triggered,2017-06-19T04:50:00+00:00,2017-06-19T10:05:00+00:00,,,,
session_extreme_retest_v0-cell2-1199,session_extreme_retest_v0,2,XAUUSD,capital_com,median,2017-06-28T17:15:00+00:00,2017-06-28T17:45:00+00:00,SHORT,1248.91,1249.604797863615,1247.8678032045775,1249.604797863615,-195.23819967578535,-0.9968224869888712,stop_triggered,2017-06-28T13:15:00+00:00,2017-06-28T18:45:00+00:00,,,,
session_extreme_retest_v0-cell2-2211,session_extreme_retest_v0,2,XAUUSD,capital_com,median,2018-11-19T23:45:00+00:00,2018-11-19T23:55:00+00:00,LONG,1223.54,1222.87465286338,1224.5380207049302,1222.87465286338,-749.8462229708355,-0.9995703203956852,stop_triggered,2018-11-19T19:45:00+00:00,2018-11-20T00:55:00+00:00,,,,
session_extreme_retest_v0-cell3-239,session_extreme_retest_v0,3,XAUUSD,capital_com,p95,2016-05-06T00:00:00+00:00,2016-05-06T00:05:00+00:00,SHORT,1276.36,1277.4138040763703,1274.8292938854447,1277.4338040763705,-63.35444050583896,-1.008450062997578,stop_triggered,2016-05-05T20:00:00+00:00,2016-05-06T01:05:00+00:00,,,,
session_extreme_retest_v0-cell3-669,session_extreme_retest_v0,3,XAUUSD,capital_com,p95,2016-11-16T13:05:00+00:00,2016-11-16T13:25:00+00:00,SHORT,1227.01,1228.982337844463,1224.1014932333055,1229.002337844463,-87.66286515637239,-0.9890216236425908,stop_triggered,2016-11-16T09:05:00+00:00,2016-11-16T14:25:00+00:00,,,,
session_extreme_retest_v0-cell3-684,session_extreme_retest_v0,3,XAUUSD,capital_com,p95,2016-11-21T07:25:00+00:00,2016-11-21T07:45:00+00:00,LONG,1214.5,1213.7841305787,1215.5238041319503,1213.7641305787,-89.77606939861153,-1.027885220660917,stop_triggered,2016-11-21T03:25:00+00:00,2016-11-21T08:45:00+00:00,,,,
session_extreme_retest_v0-cell3-816,session_extreme_retest_v0,3,XAUUSD,capital_com,p95,2017-01-11T18:55:00+00:00,2017-01-11T19:20:00+00:00,LONG,1191.32,1189.874860460111,1193.4377093098333,1189.854860460111,-98.16434917255788,-0.9990588448133524,stop_triggered,2017-01-11T14:55:00+00:00,2017-01-11T20:20:00+00:00,,,,
session_extreme_retest_v0-cell3-894,session_extreme_retest_v0,3,XAUUSD,capital_com,p95,2017-02-09T08:30:00+00:00,2017-02-09T09:05:00+00:00,LONG,1242.89,1242.049966938719,1244.100049591921,1242.029966938719,-116.10446327290448,-1.0176839013878722,stop_triggered,2017-02-09T04:30:00+00:00,2017-02-09T10:05:00+00:00,,,,
session_extreme_retest_v0-cell3-1357,session_extreme_retest_v0,3,XAUUSD,capital_com,p95,2017-09-15T15:30:00+00:00,2017-09-15T15:45:00+00:00,SHORT,1321.7,1322.7322765490535,1320.20158517642,1322.7522765490537,-148.3709934165338,-1.017908993128323,stop_triggered,2017-09-15T11:30:00+00:00,2017-09-15T16:45:00+00:00,,,,
session_extreme_retest_v0-cell3-1477,session_extreme_retest_v0,3,XAUUSD,capital_com,p95,2017-11-09T20:50:00+00:00,2017-11-09T20:55:00+00:00,LONG,1285.14,1284.874716801789,1285.4879247973165,1284.854716801789,-185.43407883707917,-1.0746494419061046,stop_triggered,2017-11-09T16:50:00+00:00,2017-11-09T21:55:00+00:00,,,,
session_extreme_retest_v0-cell3-1719,session_extreme_retest_v0,3,XAUUSD,capital_com,p95,2018-04-04T18:50:00+00:00,2018-04-04T22:25:00+00:00,SHORT,1333.54,1334.3761452367432,1332.335782144885,1334.3961452367432,-242.2891019983424,-1.0226765798476338,stop_triggered,2018-04-04T14:50:00+00:00,2018-04-04T23:25:00+00:00,,,,
session_extreme_retest_v0-cell4-381,session_extreme_retest_v0,4,XAUUSD,pepperstone,best_case,2019-05-20T09:45:00+00:00,2019-05-20T09:50:00+00:00,SHORT,1275.62,1276.0851487026137,1274.9222769460798,1276.0851487026137,-79.54042814691411,-0.9996755009896028,stop_triggered,2019-05-20T05:45:00+00:00,2019-05-20T10:50:00+00:00,,,,
session_extreme_retest_v0-cell4-475,session_extreme_retest_v0,4,XAUUSD,pepperstone,best_case,2019-06-24T16:55:00+00:00,2019-06-24T17:00:00+00:00,LONG,1407.11,1405.8400056154017,1409.0149915768973,1405.8400056154017,-83.81962938348443,-0.9866000444259724,stop_triggered,2019-06-24T12:55:00+00:00,2019-06-24T18:00:00+00:00,,,,
session_extreme_retest_v0-cell4-876,session_extreme_retest_v0,4,XAUUSD,pepperstone,best_case,2019-11-22T19:25:00+00:00,2019-11-22T19:35:00+00:00,SHORT,1463.0,1463.8289835423698,1461.7565246864451,1463.8289835423698,-137.61126803338175,-0.9973999145088548,stop_triggered,2019-11-22T15:25:00+00:00,2019-11-22T20:35:00+00:00,,,,
session_extreme_retest_v0-cell4-1165,session_extreme_retest_v0,4,XAUUSD,pepperstone,best_case,2020-03-05T02:00:00+00:00,2020-03-05T02:35:00+00:00,SHORT,1637.32,1638.7424519004433,1635.186322149335,1638.7424519004433,-159.31461284965192,-0.9951419151046264,stop_triggered,2020-03-04T22:00:00+00:00,2020-03-05T03:35:00+00:00,,,,
session_extreme_retest_v0-cell4-1824,session_extreme_retest_v0,4,XAUUSD,pepperstone,best_case,2020-10-29T17:35:00+00:00,2020-10-29T17:45:00+00:00,SHORT,1873.25,1876.3629539459844,1868.5805690810237,1876.3629539459844,-252.1492696247342,-0.9906435440543584,stop_triggered,2020-10-29T13:35:00+00:00,2020-10-29T18:45:00+00:00,,,,
session_extreme_retest_v0-cell4-1849,session_extreme_retest_v0,4,XAUUSD,pepperstone,best_case,2020-11-10T18:05:00+00:00,2020-11-10T20:25:00+00:00,LONG,1882.84,1878.7917665054329,1888.9123502418508,1878.7917665054329,-255.03871015773893,-0.989978675813863,stop_triggered,2020-11-10T14:05:00+00:00,2020-11-10T21:25:00+00:00,,,,
session_extreme_retest_v0-cell4-2042,session_extreme_retest_v0,4,XAUUSD,pepperstone,best_case,2021-02-09T15:30:00+00:00,2021-02-09T16:40:00+00:00,LONG,1843.42,1838.875738429116,1850.2363923563264,1838.875738429116,-304.465525249253,-0.9865663691497842,stop_triggered,2021-02-09T11:30:00+00:00,2021-02-09T17:40:00+00:00,,,,
session_extreme_retest_v0-cell4-2544,session_extreme_retest_v0,4,XAUUSD,pepperstone,best_case,2021-08-20T08:45:00+00:00,2021-08-20T11:35:00+00:00,LONG,1786.06,1783.9626687836592,1789.2059968245112,1783.9626687836592,-622.9073712532066,-0.9993523905247363,stop_triggered,2021-08-20T04:45:00+00:00,2021-08-20T12:35:00+00:00,,,,
session_extreme_retest_v0-cell4-2610,session_extreme_retest_v0,4,XAUUSD,pepperstone,best_case,2021-09-15T10:30:00+00:00,2021-09-15T10:40:00+00:00,SHORT,1800.46,1801.664310856999,1798.6535337145017,1801.664310856999,-650.3278627794452,-0.9986680733370632,stop_triggered,2021-09-15T06:30:00+00:00,2021-09-15T11:40:00+00:00,,,,
session_extreme_retest_v0-cell4-2885,session_extreme_retest_v0,4,XAUUSD,pepperstone,best_case,2021-12-28T16:40:00+00:00,2021-12-28T17:55:00+00:00,LONG,1813.52,1811.444569842064,1816.6331452369045,1811.444569842064,-1064.695671021349,-0.9980766318824954,stop_triggered,2021-12-28T12:40:00+00:00,2021-12-28T18:55:00+00:00,,,,
session_extreme_retest_v0-cell5-460,session_extreme_retest_v0,5,XAUUSD,pepperstone,median,2019-06-14T16:45:00+00:00,2019-06-14T17:30:00+00:00,LONG,1349.73,1346.765771673251,1354.1763424901235,1346.765771673251,-80.03416482222248,-0.9774253765726144,stop_triggered,2019-06-14T12:45:00+00:00,2019-06-14T18:30:00+00:00,,,,
session_extreme_retest_v0-cell5-810,session_extreme_retest_v0,5,XAUUSD,pepperstone,median,2019-11-07T15:25:00+00:00,2019-11-07T15:30:00+00:00,SHORT,1484.01,1485.462753249205,1481.8308701261926,1485.462753249205,-133.65329892685895,-0.9994341493138746,stop_triggered,2019-11-07T11:25:00+00:00,2019-11-07T16:30:00+00:00,,,,
session_extreme_retest_v0-cell5-836,session_extreme_retest_v0,5,XAUUSD,pepperstone,median,2019-11-15T16:45:00+00:00,2019-11-15T17:05:00+00:00,SHORT,1465.36,1466.357560642639,1463.863659036041,1466.357560642639,-134.67068675629207,-0.9999087707959,stop_triggered,2019-11-15T12:45:00+00:00,2019-11-15T18:05:00+00:00,,,,
session_extreme_retest_v0-cell5-994,session_extreme_retest_v0,5,XAUUSD,pepperstone,median,2019-12-30T21:25:00+00:00,2019-12-30T21:35:00+00:00,LONG,1515.53,1515.2163346543823,1516.0004980184265,1515.2163346543823,-133.93510257874274,-0.9999419397927064,stop_triggered,2019-12-30T17:25:00+00:00,2019-12-30T22:35:00+00:00,,,,
session_extreme_retest_v0-cell5-1264,session_extreme_retest_v0,5,XAUUSD,pepperstone,median,2020-04-15T22:00:00+00:00,2020-04-15T22:05:00+00:00,SHORT,1718.31,1720.4247120335765,1715.137931949635,1720.4247120335765,-160.71811455181796,-0.9892762919987989,stop_triggered,2020-04-15T18:00:00+00:00,2020-04-15T23:05:00+00:00,,,,
session_extreme_retest_v0-cell5-1368,session_extreme_retest_v0,5,XAUUSD,pepperstone,median,2020-05-26T15:50:00+00:00,2020-05-26T16:30:00+00:00,SHORT,1725.83,1728.204800643725,1722.2677990344118,1728.204800643725,-163.86124441705215,-0.9931300384938352,stop_triggered,2020-05-26T11:50:00+00:00,2020-05-26T17:30:00+00:00,,,,
session_extreme_retest_v0-cell5-1674,session_extreme_retest_v0,5,XAUUSD,pepperstone,median,2020-09-10T23:05:00+00:00,2020-09-10T23:35:00+00:00,SHORT,1942.46,1944.681217501266,1939.128173748101,1944.681217501266,-248.7763601417901,-0.9995373687510084,stop_triggered,2020-09-10T19:05:00+00:00,2020-09-11T00:35:00+00:00,,,,
session_extreme_retest_v0-cell5-1690,session_extreme_retest_v0,5,XAUUSD,pepperstone,median,2020-09-16T16:10:00+00:00,2020-09-16T16:45:00+00:00,LONG,1970.04,1965.663422153609,1976.6048667695864,1965.663422153609,-245.08835939789608,-0.9898684371733332,stop_triggered,2020-09-16T12:10:00+00:00,2020-09-16T17:45:00+00:00,,,,
session_extreme_retest_v0-cell5-1697,session_extreme_retest_v0,5,XAUUSD,pepperstone,median,2020-09-17T16:35:00+00:00,2020-09-17T16:40:00+00:00,SHORT,1936.31,1939.388987520451,1931.691518719323,1939.388987520451,-240.16102659519083,-0.991977396244918,stop_triggered,2020-09-17T12:35:00+00:00,2020-09-17T17:40:00+00:00,,,,
session_extreme_retest_v0-cell5-1702,session_extreme_retest_v0,5,XAUUSD,pepperstone,median,2020-09-22T14:10:00+00:00,2020-09-22T14:25:00+00:00,SHORT,1904.85,1907.3715074686004,1901.067738797099,1907.3715074686004,-237.0217020484447,-0.9912639297898388,stop_triggered,2020-09-22T10:10:00+00:00,2020-09-22T15:25:00+00:00,,,,
session_extreme_retest_v0-cell5-1961,session_extreme_retest_v0,5,XAUUSD,pepperstone,median,2021-01-07T16:45:00+00:00,2021-01-07T17:05:00+00:00,SHORT,1909.77,1916.5859434905133,1899.54608476423,1916.5859434905133,-306.7174570730981,-0.9996241851868124,stop_triggered,2021-01-07T12:45:00+00:00,2021-01-07T18:05:00+00:00,,,,
session_extreme_retest_v0-cell5-2233,session_extreme_retest_v0,5,XAUUSD,pepperstone,median,2021-05-03T08:55:00+00:00,2021-05-03T09:05:00+00:00,LONG,1774.1,1773.4572157904672,1775.064176314299,1773.4572157904672,-406.8824046341942,-0.9990647999801376,stop_triggered,2021-05-03T04:55:00+00:00,2021-05-03T10:05:00+00:00,,,,
session_extreme_retest_v0-cell5-2363,session_extreme_retest_v0,5,XAUUSD,pepperstone,median,2021-06-23T14:50:00+00:00,2021-06-23T14:55:00+00:00,LONG,1783.82,1782.5129644151727,1785.7805533772407,1782.5129644151727,-483.6031663860604,-0.999690431618535,stop_triggered,2021-06-23T10:50:00+00:00,2021-06-23T15:55:00+00:00,,,,
session_extreme_retest_v0-cell5-2437,session_extreme_retest_v0,5,XAUUSD,pepperstone,median,2021-07-14T10:35:00+00:00,2021-07-14T11:05:00+00:00,LONG,1812.95,1811.5676696249309,1815.023495562604,1811.5676696249309,-503.1682565252568,-0.998306815941551,stop_triggered,2021-07-14T06:35:00+00:00,2021-07-14T12:05:00+00:00,,,,
session_extreme_retest_v0-cell6-346,session_extreme_retest_v0,6,XAUUSD,pepperstone,p95,2019-05-08T16:30:00+00:00,2019-05-08T16:35:00+00:00,LONG,1287.4,1286.497893476246,1288.7031597856308,1286.477893476246,-68.2358827577873,-1.0100129538921614,stop_triggered,2019-05-08T12:30:00+00:00,2019-05-08T17:35:00+00:00,,,,
session_extreme_retest_v0-cell6-353,session_extreme_retest_v0,6,XAUUSD,pepperstone,p95,2019-05-10T15:20:00+00:00,2019-05-10T15:25:00+00:00,LONG,1286.17,1284.9752025164985,1287.912196225253,1284.9552025164985,-65.59906410909707,-1.0066131232467883,stop_triggered,2019-05-10T11:20:00+00:00,2019-05-10T16:25:00+00:00,,,,
session_extreme_retest_v0-cell6-511,session_extreme_retest_v0,6,XAUUSD,pepperstone,p95,2019-07-05T13:10:00+00:00,2019-07-05T14:00:00+00:00,SHORT,1413.95,1414.6126987974542,1413.0059518038188,1414.6326987974542,-73.73147012504523,-1.0291661608580938,stop_triggered,2019-07-05T09:10:00+00:00,2019-07-05T15:00:00+00:00,,,,
session_extreme_retest_v0-cell6-577,session_extreme_retest_v0,6,XAUUSD,pepperstone,p95,2019-07-30T16:05:00+00:00,2019-07-30T17:05:00+00:00,LONG,1428.1,1425.9625928846417,1431.2561106730377,1425.9425928846415,-81.98147038361958,-0.9969755380061972,stop_triggered,2019-07-30T12:05:00+00:00,2019-07-30T18:05:00+00:00,,,,
session_extreme_retest_v0-cell6-850,session_extreme_retest_v0,6,XAUUSD,pepperstone,p95,2019-11-20T08:05:00+00:00,2019-11-20T08:10:00+00:00,LONG,1475.67,1475.1629768079256,1476.3805347881118,1475.1429768079256,-110.67487033563796,-1.035690837019786,stop_triggered,2019-11-20T04:05:00+00:00,2019-11-20T09:10:00+00:00,,,,
session_extreme_retest_v0-cell6-1678,session_extreme_retest_v0,6,XAUUSD,pepperstone,p95,2020-09-11T17:20:00+00:00,2020-09-11T19:45:00+00:00,LONG,1950.69,1946.434437964162,1957.023343053757,1946.414437964162,-166.74691939768172,-0.9859509325177817,stop_triggered,2020-09-11T13:20:00+00:00,2020-09-11T20:45:00+00:00,,,,
session_extreme_retest_v0-cell6-1732,session_extreme_retest_v0,6,XAUUSD,pepperstone,p95,2020-09-29T15:20:00+00:00,2020-09-29T15:25:00+00:00,LONG,1885.5,1884.3639414824804,1887.1540877762795,1884.3439414824804,-166.47242652281784,-1.0107883713094736,stop_triggered,2020-09-29T11:20:00+00:00,2020-09-29T16:25:00+00:00,,,,
session_extreme_retest_v0-cell6-1749,session_extreme_retest_v0,6,XAUUSD,pepperstone,p95,2020-10-02T15:45:00+00:00,2020-10-02T16:15:00+00:00,LONG,1908.77,1905.822696290751,1913.1409555638731,1905.802696290751,-172.1036151364351,-0.9946612628903616,stop_triggered,2020-10-02T11:45:00+00:00,2020-10-02T17:15:00+00:00,,,,
session_extreme_retest_v0-cell6-2064,session_extreme_retest_v0,6,XAUUSD,pepperstone,p95,2021-02-18T11:50:00+00:00,2021-02-18T12:15:00+00:00,LONG,1787.16,1785.4569423561409,1789.664586465789,1785.436942356141,-213.65914783853987,-1.0092422494455993,stop_triggered,2021-02-18T07:50:00+00:00,2021-02-18T13:15:00+00:00,,,,
session_extreme_retest_v0-cell6-2193,session_extreme_retest_v0,6,XAUUSD,pepperstone,p95,2021-04-09T18:30:00+00:00,2021-04-09T18:45:00+00:00,SHORT,1743.35,1744.9698375668818,1740.9702436496775,1744.9898375668818,-244.335797465362,-1.0098521074484497,stop_triggered,2021-04-09T14:30:00+00:00,2021-04-09T19:45:00+00:00,,,,
session_extreme_retest_v0-cell6-2415,session_extreme_retest_v0,6,XAUUSD,pepperstone,p95,2021-07-07T21:10:00+00:00,2021-07-07T23:00:00+00:00,LONG,1808.17,1802.4976551765783,1816.628517235133,1802.4776551765783,-296.0019308179317,-0.9925252009632992,stop_triggered,2021-07-07T17:10:00+00:00,2021-07-08T00:00:00+00:00,,,,
session_extreme_retest_v0-cell6-2765,session_extreme_retest_v0,6,XAUUSD,pepperstone,p95,2021-11-18T15:30:00+00:00,2021-11-18T15:40:00+00:00,SHORT,1858.16,1864.9198632382772,1848.070205142584,1864.9398632382772,-461.0307002028604,-0.994773270839266,stop_triggered,2021-11-18T11:30:00+00:00,2021-11-18T16:40:00+00:00,,,,
session_extreme_retest_v0-cell6-2837,session_extreme_retest_v0,6,XAUUSD,pepperstone,p95,2021-12-15T07:35:00+00:00,2021-12-15T07:50:00+00:00,SHORT,1768.75,1769.746015908737,1767.3059761368943,1769.766015908737,-562.8728134403077,-1.0197867941473384,stop_triggered,2021-12-15T03:35:00+00:00,2021-12-15T08:50:00+00:00,,,,
session_extreme_retest_v0-cell7-266,session_extreme_retest_v0,7,XAUUSD,dukascopy,best_case,2022-04-07T08:35:00+00:00,2022-04-07T08:55:00+00:00,LONG,1927.435,1925.9823913274304,1929.6139130088543,1925.9823913274304,-91.51434637189708,-0.9907055742086076,stop_triggered,2022-04-07T04:35:00+00:00,2022-04-07T09:55:00+00:00,,,,
session_extreme_retest_v0-cell7-853,session_extreme_retest_v0,7,XAUUSD,dukascopy,best_case,2022-12-02T19:30:00+00:00,2022-12-02T19:35:00+00:00,SHORT,1794.868,1795.575888592112,1793.8061671118317,1795.575888592112,-194.669362830831,-0.996725525448227,stop_triggered,2022-12-02T15:30:00+00:00,2022-12-02T20:35:00+00:00,,,,
session_extreme_retest_v0-cell7-1020,session_extreme_retest_v0,7,XAUUSD,dukascopy,best_case,2023-02-09T09:55:00+00:00,2023-02-09T10:15:00+00:00,LONG,1881.995,1881.089334229836,1883.3534986552456,1881.089334229836,-217.3597848393547,-0.996180357057995,stop_triggered,2023-02-09T05:55:00+00:00,2023-02-09T11:15:00+00:00,,,,
session_extreme_retest_v0-cell7-1127,session_extreme_retest_v0,7,XAUUSD,dukascopy,best_case,2023-03-28T10:55:00+00:00,2023-03-28T11:35:00+00:00,SHORT,1956.035,1957.307666070636,1954.1260008940465,1957.307666070636,-279.9865355398652,-0.9999474139922474,stop_triggered,2023-03-28T06:55:00+00:00,2023-03-28T12:35:00+00:00,,,,
session_extreme_retest_v0-cell7-2638,session_extreme_retest_v0,7,XAUUSD,dukascopy,best_case,2024-12-09T00:35:00+00:00,2024-12-09T01:05:00+00:00,SHORT,2630.99,2634.608194501393,2625.56270824791,2634.608194501393,-1917.643085738391,-0.9996174883603776,stop_triggered,2024-12-08T20:35:00+00:00,2024-12-09T02:05:00+00:00,,,,
session_extreme_retest_v0-cell7-2647,session_extreme_retest_v0,7,XAUUSD,dukascopy,best_case,2024-12-16T14:50:00+00:00,2024-12-16T15:00:00+00:00,LONG,2657.695,2654.8872485079764,2661.906627238036,2654.8872485079764,-2024.3888257491064,-0.999054136406432,stop_triggered,2024-12-16T10:50:00+00:00,2024-12-16T16:00:00+00:00,,,,
session_extreme_retest_v0-cell7-2649,session_extreme_retest_v0,7,XAUUSD,dukascopy,best_case,2024-12-17T14:15:00+00:00,2024-12-17T14:30:00+00:00,SHORT,2636.834,2640.0874373921515,2631.9538439117723,2640.0874373921515,-2030.1449327026492,-0.9994303379565794,stop_triggered,2024-12-17T10:15:00+00:00,2024-12-17T15:30:00+00:00,,,,
session_extreme_retest_v0-cell7-2651,session_extreme_retest_v0,7,XAUUSD,dukascopy,best_case,2024-12-19T11:05:00+00:00,2024-12-19T11:35:00+00:00,LONG,2621.208,2617.611861267791,2626.602208098314,2617.611861267791,-2035.4145224303256,-0.9995663302496204,stop_triggered,2024-12-19T07:05:00+00:00,2024-12-19T12:35:00+00:00,,,,
session_extreme_retest_v0-cell7-2652,session_extreme_retest_v0,7,XAUUSD,dukascopy,best_case,2024-12-20T07:50:00+00:00,2024-12-20T09:30:00+00:00,LONG,2605.558,2603.5345631975065,2608.59315520374,2603.5345631975065,-2025.460239296,-0.999674110604244,stop_triggered,2024-12-20T03:50:00+00:00,2024-12-20T10:30:00+00:00,,,,
session_extreme_retest_v0-cell7-2653,session_extreme_retest_v0,7,XAUUSD,dukascopy,best_case,2024-12-20T10:10:00+00:00,2024-12-20T11:05:00+00:00,LONG,2604.958,2603.5881176757903,2607.012823486315,2603.5881176757903,-2015.0968989126327,-0.9995553901822324,stop_triggered,2024-12-20T06:10:00+00:00,2024-12-20T12:05:00+00:00,,,,
session_extreme_retest_v0-cell7-2654,session_extreme_retest_v0,7,XAUUSD,dukascopy,best_case,2024-12-20T12:25:00+00:00,2024-12-20T12:50:00+00:00,LONG,2604.308,2602.9968059052785,2606.274791142082,2602.9968059052785,-2004.8157708291524,-0.999450638504958,stop_triggered,2024-12-20T08:25:00+00:00,2024-12-20T13:50:00+00:00,,,,
session_extreme_retest_v0-cell7-2666,session_extreme_retest_v0,7,XAUUSD,dukascopy,best_case,2024-12-24T14:55:00+00:00,2024-12-24T16:20:00+00:00,SHORT,2611.095,2614.371096811813,2606.1808547822798,2614.371096811813,-2008.2473456417729,-0.9988879172186106,stop_triggered,2024-12-24T10:55:00+00:00,2024-12-24T17:20:00+00:00,,,,
session_extreme_retest_v0-cell7-2669,session_extreme_retest_v0,7,XAUUSD,dukascopy,best_case,2024-12-26T17:45:00+00:00,2024-12-26T17:50:00+00:00,LONG,2629.5750000000003,2628.456853578245,2631.252219632633,2628.456853578245,-2004.836534207123,-0.999730773212306,stop_triggered,2024-12-26T13:45:00+00:00,2024-12-26T18:50:00+00:00,,,,
session_extreme_retest_v0-cell7-2678,session_extreme_retest_v0,7,XAUUSD,dukascopy,best_case,2024-12-31T10:50:00+00:00,2024-12-31T10:55:00+00:00,LONG,2612.215,2611.252036969401,2613.6594445458986,2611.252036969401,-2117.555704287168,-0.9997051736649394,stop_triggered,2024-12-31T06:50:00+00:00,2024-12-31T11:55:00+00:00,,,,
session_extreme_retest_v0-cell7-2679,session_extreme_retest_v0,7,XAUUSD,dukascopy,best_case,2024-12-31T11:05:00+00:00,2024-12-31T11:25:00+00:00,LONG,2613.675,2610.9980170807594,2617.6904743788614,2610.9980170807594,-2106.7855574425093,-0.9996171633469548,stop_triggered,2024-12-31T07:05:00+00:00,2024-12-31T12:25:00+00:00,,,,
session_extreme_retest_v0-cell8-28,session_extreme_retest_v0,8,XAUUSD,dukascopy,median,2022-01-12T10:25:00+00:00,2022-01-12T11:30:00+00:00,SHORT,1817.038,1818.1413044038104,1815.3830433942849,1818.1413044038104,-52.958611382888186,-0.981334495420074,stop_triggered,2022-01-12T06:25:00+00:00,2022-01-12T12:30:00+00:00,,,,
session_extreme_retest_v0-cell8-346,session_extreme_retest_v0,8,XAUUSD,dukascopy,median,2022-05-12T12:45:00+00:00,2022-05-12T13:25:00+00:00,SHORT,1843.988,1847.679411274834,1838.4508830877492,1847.679411274834,-103.35951569534792,-0.9902286987434464,stop_triggered,2022-05-12T08:45:00+00:00,2022-05-12T14:25:00+00:00,,,,
session_extreme_retest_v0-cell8-1348,session_extreme_retest_v0,8,XAUUSD,dukascopy,median,2023-06-28T18:10:00+00:00,2023-06-28T19:10:00+00:00,LONG,1912.275,1911.524865359491,1913.400201960764,1911.524865359491,-309.8056065302301,-0.9980469327119698,stop_triggered,2023-06-28T14:10:00+00:00,2023-06-28T20:10:00+00:00,,,,
session_extreme_retest_v0-cell8-1443,session_extreme_retest_v0,8,XAUUSD,dukascopy,median,2023-08-09T13:55:00+00:00,2023-08-09T14:05:00+00:00,SHORT,1922.945,1925.1385039447248,1919.6547440829129,1925.1385039447248,-342.18661537707703,-0.9995516281887784,stop_triggered,2023-08-09T09:55:00+00:00,2023-08-09T15:05:00+00:00,,,,
session_extreme_retest_v0-cell8-1626,session_extreme_retest_v0,8,XAUUSD,dukascopy,median,2023-10-23T12:20:00+00:00,2023-10-23T13:35:00+00:00,LONG,1978.585,1975.73135338338,1982.8654699249305,1975.73135338338,-456.583458659261,-0.9945356877278124,stop_triggered,2023-10-23T08:20:00+00:00,2023-10-23T14:35:00+00:00,,,,
session_extreme_retest_v0-cell8-1785,session_extreme_retest_v0,8,XAUUSD,dukascopy,median,2023-12-27T09:10:00+00:00,2023-12-27T10:25:00+00:00,LONG,2068.005,2067.043814700853,2069.4467779487204,2067.043814700853,-540.1861381206245,-0.998472090269424,stop_triggered,2023-12-27T05:10:00+00:00,2023-12-27T11:25:00+00:00,,,,
session_extreme_retest_v0-cell8-2064,session_extreme_retest_v0,8,XAUUSD,dukascopy,median,2024-04-10T13:00:00+00:00,2024-04-10T14:20:00+00:00,SHORT,2335.384,2346.705883452056,2318.4011748219145,2346.705883452056,-815.1756085480811,-0.9988926390957305,stop_triggered,2024-04-10T09:00:00+00:00,2024-04-10T15:20:00+00:00,,,,
session_extreme_retest_v0-cell8-2070,session_extreme_retest_v0,8,XAUUSD,dukascopy,median,2024-04-12T07:55:00+00:00,2024-04-12T09:25:00+00:00,LONG,2396.7250000000004,2393.853226525854,2401.03266021122,2393.853226525854,-829.942534028271,-0.9969982493014184,stop_triggered,2024-04-12T03:55:00+00:00,2024-04-12T10:25:00+00:00,,,,
session_extreme_retest_v0-cell8-2323,session_extreme_retest_v0,8,XAUUSD,dukascopy,median,2024-07-30T10:55:00+00:00,2024-07-30T12:00:00+00:00,LONG,2389.9950000000003,2387.571344022231,2393.630483966654,2387.571344022231,-1277.2667002843464,-0.9989495769209448,stop_triggered,2024-07-30T06:55:00+00:00,2024-07-30T13:00:00+00:00,,,,
session_extreme_retest_v0-cell8-2349,session_extreme_retest_v0,8,XAUUSD,dukascopy,median,2024-08-06T13:10:00+00:00,2024-08-06T14:05:00+00:00,SHORT,2392.825,2399.655911697143,2382.578632454285,2399.655911697143,-1270.549575668629,-0.9991599721234116,stop_triggered,2024-08-06T09:10:00+00:00,2024-08-06T15:05:00+00:00,,,,
session_extreme_retest_v0-cell8-2526,session_extreme_retest_v0,8,XAUUSD,dukascopy,median,2024-10-21T14:20:00+00:00,2024-10-21T14:30:00+00:00,LONG,2738.4150000000004,2735.2761232881685,2743.123315067748,2735.2761232881685,-1629.07701344077,-0.9991634235598504,stop_triggered,2024-10-21T10:20:00+00:00,2024-10-21T15:30:00+00:00,,,,
session_extreme_retest_v0-cell8-2647,session_extreme_retest_v0,8,XAUUSD,dukascopy,median,2024-12-16T14:50:00+00:00,2024-12-16T15:00:00+00:00,LONG,2657.695,2654.8872485079764,2661.906627238036,2654.8872485079764,-2024.3888257491064,-0.999054136406432,stop_triggered,2024-12-16T10:50:00+00:00,2024-12-16T16:00:00+00:00,,,,
session_extreme_retest_v0-cell8-2649,session_extreme_retest_v0,8,XAUUSD,dukascopy,median,2024-12-17T14:15:00+00:00,2024-12-17T14:30:00+00:00,SHORT,2636.834,2640.0874373921515,2631.9538439117723,2640.0874373921515,-2030.1449327026492,-0.9994303379565794,stop_triggered,2024-12-17T10:15:00+00:00,2024-12-17T15:30:00+00:00,,,,
session_extreme_retest_v0-cell8-2651,session_extreme_retest_v0,8,XAUUSD,dukascopy,median,2024-12-19T11:05:00+00:00,2024-12-19T11:35:00+00:00,LONG,2621.208,2617.611861267791,2626.602208098314,2617.611861267791,-2035.4145224303256,-0.9995663302496204,stop_triggered,2024-12-19T07:05:00+00:00,2024-12-19T12:35:00+00:00,,,,
session_extreme_retest_v0-cell8-2652,session_extreme_retest_v0,8,XAUUSD,dukascopy,median,2024-12-20T07:50:00+00:00,2024-12-20T09:30:00+00:00,LONG,2605.558,2603.5345631975065,2608.59315520374,2603.5345631975065,-2025.460239296,-0.999674110604244,stop_triggered,2024-12-20T03:50:00+00:00,2024-12-20T10:30:00+00:00,,,,
session_extreme_retest_v0-cell8-2653,session_extreme_retest_v0,8,XAUUSD,dukascopy,median,2024-12-20T10:10:00+00:00,2024-12-20T11:05:00+00:00,LONG,2604.958,2603.5881176757903,2607.012823486315,2603.5881176757903,-2015.0968989126327,-0.9995553901822324,stop_triggered,2024-12-20T06:10:00+00:00,2024-12-20T12:05:00+00:00,,,,
session_extreme_retest_v0-cell8-2654,session_extreme_retest_v0,8,XAUUSD,dukascopy,median,2024-12-20T12:25:00+00:00,2024-12-20T12:50:00+00:00,LONG,2604.308,2602.9968059052785,2606.274791142082,2602.9968059052785,-2004.8157708291524,-0.999450638504958,stop_triggered,2024-12-20T08:25:00+00:00,2024-12-20T13:50:00+00:00,,,,
session_extreme_retest_v0-cell8-2666,session_extreme_retest_v0,8,XAUUSD,dukascopy,median,2024-12-24T14:55:00+00:00,2024-12-24T16:20:00+00:00,SHORT,2611.095,2614.371096811813,2606.1808547822798,2614.371096811813,-2008.2473456417729,-0.9988879172186106,stop_triggered,2024-12-24T10:55:00+00:00,2024-12-24T17:20:00+00:00,,,,
session_extreme_retest_v0-cell8-2669,session_extreme_retest_v0,8,XAUUSD,dukascopy,median,2024-12-26T17:45:00+00:00,2024-12-26T17:50:00+00:00,LONG,2629.5750000000003,2628.456853578245,2631.252219632633,2628.456853578245,-2004.836534207123,-0.999730773212306,stop_triggered,2024-12-26T13:45:00+00:00,2024-12-26T18:50:00+00:00,,,,
session_extreme_retest_v0-cell8-2678,session_extreme_retest_v0,8,XAUUSD,dukascopy,median,2024-12-31T10:50:00+00:00,2024-12-31T10:55:00+00:00,LONG,2612.215,2611.252036969401,2613.6594445458986,2611.252036969401,-2117.555704287168,-0.9997051736649394,stop_triggered,2024-12-31T06:50:00+00:00,2024-12-31T11:55:00+00:00,,,,
session_extreme_retest_v0-cell8-2679,session_extreme_retest_v0,8,XAUUSD,dukascopy,median,2024-12-31T11:05:00+00:00,2024-12-31T11:25:00+00:00,LONG,2613.675,2610.9980170807594,2617.6904743788614,2610.9980170807594,-2106.7855574425093,-0.9996171633469548,stop_triggered,2024-12-31T07:05:00+00:00,2024-12-31T12:25:00+00:00,,,,
session_extreme_retest_v0-cell9-15,session_extreme_retest_v0,9,XAUUSD,dukascopy,p95,2022-01-09T23:10:00+00:00,2022-01-09T23:15:00+00:00,LONG,1795.838,1795.808,1795.833,1795.788,-86.69999999992115,-1.6659129346474084,stop_triggered,2022-01-09T19:10:00+00:00,2022-01-10T00:15:00+00:00,,,,
session_extreme_retest_v0-cell9-418,session_extreme_retest_v0,9,XAUUSD,dukascopy,p95,2022-06-14T08:15:00+00:00,2022-06-14T08:50:00+00:00,LONG,1828.928,1827.1245160652495,1831.5832259021247,1827.1045160652495,-91.17419673750646,-1.001200674845556,stop_triggered,2022-06-14T04:15:00+00:00,2022-06-14T09:50:00+00:00,,,,
session_extreme_retest_v0-cell9-482,session_extreme_retest_v0,9,XAUUSD,dukascopy,p95,2022-07-08T13:50:00+00:00,2022-07-08T14:15:00+00:00,SHORT,1738.702,1740.870299699413,1735.4995504508806,1740.890299699413,-87.53198797651748,-0.9992155094661808,stop_triggered,2022-07-08T09:50:00+00:00,2022-07-08T15:15:00+00:00,,,,
session_extreme_retest_v0-cell9-512,session_extreme_retest_v0,9,XAUUSD,dukascopy,p95,2022-07-18T07:40:00+00:00,2022-07-18T10:40:00+00:00,LONG,1720.214,1717.5876269675853,1724.103559548622,1717.5676269675853,-84.68393703726906,-0.9872889842390316,stop_triggered,2022-07-18T03:40:00+00:00,2022-07-18T11:40:00+00:00,,,,
session_extreme_retest_v0-cell9-515,session_extreme_retest_v0,9,XAUUSD,dukascopy,p95,2022-07-19T13:35:00+00:00,2022-07-19T14:25:00+00:00,LONG,1712.011,1710.069246006915,1714.873630989628,1710.0492460069147,-86.31717569575176,-0.9971675354883252,stop_triggered,2022-07-19T09:35:00+00:00,2022-07-19T15:25:00+00:00,,,,
session_extreme_retest_v0-cell9-789,session_extreme_retest_v0,9,XAUUSD,dukascopy,p95,2022-11-11T16:05:00+00:00,2022-11-11T16:15:00+00:00,LONG,1763.928,1761.733840178848,1767.1692397317274,1761.7138401788482,-121.77879016334488,-1.005953603119718,stop_triggered,2022-11-11T12:05:00+00:00,2022-11-11T17:15:00+00:00,,,,
session_extreme_retest_v0-cell9-839,session_extreme_retest_v0,9,XAUUSD,dukascopy,p95,2022-11-29T14:25:00+00:00,2022-11-29T14:50:00+00:00,SHORT,1749.087,1752.1556036096806,1744.5340945854791,1752.1756036096806,-114.27833355818234,-0.9975167543657828,stop_triggered,2022-11-29T10:25:00+00:00,2022-11-29T15:50:00+00:00,,,,
session_extreme_retest_v0-cell9-991,session_extreme_retest_v0,9,XAUUSD,dukascopy,p95,2023-02-01T01:40:00+00:00,2023-02-01T02:05:00+00:00,LONG,1927.355,1926.0408020534144,1929.2762969198789,1926.0208020534144,-126.74880492565536,-1.0058361356415035,stop_triggered,2023-01-31T21:40:00+00:00,2023-02-01T03:05:00+00:00,,,,
session_extreme_retest_v0-cell9-1304,session_extreme_retest_v0,9,XAUUSD,dukascopy,p95,2023-06-14T07:50:00+00:00,2023-06-14T08:25:00+00:00,LONG,1950.938,1948.9979882443693,1953.7980176334456,1948.9779882443693,-154.84092869481765,-0.9994629867605692,stop_triggered,2023-06-14T03:50:00+00:00,2023-06-14T09:25:00+00:00,,,,
session_extreme_retest_v0-cell9-1423,session_extreme_retest_v0,9,XAUUSD,dukascopy,p95,2023-08-04T08:00:00+00:00,2023-08-04T09:15:00+00:00,SHORT,1932.645,1933.8283354265072,1930.919996860239,1933.8483354265072,-157.63694087244812,-1.0165861563211034,stop_triggered,2023-08-04T04:00:00+00:00,2023-08-04T10:15:00+00:00,,,,
session_extreme_retest_v0-cell9-1557,session_extreme_retest_v0,9,XAUUSD,dukascopy,p95,2023-09-22T13:45:00+00:00,2023-09-22T13:55:00+00:00,LONG,1927.025,1925.2923574449608,1929.5739638325583,1925.2723574449608,-177.01689805894648,-1.0112147760435857,stop_triggered,2023-09-22T09:45:00+00:00,2023-09-22T14:55:00+00:00,,,,
session_extreme_retest_v0-cell9-1652,session_extreme_retest_v0,9,XAUUSD,dukascopy,p95,2023-10-30T17:45:00+00:00,2023-10-30T19:30:00+00:00,LONG,1998.685,1996.3932190339408,2002.0726714490888,1996.3732190339408,-180.3189153526123,-0.998073721203123,stop_triggered,2023-10-30T13:45:00+00:00,2023-10-30T20:30:00+00:00,,,,
session_extreme_retest_v0-cell9-1660,session_extreme_retest_v0,9,XAUUSD,dukascopy,p95,2023-11-01T12:25:00+00:00,2023-11-01T13:30:00+00:00,LONG,1986.504,1983.3540589299664,1991.1789116050504,1983.3340589299664,-180.686640991908,-0.9914913210163104,stop_triggered,2023-11-01T08:25:00+00:00,2023-11-01T14:30:00+00:00,,,,
session_extreme_retest_v0-cell9-1690,session_extreme_retest_v0,9,XAUUSD,dukascopy,p95,2023-11-12T23:05:00+00:00,2023-11-12T23:10:00+00:00,LONG,1938.178,1938.148,1938.173,1938.153,-152.92500000055634,-0.8332677453308833,stop_triggered,2023-11-12T19:05:00+00:00,2023-11-13T00:10:00+00:00,,,,
session_extreme_retest_v0-cell9-1907,session_extreme_retest_v0,9,XAUUSD,dukascopy,p95,2024-02-08T09:30:00+00:00,2024-02-08T09:40:00+00:00,SHORT,2030.455,2031.4081902505116,2029.0752146242328,2031.4281902505115,-228.6997088701742,-1.0187432520840043,stop_triggered,2024-02-08T05:30:00+00:00,2024-02-08T10:40:00+00:00,,,,
session_extreme_retest_v0-cell9-1937,session_extreme_retest_v0,9,XAUUSD,dukascopy,p95,2024-02-20T01:45:00+00:00,2024-02-20T04:30:00+00:00,SHORT,2017.885,2019.2361566095133,2015.9082650857297,2019.2561566095133,-222.1273707411856,-1.0102285602841063,stop_triggered,2024-02-19T21:45:00+00:00,2024-02-20T05:30:00+00:00,,,,
session_extreme_retest_v0-cell9-1992,session_extreme_retest_v0,9,XAUUSD,dukascopy,p95,2024-03-10T22:05:00+00:00,2024-03-10T22:10:00+00:00,LONG,2178.9950000000003,2178.965,2178.9900000000007,2178.9700000000007,-187.24999999727515,-0.8332915480607643,stop_triggered,2024-03-10T18:05:00+00:00,2024-03-10T23:10:00+00:00,,,,
session_extreme_retest_v0-cell9-2432,session_extreme_retest_v0,9,XAUUSD,dukascopy,p95,2024-09-08T22:05:00+00:00,2024-09-08T22:10:00+00:00,SHORT,2497.005,2497.035,2497.0099999999998,2497.055,-582.8000000021202,-1.6666398317849471,stop_triggered,2024-09-08T18:05:00+00:00,2024-09-08T23:10:00+00:00,,,,
session_extreme_retest_v0-cell9-2608,session_extreme_retest_v0,9,XAUUSD,dukascopy,p95,2024-11-26T12:15:00+00:00,2024-11-26T12:25:00+00:00,LONG,2632.375,2630.6763023683707,2634.873046447444,2630.6563023683707,-457.1735700133968,-1.009724680578397,stop_triggered,2024-11-26T08:15:00+00:00,2024-11-26T13:25:00+00:00,,,,
session_extreme_retest_v0-cell9-2629,session_extreme_retest_v0,9,XAUUSD,dukascopy,p95,2024-12-04T15:25:00+00:00,2024-12-04T16:50:00+00:00,LONG,2652.4080000000004,2648.2689087003,2658.566636949551,2648.2489087003,-445.0227690679344,-1.001257724454723,stop_triggered,2024-12-04T11:25:00+00:00,2024-12-04T17:50:00+00:00,,,,
session_extreme_retest_v0-cell9-2637,session_extreme_retest_v0,9,XAUUSD,dukascopy,p95,2024-12-06T21:00:00+00:00,2024-12-08T23:05:00+00:00,SHORT,2632.845,2634.2618724833706,2630.7696912749434,2634.2818724833705,-454.0517047451522,-1.012633505114859,stop_triggered,2024-12-06T17:00:00+00:00,2024-12-09T00:05:00+00:00,,,,
