entry_time,exit_time,candidate,status,symbol,direction,volume,entry_price,exit_price,sl,tp,state,profit_aed,time_bucket,outcome,position_ticket,magic,duplicate_key,duplicate_role,is_duplicate,entry_comment,exit_comment
2026-06-10 00:45:00,,symbol_normalized_round_retest_v0,ACCEPTED,XAUUSD,BUY,0.01,4261.95,,4258.45,4267.00,OPEN,-1.58,Night 20:00-05:59,OPEN,3910118,920301,2026-06-10 00:45|XAUUSD|BUY|0.01,kept,false,P2DEMO_sn_round_XAUUSD,
2026-06-10 00:45:00,,breakout_retest,ACCEPTED,GBPUSD,SELL,0.05,1.33793,,1.33893,1.33643,OPEN,-4.59,Night 20:00-05:59,OPEN,3910119,920104,2026-06-10 00:45|GBPUSD|SELL|0.05,kept,false,P2DEMO_br_GBPUSD,
2026-06-10 00:25:01,2026-06-10 00:37:22,symbol_normalized_round_retest_v0,ACCEPTED,XAUUSD,SELL,0.01,4258.09,4260.96,4260.98,4253.48,CLOSED,-10.55,Night 20:00-05:59,LOSS,3909950,920301,2026-06-10 00:25|XAUUSD|SELL|0.01,kept,false,P2DEMO_sn_round_XAUUSD,[sl 4260.98]
2026-06-09 23:55:00,2026-06-09 23:56:48,symbol_normalized_round_retest_v0,ACCEPTED,XAUUSD,BUY,0.01,4259.39,4256.34,4256.33,4264.18,CLOSED,-11.21,Night 20:00-05:59,LOSS,3908428,920301,2026-06-09 23:55|XAUUSD|BUY|0.01,kept,false,P2DEMO_sn_round_XAUUSD,[sl 4256.33]
2026-06-09 23:40:01,2026-06-09 23:51:09,symbol_normalized_round_retest_v0,ACCEPTED,XAUUSD,SELL,0.01,4253.32,4257.98,4257.63,4246.91,CLOSED,-17.12,Night 20:00-05:59,LOSS,3908013,920301,2026-06-09 23:40|XAUUSD|SELL|0.01,kept,false,P2DEMO_sn_round_XAUUSD,[sl 4257.63]
2026-06-09 23:20:01,,symbol_normalized_round_retest_v0,ACCEPTED,XAUUSD,SELL,0.01,4255.23,,4262.93,4243.70,OPEN,-25.87,Night 20:00-05:59,OPEN,3907422,920301,2026-06-09 23:20|XAUUSD|SELL|0.01,kept,false,P2DEMO_sn_round_XAUUSD,
2026-06-09 23:15:01,,breakout_retest,ACCEPTED,XAUUSD,SELL,0.01,4258.43,,4265.92,4247.44,OPEN,-14.11,Night 20:00-05:59,OPEN,3907221,920101,2026-06-09 23:15|XAUUSD|SELL|0.01,kept,false,P2DEMO_br_XAUUSD,
2026-06-09 23:10:01,2026-06-09 23:15:34,symbol_normalized_round_retest_v0,ACCEPTED,XAUUSD,SELL,0.01,4264.54,4257.26,4269.39,4257.26,CLOSED,26.73,Night 20:00-05:59,WIN,3907032,920301,2026-06-09 23:10|XAUUSD|SELL|0.01,kept,false,P2DEMO_sn_round_XAUUSD,[tp 4257.26]
2026-06-09 23:10:01,,symbol_normalized_round_retest_v0,ACCEPTED,EURUSD,SELL,0.05,1.15473,,1.15573,1.15323,OPEN,4.41,Night 20:00-05:59,OPEN,3907034,920302,2026-06-09 23:10|EURUSD|SELL|0.05,unique,false,P2DEMO_sn_round_EURUSD,
2026-06-09 23:05:03,,symbol_normalized_round_retest_v0,ACCEPTED,EURUSD,SELL,0.05,1.15478,,1.15578,1.15328,OPEN,5.32,Night 20:00-05:59,OPEN,3906726,920302,2026-06-09 23:05|EURUSD|SELL|0.05,unique,false,P2DEMO_sn_round_EURUSD,
2026-06-09 23:05:01,2026-06-09 23:14:24,symbol_normalized_round_retest_v0,ACCEPTED,XAUUSD,SELL,0.01,4269.69,4259.62,4276.17,4259.62,CLOSED,36.98,Night 20:00-05:59,WIN,3906723,920301,2026-06-09 23:05|XAUUSD|SELL|0.01,kept,false,P2DEMO_sn_round_XAUUSD,[tp 4259.62]
2026-06-09 23:00:01,2026-06-09 23:47:21,session_extreme_retest_v0,PROVISIONAL,EURUSD,BUY,0.05,1.15504,1.15403,1.15403,1.15653,CLOSED,-18.56,Night 20:00-05:59,LOSS,3906638,920502,2026-06-09 23:00|EURUSD|BUY|0.05,unique,false,P2DEMO_sess_ext_EURUSD,[sl 1.15403]
2026-06-09 22:55:01,2026-06-09 23:48:46,session_extreme_retest_v0,PROVISIONAL,EURUSD,BUY,0.05,1.15497,1.15397,1.15397,1.15647,CLOSED,-18.37,Night 20:00-05:59,LOSS,3906501,920502,2026-06-09 22:55|EURUSD|BUY|0.05,unique,false,P2DEMO_sess_ext_EURUSD,[sl 1.15397]
2026-06-09 22:50:02,,symbol_normalized_round_retest_v0,ACCEPTED,EURUSD,SELL,0.05,1.15485,,1.15585,1.15335,OPEN,6.61,Night 20:00-05:59,OPEN,3906466,920302,2026-06-09 22:50|EURUSD|SELL|0.05,unique,false,P2DEMO_sn_round_EURUSD,
2026-06-09 22:45:01,2026-06-09 22:52:30,symbol_normalized_round_retest_v0,ACCEPTED,XAUUSD,SELL,0.01,4264.17,4267.48,4267.30,4259.38,CLOSED,-12.16,Night 20:00-05:59,LOSS,3906384,920301,2026-06-09 22:45|XAUUSD|SELL|0.01,kept,false,P2DEMO_sn_round_XAUUSD,[sl 4267.30]
2026-06-09 22:40:01,2026-06-09 23:28:28,symbol_normalized_round_retest_v0,ACCEPTED,EURUSD,BUY,0.05,1.15517,1.15418,1.15418,1.15668,CLOSED,-18.19,Night 20:00-05:59,LOSS,3906329,920302,2026-06-09 22:40|EURUSD|BUY|0.05,unique,false,P2DEMO_sn_round_EURUSD,[sl 1.15418]
2026-06-09 22:25:02,2026-06-09 23:20:09,symbol_normalized_round_retest_v0,ACCEPTED,EURUSD,BUY,0.05,1.15532,1.15432,1.15432,1.15682,CLOSED,-18.37,Night 20:00-05:59,LOSS,3905898,920302,2026-06-09 22:25|EURUSD|BUY|0.05,kept,false,P2DEMO_sn_round_EURUSD,[sl 1.15432]
2026-06-09 22:20:01,2026-06-09 23:28:28,session_extreme_retest_v0,PROVISIONAL,EURUSD,BUY,0.05,1.15519,1.15418,1.15419,1.15669,CLOSED,-18.56,Night 20:00-05:59,LOSS,3905712,920502,2026-06-09 22:20|EURUSD|BUY|0.05,unique,false,P2DEMO_sess_ext_EURUSD,[sl 1.15419]
2026-06-09 22:15:01,,symbol_normalized_round_retest_v0,ACCEPTED,EURUSD,SELL,0.05,1.15491,,1.15592,1.15342,OPEN,7.71,Night 20:00-05:59,OPEN,3905527,920302,2026-06-09 22:15|EURUSD|SELL|0.05,unique,false,P2DEMO_sn_round_EURUSD,
2026-06-09 22:10:01,2026-06-09 23:13:01,symbol_normalized_round_retest_v0,ACCEPTED,XAUUSD,BUY,0.01,4267.24,4260.39,4260.38,4277.48,CLOSED,-25.17,Night 20:00-05:59,LOSS,3905384,920301,2026-06-09 22:10|XAUUSD|BUY|0.01,kept,false,P2DEMO_sn_round_XAUUSD,[sl 4260.38]
2026-06-09 22:05:01,2026-06-09 22:18:57,breakout_retest,ACCEPTED,XAUUSD,SELL,0.01,4262.22,4269.88,4269.58,4251.19,CLOSED,-28.15,Night 20:00-05:59,LOSS,3905244,920101,2026-06-09 22:05|XAUUSD|SELL|0.01,kept,false,P2DEMO_br_XAUUSD,[sl 4269.58]
2026-06-09 22:00:01,,symbol_normalized_round_retest_v0,ACCEPTED,EURUSD,SELL,0.05,1.15479,,1.15579,1.15329,OPEN,5.51,Night 20:00-05:59,OPEN,3904871,920302,2026-06-09 22:00|EURUSD|SELL|0.05,unique,false,P2DEMO_sn_round_EURUSD,
2026-06-09 21:55:00,,session_extreme_retest_v0,PROVISIONAL,EURUSD,BUY,0.05,1.15491,,1.15392,1.15642,OPEN,-9.00,Night 20:00-05:59,OPEN,3904466,920502,2026-06-09 21:55|EURUSD|BUY|0.05,unique,false,P2DEMO_sess_ext_EURUSD,
2026-06-09 21:45:00,2026-06-09 23:40:09,session_extreme_retest_v0,PROVISIONAL,EURUSD,BUY,0.05,1.15510,1.15409,1.15410,1.15660,CLOSED,-18.56,Night 20:00-05:59,LOSS,3903525,920502,2026-06-09 21:45|EURUSD|BUY|0.05,unique,false,P2DEMO_sess_ext_EURUSD,[sl 1.15410]
2026-06-09 21:40:00,,symbol_normalized_round_retest_v0,ACCEPTED,EURUSD,SELL,0.05,1.15497,,1.15595,1.15345,OPEN,8.81,Night 20:00-05:59,OPEN,3902871,920302,2026-06-09 21:40|EURUSD|SELL|0.05,unique,false,P2DEMO_sn_round_EURUSD,
2026-06-09 21:25:00,2026-06-09 21:47:58,symbol_normalized_round_retest_v0,ACCEPTED,XAUUSD,BUY,0.01,4266.73,4258.64,4258.44,4279.14,CLOSED,-29.73,Night 20:00-05:59,LOSS,3902058,920301,2026-06-09 21:25|XAUUSD|BUY|0.01,kept,false,P2DEMO_sn_round_XAUUSD,[sl 4258.44]
2026-06-09 21:20:00,2026-06-09 23:18:27,symbol_normalized_round_retest_v0,ACCEPTED,XAUUSD,BUY,0.01,4263.46,4255.20,4255.47,4275.11,CLOSED,-30.35,Night 20:00-05:59,LOSS,3901716,920301,2026-06-09 21:20|XAUUSD|BUY|0.01,kept,false,P2DEMO_sn_round_XAUUSD,[sl 4255.47]
2026-06-09 21:15:00,2026-06-09 21:20:29,breakout_retest,ACCEPTED,XAUUSD,SELL,0.01,4260.18,4267.50,4266.65,4250.95,CLOSED,-26.89,Night 20:00-05:59,LOSS,3901578,920101,2026-06-09 21:15|XAUUSD|SELL|0.01,kept,false,P2DEMO_br_XAUUSD,[sl 4266.65]
2026-06-09 21:10:00,2026-06-09 23:47:53,symbol_normalized_round_retest_v0,ACCEPTED,XAUUSD,BUY,0.01,4263.04,4249.94,4249.94,4283.27,CLOSED,-48.13,Night 20:00-05:59,LOSS,3901510,920301,2026-06-09 21:10|XAUUSD|BUY|0.01,kept,false,P2DEMO_sn_round_XAUUSD,[sl 4249.94]
2026-06-09 21:05:00,,symbol_normalized_round_retest_v0,ACCEPTED,XAUUSD,BUY,0.01,4262.61,,4248.93,4282.96,OPEN,-4.01,Night 20:00-05:59,OPEN,3901317,920301,2026-06-09 21:05|XAUUSD|BUY|0.01,kept,false,P2DEMO_sn_round_XAUUSD,
2026-06-09 21:05:00,,breakout_retest,ACCEPTED,GBPUSD,BUY,0.05,1.33794,,1.33695,1.33945,OPEN,2.02,Night 20:00-05:59,OPEN,3901318,920104,2026-06-09 21:05|GBPUSD|BUY|0.05,kept,false,P2DEMO_br_GBPUSD,
2026-06-09 21:00:00,2026-06-09 22:23:51,symbol_normalized_round_retest_v0,ACCEPTED,XAUUSD,BUY,0.01,4253.23,4273.39,4239.55,4273.39,CLOSED,74.01,Night 20:00-05:59,WIN,3901083,920301,2026-06-09 21:00|XAUUSD|BUY|0.01,kept,false,P2DEMO_sn_round_XAUUSD,[tp 4273.39]
2026-06-09 20:55:00,2026-06-09 20:59:37,symbol_normalized_round_retest_v0,ACCEPTED,XAUUSD,SELL,0.01,4239.90,4251.08,4251.27,4222.85,CLOSED,-41.08,Night 20:00-05:59,LOSS,3900805,920301,2026-06-09 20:55|XAUUSD|SELL|0.01,kept,false,P2DEMO_sn_round_XAUUSD,[sl 4251.27]
2026-06-09 20:55:00,2026-06-09 21:04:40,session_extreme_retest_v0,PROVISIONAL,EURUSD,SELL,0.05,1.15349,1.15449,1.15449,1.15199,CLOSED,-18.37,Night 20:00-05:59,LOSS,3900807,920502,2026-06-09 20:55|EURUSD|SELL|0.05,kept,false,P2DEMO_sess_ext_EURUSD,[sl 1.15449]
2026-06-09 20:40:00,2026-06-09 20:43:43,breakout_retest,ACCEPTED,XAUUSD,SELL,0.01,4240.17,4246.17,4246.40,4231.63,CLOSED,-22.04,Night 20:00-05:59,LOSS,3899668,920101,2026-06-09 20:40|XAUUSD|SELL|0.01,kept,false,P2DEMO_br_XAUUSD,[sl 4246.40]
2026-06-09 20:30:00,2026-06-09 20:38:11,symbol_normalized_round_retest_v0,ACCEPTED,XAUUSD,BUY,0.01,4263.23,4251.04,4251.99,4280.32,CLOSED,-44.79,Night 20:00-05:59,LOSS,3898834,920301,2026-06-09 20:30|XAUUSD|BUY|0.01,kept,false,P2DEMO_sn_round_XAUUSD,[sl 4251.99]
2026-06-09 20:10:00,2026-06-09 20:38:15,breakout_retest,ACCEPTED,XAUUSD,SELL,0.01,4263.51,4246.47,4274.99,4246.47,CLOSED,62.57,Night 20:00-05:59,WIN,3897375,920101,2026-06-09 20:10|XAUUSD|SELL|0.01,kept,false,P2DEMO_br_XAUUSD,[tp 4246.47]
2026-06-09 20:05:00,2026-06-09 20:14:08,breakout_retest,ACCEPTED,EURUSD,BUY,0.05,1.15570,1.15471,1.15471,1.15721,CLOSED,-18.19,Night 20:00-05:59,LOSS,3897118,920102,2026-06-09 20:05|EURUSD|BUY|0.05,unique,false,P2DEMO_br_EURUSD,[sl 1.15471]
2026-06-09 20:00:00,2026-06-09 20:02:12,symbol_normalized_round_retest_v0,ACCEPTED,XAUUSD,SELL,0.01,4272.38,4281.29,4281.12,4259.29,CLOSED,-32.74,Night 20:00-05:59,LOSS,3896907,920301,2026-06-09 20:00|XAUUSD|SELL|0.01,kept,false,P2DEMO_sn_round_XAUUSD,[sl 4281.12]
2026-06-09 19:50:00,2026-06-09 20:06:00,symbol_normalized_round_retest_v0,ACCEPTED,XAUUSD,BUY,0.01,4280.93,4268.52,4268.65,4298.83,CLOSED,-45.59,Evening 16:00-19:59,LOSS,3896547,920301,2026-06-09 19:50|XAUUSD|BUY|0.01,kept,false,P2DEMO_sn_round_XAUUSD,[sl 4268.65]
2026-06-09 19:45:00,2026-06-09 20:22:28,session_extreme_retest_v0,PROVISIONAL,EURUSD,BUY,0.05,1.15539,1.15430,1.15440,1.15690,CLOSED,-20.02,Evening 16:00-19:59,LOSS,3896405,920502,2026-06-09 19:45|EURUSD|BUY|0.05,unique,false,P2DEMO_sess_ext_EURUSD,[sl 1.15440]
2026-06-09 19:45:00,2026-06-09 20:06:06,symbol_normalized_round_retest_v0,ACCEPTED,XAUUSD,BUY,0.01,4280.81,4267.44,4267.84,4299.79,CLOSED,-49.12,Evening 16:00-19:59,LOSS,3896406,920301,2026-06-09 19:45|XAUUSD|BUY|0.01,kept,false,P2DEMO_sn_round_XAUUSD,[sl 4267.84]
2026-06-09 19:30:00,2026-06-09 20:09:18,symbol_normalized_round_retest_v0,ACCEPTED,XAUUSD,SELL,0.01,4278.38,4262.60,4289.59,4262.60,CLOSED,57.94,Evening 16:00-19:59,WIN,3895619,920301,2026-06-09 19:30|XAUUSD|SELL|0.01,kept,false,P2DEMO_sn_round_XAUUSD,[tp 4262.60]
2026-06-09 19:25:01,2026-06-09 19:36:10,breakout_retest,ACCEPTED,GBPUSD,SELL,0.05,1.33918,1.33767,1.34017,1.33767,CLOSED,27.72,Evening 16:00-19:59,WIN,3895244,920104,2026-06-09 19:25|GBPUSD|SELL|0.05,kept,false,P2DEMO_br_GBPUSD,[tp 1.33767]
2026-06-09 19:20:01,2026-06-09 19:35:22,symbol_normalized_round_retest_v0,ACCEPTED,GBPUSD,SELL,0.05,1.33941,1.33790,1.34040,1.33790,CLOSED,27.72,Evening 16:00-19:59,WIN,3895064,920304,2026-06-09 19:20|GBPUSD|SELL|0.05,unique,false,P2DEMO_sn_round_GBPUSD,[tp 1.33790]
2026-06-09 19:10:01,2026-06-09 19:19:11,session_extreme_retest_v0,PROVISIONAL,GBPUSD,BUY,0.05,1.34039,1.33937,1.33937,1.34187,CLOSED,-18.74,Evening 16:00-19:59,LOSS,3894701,920504,2026-06-09 19:10|GBPUSD|BUY|0.05,unique,false,P2DEMO_sess_ext_GBPUSD,[sl 1.33937]
2026-06-09 19:00:01,2026-06-09 19:35:22,symbol_normalized_round_retest_v0,ACCEPTED,GBPUSD,SELL,0.05,1.33962,1.33792,1.34075,1.33792,CLOSED,31.21,Evening 16:00-19:59,WIN,3894451,920304,2026-06-09 19:00|GBPUSD|SELL|0.05,unique,false,P2DEMO_sn_round_GBPUSD,[tp 1.33792]
2026-06-09 18:55:01,2026-06-09 19:24:44,symbol_normalized_round_retest_v0,ACCEPTED,XAUUSD,BUY,0.01,4299.04,4285.71,4285.89,4317.51,CLOSED,-48.98,Evening 16:00-19:59,LOSS,3894313,920301,2026-06-09 18:55|XAUUSD|BUY|0.01,kept,false,P2DEMO_sn_round_XAUUSD,[sl 4285.89]
2026-06-09 18:50:00,2026-06-09 18:52:02,symbol_normalized_round_retest_v0,ACCEPTED,GBPUSD,SELL,0.05,1.33943,1.34047,1.34047,1.33794,CLOSED,-19.10,Evening 16:00-19:59,LOSS,3894056,920304,2026-06-09 18:50|GBPUSD|SELL|0.05,unique,false,P2DEMO_sn_round_GBPUSD,[sl 1.34047]
2026-06-09 18:40:01,2026-06-09 18:44:57,symbol_normalized_round_retest_v0,ACCEPTED,XAUUSD,SELL,0.01,4305.02,4286.00,4317.29,4286.00,CLOSED,69.83,Evening 16:00-19:59,WIN,3893121,920301,2026-06-09 18:40|XAUUSD|SELL|0.01,kept,false,P2DEMO_sn_round_XAUUSD,[tp 4286.00]
2026-06-09 18:35:01,2026-06-09 18:42:32,symbol_normalized_round_retest_v0,ACCEPTED,XAUUSD,SELL,0.01,4314.12,4301.03,4323.43,4301.03,CLOSED,48.07,Evening 16:00-19:59,WIN,3892904,920301,2026-06-09 18:35|XAUUSD|SELL|0.01,kept,false,P2DEMO_sn_round_XAUUSD,[tp 4301.03]
2026-06-09 18:30:01,2026-06-09 18:43:06,symbol_normalized_round_retest_v0,ACCEPTED,XAUUSD,SELL,0.01,4318.27,4300.19,4330.24,4300.19,CLOSED,66.38,Evening 16:00-19:59,WIN,3892671,920301,2026-06-09 18:30|XAUUSD|SELL|0.01,kept,false,P2DEMO_sn_round_XAUUSD,[tp 4300.19]
2026-06-09 18:20:01,2026-06-09 18:42:15,breakout_retest,ACCEPTED,GBPUSD,SELL,0.05,1.33937,1.34052,1.34048,1.33773,CLOSED,-21.13,Evening 16:00-19:59,LOSS,3892381,920104,2026-06-09 18:20|GBPUSD|SELL|0.05,kept,false,P2DEMO_br_GBPUSD,[sl 1.34048]
2026-06-09 18:10:01,2026-06-09 18:16:04,session_extreme_retest_v0,PROVISIONAL,EURUSD,BUY,0.05,1.15719,1.15618,1.15618,1.15868,CLOSED,-18.55,Evening 16:00-19:59,LOSS,3891613,920502,2026-06-09 18:10|EURUSD|BUY|0.05,unique,false,P2DEMO_sess_ext_EURUSD,[sl 1.15618]
2026-06-09 18:10:01,2026-06-09 18:17:13,breakout_retest,ACCEPTED,XAUUSD,SELL,0.01,4328.24,4312.49,4338.74,4312.49,CLOSED,57.83,Evening 16:00-19:59,WIN,3891614,920101,2026-06-09 18:10|XAUUSD|SELL|0.01,kept,false,P2DEMO_br_XAUUSD,[tp 4312.49]
2026-06-09 18:10:01,2026-06-09 18:14:14,symbol_normalized_round_retest_v0,ACCEPTED,GBPUSD,BUY,0.05,1.34073,1.33974,1.33973,1.34223,CLOSED,-18.19,Evening 16:00-19:59,LOSS,3891615,920304,2026-06-09 18:10|GBPUSD|BUY|0.05,kept,false,P2DEMO_sn_round_GBPUSD,[sl 1.33973]
2026-06-09 18:00:01,2026-06-09 19:35:31,breakout_retest,ACCEPTED,EURUSD,SELL,0.05,1.15660,1.15510,1.15760,1.15510,CLOSED,27.54,Evening 16:00-19:59,WIN,3890843,920102,2026-06-09 18:00|EURUSD|SELL|0.05,kept,false,P2DEMO_br_EURUSD,[tp 1.15510]
2026-06-09 18:00:01,2026-06-09 18:08:47,breakout_retest,ACCEPTED,GBPUSD,SELL,0.05,1.33975,1.34072,1.34073,1.33823,CLOSED,-17.82,Evening 16:00-19:59,LOSS,3890844,920104,2026-06-09 18:00|GBPUSD|SELL|0.05,kept,false,P2DEMO_br_GBPUSD,[sl 1.34073]
2026-06-09 18:00:01,2026-06-09 18:43:39,breakout_retest,ACCEPTED,XAUUSD,SELL,0.01,4327.99,4297.95,4347.95,4297.95,CLOSED,110.30,Evening 16:00-19:59,WIN,3890845,920101,2026-06-09 18:00|XAUUSD|SELL|0.01,kept,false,P2DEMO_br_XAUUSD,[tp 4297.95]
2026-06-09 17:50:01,2026-06-09 17:50:37,symbol_normalized_round_retest_v0,ACCEPTED,XAUUSD,BUY,0.01,4352.84,4345.39,4345.39,4364.19,CLOSED,-27.37,Evening 16:00-19:59,LOSS,3889726,920301,2026-06-09 17:50|XAUUSD|BUY|0.01,kept,false,P2DEMO_sn_round_XAUUSD,[sl 4345.39]
2026-06-09 17:40:01,2026-06-09 17:48:51,symbol_normalized_round_retest_v0,ACCEPTED,GBPUSD,SELL,0.05,1.33959,1.34066,1.34058,1.33808,CLOSED,-19.66,Evening 16:00-19:59,LOSS,3888804,920304,2026-06-09 17:40|GBPUSD|SELL|0.05,unique,false,P2DEMO_sn_round_GBPUSD,[sl 1.34058]
2026-06-09 17:25:01,2026-06-09 17:47:54,symbol_normalized_round_retest_v0,ACCEPTED,XAUUSD,SELL,0.01,4333.49,4342.47,4342.05,4320.47,CLOSED,-32.99,Evening 16:00-19:59,LOSS,3887787,920301,2026-06-09 17:25|XAUUSD|SELL|0.01,kept,false,P2DEMO_sn_round_XAUUSD,[sl 4342.05]
2026-06-09 16:50:00,2026-06-09 16:53:54,breakout_retest,ACCEPTED,XAUUSD,BUY,0.01,4341.98,4338.48,4338.58,4347.18,CLOSED,-12.86,Evening 16:00-19:59,LOSS,3886759,920101,2026-06-09 16:50|XAUUSD|BUY|0.01,kept,false,P2DEMO_br_XAUUSD,[sl 4338.58]
2026-06-09 16:50:00,2026-06-09 18:16:13,symbol_normalized_round_retest_v0,ACCEPTED,GBPUSD,BUY,0.05,1.34040,1.33940,1.33940,1.34190,CLOSED,-18.37,Evening 16:00-19:59,LOSS,3886761,920304,2026-06-09 16:50|GBPUSD|BUY|0.05,unique,false,P2DEMO_sn_round_GBPUSD,[sl 1.33940]
2026-06-09 16:47:10,2026-06-09 18:17:03,symbol_normalized_round_retest_v0,ACCEPTED,GBPUSD,BUY,0.05,1.34032,1.33930,1.33932,1.34182,CLOSED,-18.74,Evening 16:00-19:59,LOSS,3886704,920304,2026-06-09 16:47|GBPUSD|BUY|0.05,unique,false,P2DEMO_sn_round_GBPUSD,[sl 1.33932]
2026-06-09 16:47:10,2026-06-09 16:54:33,symbol_normalized_round_retest_v0,ACCEPTED,XAUUSD,BUY,0.01,4343.26,4337.20,4337.50,4351.90,CLOSED,-22.26,Evening 16:00-19:59,LOSS,3886705,920301,2026-06-09 16:47|XAUUSD|BUY|0.01,kept,false,P2DEMO_sn_round_XAUUSD,[sl 4337.50]
2026-06-09 16:30:01,2026-06-09 16:38:42,symbol_normalized_round_retest_v0_repair_v1,REPAIRED_EXPERIMENTAL,XAUUSD,SELL,0.01,4335.43,4341.48,4341.45,4326.45,CLOSED,-22.23,Evening 16:00-19:59,LOSS,3886377,921101,2026-06-09 16:30|XAUUSD|SELL|0.01,unique,false,P2REPAIR_snr_fix_XAUUSD,[sl 4341.45]
2026-06-09 15:15:00,2026-06-09 16:30:10,breakout_retest,ACCEPTED,XAUUSD,BUY,0.01,4338.22,4334.44,4334.46,4343.87,CLOSED,-13.89,Afternoon 12:00-15:59,LOSS,3884982,920101,2026-06-09 15:15|XAUUSD|BUY|0.01,kept,false,P2DEMO_br_XAUUSD,[sl 4334.46]
2026-06-09 15:00:00,2026-06-09 17:21:25,symbol_normalized_round_retest_v0,ACCEPTED,XAUUSD,BUY,0.01,4339.27,4332.32,4332.30,4349.27,CLOSED,-25.53,Afternoon 12:00-15:59,LOSS,3884809,920301,2026-06-09 15:00|XAUUSD|BUY|0.01,kept,false,P2DEMO_sn_round_XAUUSD,[sl 4332.30]
2026-06-09 13:35:03,2026-06-09 15:32:24,breakout_retest,ACCEPTED,EURUSD,BUY,0.05,1.15577,1.15727,1.15477,1.15727,CLOSED,27.54,Afternoon 12:00-15:59,WIN,3883725,920102,2026-06-09 13:35|EURUSD|BUY|0.05,unique,false,P2DEMO_br_EURUSD,[tp 1.15727]
2026-06-09 13:35:01,2026-06-09 14:57:08,symbol_normalized_round_retest_v0,ACCEPTED,XAUUSD,SELL,0.01,4326.31,4337.43,4337.20,4310.08,CLOSED,-40.85,Afternoon 12:00-15:59,LOSS,3883721,920301,2026-06-09 13:35|XAUUSD|SELL|0.01,kept,false,P2DEMO_sn_round_XAUUSD,[sl 4337.20]
2026-06-09 13:10:00,2026-06-09 13:29:27,symbol_normalized_round_retest_v0,ACCEPTED,XAUUSD,BUY,0.01,4330.50,4325.72,4325.91,4337.36,CLOSED,-17.56,Afternoon 12:00-15:59,LOSS,3883316,920301,2026-06-09 13:10|XAUUSD|BUY|0.01,kept,false,P2DEMO_sn_round_XAUUSD,[sl 4325.91]
2026-06-09 13:05:01,2026-06-09 15:19:56,session_extreme_retest_v0,PROVISIONAL,EURUSD,BUY,0.05,1.15545,1.15695,1.15445,1.15695,CLOSED,27.54,Afternoon 12:00-15:59,WIN,3883188,920502,2026-06-09 13:05|EURUSD|BUY|0.05,unique,false,P2DEMO_sess_ext_EURUSD,[tp 1.15695]
2026-06-09 11:35:01,2026-06-09 11:45:28,p2weakness_br_v1,EXPERIMENTAL,XAUUSD,SELL,0.01,4325.66,4329.59,4329.56,4319.87,CLOSED,-14.44,Morning 06:00-11:59,LOSS,3881817,930101,2026-06-09 11:35|XAUUSD|SELL|0.01,unique,false,P2WEAKNESS_BR_V1,[sl 4329.56]
2026-06-09 09:45:00,2026-06-09 09:45:46,symbol_normalized_round_retest_v0,ACCEPTED,XAUUSD,BUY,0.01,4349.27,4344.18,4344.34,4356.02,CLOSED,-18.70,Morning 06:00-11:59,LOSS,3880437,920301,2026-06-09 09:45|XAUUSD|BUY|0.01,kept,false,P2DEMO_sn_round_XAUUSD,[sl 4344.34]
2026-06-09 09:05:00,2026-06-09 09:42:01,symbol_normalized_round_retest_v0,ACCEPTED,XAUUSD,BUY,0.01,4336.58,4347.25,4329.47,4347.25,CLOSED,39.17,Morning 06:00-11:59,WIN,3880080,920301,2026-06-09 09:05|XAUUSD|BUY|0.01,kept,false,P2DEMO_sn_round_XAUUSD,[tp 4347.25]
2026-06-09 08:45:00,2026-06-09 09:00:02,symbol_normalized_round_retest_v0,ACCEPTED,XAUUSD,SELL,0.01,4327.77,4333.71,4333.60,4319.03,CLOSED,-21.82,Morning 06:00-11:59,LOSS,3879909,920301,2026-06-09 08:45|XAUUSD|SELL|0.01,kept,false,P2DEMO_sn_round_XAUUSD,[sl 4333.60]
2026-06-09 08:00:01,2026-06-09 08:16:40,symbol_normalized_round_retest_v0,ACCEPTED,XAUUSD,SELL,0.01,4336.15,4331.01,4340.15,4331.01,CLOSED,18.87,Morning 06:00-11:59,WIN,3879584,920301,2026-06-09 08:00|XAUUSD|SELL|0.01,kept,false,P2DEMO_sn_round_XAUUSD,[tp 4331.01]
2026-06-09 07:25:01,2026-06-09 07:45:03,symbol_normalized_round_retest_v0,ACCEPTED,XAUUSD,SELL,0.01,4334.59,4338.59,4338.73,4328.33,CLOSED,-14.70,Morning 06:00-11:59,LOSS,3879390,920301,2026-06-09 07:25|XAUUSD|SELL|0.01,kept,false,P2DEMO_sn_round_XAUUSD,[sl 4338.73]
2026-06-09 06:15:01,2026-06-09 07:07:14,symbol_normalized_round_retest_v0,ACCEPTED,XAUUSD,BUY,0.01,4333.15,4341.10,4327.85,4341.10,CLOSED,29.19,Morning 06:00-11:59,WIN,3878718,920301,2026-06-09 06:15|XAUUSD|BUY|0.01,kept,false,P2DEMO_sn_round_XAUUSD,[tp 4341.10]
2026-06-09 05:30:00,2026-06-09 08:31:44,breakout_retest,ACCEPTED,XAUUSD,BUY,0.01,4336.52,4326.22,4326.24,4351.53,CLOSED,-37.84,Night 20:00-05:59,LOSS,3878349,920101,2026-06-09 05:30|XAUUSD|BUY|0.01,kept,false,P2DEMO_br_XAUUSD,[sl 4326.24]
2026-06-09 05:20:00,2026-06-09 05:28:24,breakout_retest,ACCEPTED,XAUUSD,BUY,0.01,4324.39,4333.28,4318.53,4333.28,CLOSED,32.64,Night 20:00-05:59,WIN,3877994,920101,2026-06-09 05:20|XAUUSD|BUY|0.01,kept,false,P2DEMO_br_XAUUSD,[tp 4333.28]
2026-06-09 05:10:00,2026-06-09 05:28:50,symbol_normalized_round_retest_v0,ACCEPTED,XAUUSD,BUY,0.01,4325.78,4334.46,4319.68,4334.46,CLOSED,31.87,Night 20:00-05:59,WIN,3877792,920301,2026-06-09 05:10|XAUUSD|BUY|0.01,kept,false,P2DEMO_sn_round_XAUUSD,[tp 4334.46]
2026-06-09 04:45:00,2026-06-09 05:01:04,symbol_normalized_round_retest_v0,ACCEPTED,XAUUSD,SELL,0.01,4318.11,4323.74,4323.78,4310.02,CLOSED,-20.68,Night 20:00-05:59,LOSS,3877538,920301,2026-06-09 04:45|XAUUSD|SELL|0.01,kept,false,P2DEMO_sn_round_XAUUSD,[sl 4323.78]
2026-06-09 04:25:00,2026-06-09 04:37:48,symbol_normalized_round_retest_v0,ACCEPTED,XAUUSD,SELL,0.01,4318.74,4322.56,4322.52,4312.97,CLOSED,-14.03,Night 20:00-05:59,LOSS,3877349,920301,2026-06-09 04:25|XAUUSD|SELL|0.01,kept,false,P2DEMO_sn_round_XAUUSD,[sl 4322.52]
2026-06-09 04:20:00,2026-06-09 05:06:18,breakout_retest,ACCEPTED,XAUUSD,SELL,0.01,4319.79,4326.82,4325.85,4311.24,CLOSED,-25.83,Night 20:00-05:59,LOSS,3877300,920101,2026-06-09 04:20|XAUUSD|SELL|0.01,kept,false,P2DEMO_br_XAUUSD,[sl 4325.85]
2026-06-09 04:00:00,2026-06-09 05:16:27,session_extreme_retest_v0,PROVISIONAL,XAUUSD,BUY,0.01,4317.86,4328.24,4311.37,4328.24,CLOSED,38.12,Night 20:00-05:59,WIN,3877018,920501,2026-06-09 04:00|XAUUSD|BUY|0.01,unique,false,P2DEMO_sess_ext_XAUUSD,[tp 4328.24]
2026-06-09 03:50:00,2026-06-09 03:54:05,symbol_normalized_round_retest_v0,ACCEPTED,XAUUSD,SELL,0.01,4314.16,4317.73,4317.56,4309.03,CLOSED,-13.12,Night 20:00-05:59,LOSS,3876902,920301,2026-06-09 03:50|XAUUSD|SELL|0.01,kept,false,P2DEMO_sn_round_XAUUSD,[sl 4317.56]
2026-06-09 03:40:00,2026-06-09 03:45:43,session_extreme_retest_v0,PROVISIONAL,XAUUSD,BUY,0.01,4322.30,4316.43,4316.07,4331.60,CLOSED,-21.57,Night 20:00-05:59,LOSS,3876817,920501,2026-06-09 03:40|XAUUSD|BUY|0.01,unique,false,P2DEMO_sess_ext_XAUUSD,[sl 4316.07]
2026-06-09 02:05:01,2026-06-09 08:38:20,breakout_retest,ACCEPTED,GBPUSD,BUY,0.01,1.33400,1.33552,1.33302,1.33552,CLOSED,5.58,Night 20:00-05:59,WIN,3876181,920104,2026-06-09 02:05|GBPUSD|BUY|0.01,unique,false,P2DEMO_br_GBPUSD,[tp 1.33552]
2026-06-08 22:50:00,2026-06-09 08:37:53,breakout_retest,ACCEPTED,EURUSD,SELL,0.05,1.15339,1.15439,1.15439,1.15189,CLOSED,-18.05,Night 20:00-05:59,LOSS,3873890,920102,2026-06-08 22:50|EURUSD|SELL|0.05,kept,false,P2DEMO_br_EURUSD,[sl 1.15439]
2026-06-08 19:40:01,2026-06-09 01:10:35,breakout_retest,ACCEPTED,GBPUSD,BUY,0.01,1.33404,1.33291,1.33304,1.33554,CLOSED,-4.34,Evening 16:00-19:59,LOSS,3870894,920104,2026-06-08 19:40|GBPUSD|BUY|0.01,unique,false,P2DEMO_br_GBPUSD,[sl 1.33304]
2026-06-08 19:00:00,2026-06-09 03:28:54,symbol_normalized_round_retest_v0,ACCEPTED,XAUUSD,BUY,0.01,4331.86,4320.59,4320.69,4348.12,CLOSED,-43.95,Evening 16:00-19:59,LOSS,3870215,920301,2026-06-08 19:00|XAUUSD|BUY|0.01,kept,false,P2DEMO_sn_round_XAUUSD,[sl 4320.69]
2026-06-08 18:45:00,2026-06-08 19:39:44,session_extreme_retest_v0,PROVISIONAL,XAUUSD,BUY,0.01,4323.29,4337.12,4314.17,4337.12,CLOSED,50.78,Evening 16:00-19:59,WIN,3869613,920501,2026-06-08 18:45|XAUUSD|BUY|0.01,unique,false,P2DEMO_sess_ext_XAUUSD,[tp 4337.12]
2026-06-08 18:35:00,2026-06-08 18:39:46,session_extreme_retest_v0,PROVISIONAL,XAUUSD,BUY,0.01,4322.51,4314.67,4314.83,4334.53,CLOSED,-28.80,Evening 16:00-19:59,LOSS,3869361,920501,2026-06-08 18:35|XAUUSD|BUY|0.01,unique,false,P2DEMO_sess_ext_XAUUSD,[sl 4314.83]
2026-06-08 18:30:00,2026-06-09 04:00:23,session_extreme_retest_v0,PROVISIONAL,EURUSD,BUY,0.05,1.15369,1.15269,1.15269,1.15519,CLOSED,-20.43,Evening 16:00-19:59,LOSS,3869280,920502,2026-06-08 18:30|EURUSD|BUY|0.05,unique,false,P2DEMO_sess_ext_EURUSD,[sl 1.15269]
2026-06-08 18:20:00,2026-06-09 01:13:41,symbol_normalized_round_retest_v0,ACCEPTED,GBPUSD,SELL,0.01,1.33449,1.33551,1.33548,1.33298,CLOSED,-3.96,Evening 16:00-19:59,LOSS,3868990,920304,2026-06-08 18:20|GBPUSD|SELL|0.01,unique,false,P2DEMO_sn_round_GBPUSD,[sl 1.33548]
2026-06-08 18:20:00,2026-06-08 18:25:19,session_extreme_retest_v0,PROVISIONAL,XAUUSD,BUY,0.01,4321.69,4316.52,4316.81,4328.98,CLOSED,-18.99,Evening 16:00-19:59,LOSS,3868991,920501,2026-06-08 18:20|XAUUSD|BUY|0.01,unique,false,P2DEMO_sess_ext_XAUUSD,[sl 4316.81]
2026-06-08 18:15:00,2026-06-08 18:46:59,symbol_normalized_round_retest_v0,ACCEPTED,XAUUSD,SELL,0.01,4319.12,4328.24,4328.47,4305.49,CLOSED,-33.51,Evening 16:00-19:59,LOSS,3868862,920301,2026-06-08 18:15|XAUUSD|SELL|0.01,kept,false,P2DEMO_sn_round_XAUUSD,[sl 4328.47]
2026-06-08 17:52:39,2026-06-08 18:11:17,symbol_normalized_round_retest_v0,ACCEPTED,XAUUSD,SELL,0.01,4332.30,4317.20,4342.23,4317.20,CLOSED,55.45,Evening 16:00-19:59,WIN,3868297,920301,2026-06-08 17:52|XAUUSD|SELL|0.01,kept,false,P2DEMO_sn_round_XAUUSD,[tp 4317.20]
2026-06-08 17:52:39,2026-06-08 18:50:22,breakout_retest,ACCEPTED,GBPUSD,SELL,0.01,1.33535,1.33386,1.33636,1.33386,CLOSED,5.47,Evening 16:00-19:59,WIN,3868298,920104,2026-06-08 17:52|GBPUSD|SELL|0.01,kept,false,P2DEMO_br_GBPUSD,[tp 1.33386]
2026-06-08 15:25:00,2026-06-08 17:22:50,swing_breakout_retest_v0,ACCEPTED,EURUSD,BUY,0.01,1.15371,1.15521,1.15271,1.15521,CLOSED,5.51,Afternoon 12:00-15:59,WIN,3865919,920202,2026-06-08 15:25|EURUSD|BUY|0.01,unique,false,P2DEMO_swing_br_EURUSD,[tp 1.15521]
2026-06-08 14:50:00,2026-06-08 15:32:16,breakout_retest,ACCEPTED,EURUSD,BUY,0.01,1.15269,1.15420,1.15170,1.15420,CLOSED,5.54,Afternoon 12:00-15:59,WIN,3865003,920102,2026-06-08 14:50|EURUSD|BUY|0.01,unique,false,P2DEMO_br_EURUSD,[tp 1.15420]
2026-06-08 14:05:01,2026-06-08 14:34:11,breakout_retest,ACCEPTED,EURUSD,SELL,0.01,1.15113,1.15221,1.15212,1.14962,CLOSED,-3.97,Afternoon 12:00-15:59,LOSS,3864112,920102,2026-06-08 14:05|EURUSD|SELL|0.01,unique,false,P2DEMO_br_EURUSD,[sl 1.15212]
2026-06-08 13:40:01,2026-06-08 14:34:14,symbol_normalized_round_retest_v0,ACCEPTED,EURUSD,BUY,0.01,1.15090,1.15239,1.14989,1.15239,CLOSED,5.47,Afternoon 12:00-15:59,WIN,3863775,920302,2026-06-08 13:40|EURUSD|BUY|0.01,unique,false,P2DEMO_sn_round_EURUSD,[tp 1.15239]
2026-06-08 13:05:03,,symbol_normalized_round_retest_v0,ACCEPTED,USDJPY,BUY,0.01,160.03,,159.75,160.45,CLOSED,0.00,Afternoon 12:00-15:59,FLAT,3862985,920303,2026-06-08 13:05|USDJPY|BUY|0.01,kept,false,P2DEMO_sn_round_USDJPY,
2026-06-08 13:00:01,2026-06-08 18:20:44,breakout_retest,ACCEPTED,USDJPY,SELL,0.01,160.02,160.18,160.17,159.79,CLOSED,-3.58,Afternoon 12:00-15:59,LOSS,3862873,920103,2026-06-08 13:00|USDJPY|SELL|0.01,kept,false,P2DEMO_br_USDJPY,[sl 160.173]
2026-06-08 13:00:01,2026-06-08 14:10:39,swing_breakout_retest_v0,ACCEPTED,EURUSD,SELL,0.01,1.15080,1.15182,1.15180,1.14930,CLOSED,-3.75,Afternoon 12:00-15:59,LOSS,3862875,920202,2026-06-08 13:00|EURUSD|SELL|0.01,unique,false,P2DEMO_swing_br_EURUSD,[sl 1.15180]
2026-06-08 12:50:01,2026-06-08 12:55:33,symbol_normalized_round_retest_v0,ACCEPTED,XAUUSD,BUY,0.01,4291.58,4285.98,4286.00,4299.77,CLOSED,-20.57,Afternoon 12:00-15:59,LOSS,3862670,920301,2026-06-08 12:50|XAUUSD|BUY|0.01,kept,false,P2DEMO_sn_round_XAUUSD,[sl 4286.00]
2026-06-08 12:25:01,2026-06-08 13:32:24,breakout_retest,ACCEPTED,EURUSD,SELL,0.01,1.15153,1.15003,1.15253,1.15003,CLOSED,5.51,Afternoon 12:00-15:59,WIN,3862205,920102,2026-06-08 12:25|EURUSD|SELL|0.01,unique,false,P2DEMO_br_EURUSD,[tp 1.15003]
2026-06-08 11:55:01,2026-06-08 12:24:54,symbol_normalized_round_retest_v0,ACCEPTED,XAUUSD,SELL,0.01,4296.21,4288.46,4301.51,4288.46,CLOSED,28.45,Morning 06:00-11:59,WIN,3861823,920301,2026-06-08 11:55|XAUUSD|SELL|0.01,kept,false,P2DEMO_sn_round_XAUUSD,[tp 4288.46]
2026-06-08 11:20:00,2026-06-08 11:59:35,breakout_retest,ACCEPTED,EURUSD,BUY,0.01,1.15265,1.15165,1.15165,1.15415,CLOSED,-3.67,Morning 06:00-11:59,LOSS,3861170,920102,2026-06-08 11:20|EURUSD|BUY|0.01,unique,false,P2DEMO_br_EURUSD,[sl 1.15165]
2026-06-08 11:15:00,2026-06-08 11:49:50,symbol_normalized_round_retest_v0,ACCEPTED,XAUUSD,BUY,0.01,4305.72,4298.04,4298.41,4316.81,CLOSED,-28.22,Morning 06:00-11:59,LOSS,3861045,920301,2026-06-08 11:15|XAUUSD|BUY|0.01,kept,false,P2DEMO_sn_round_XAUUSD,[sl 4298.41]
2026-06-08 10:40:00,2026-06-08 11:13:34,symbol_normalized_round_retest_v0,ACCEPTED,XAUUSD,SELL,0.01,4296.16,4304.88,4304.75,4283.52,CLOSED,-32.04,Morning 06:00-11:59,LOSS,3860583,920301,2026-06-08 10:40|XAUUSD|SELL|0.01,kept,false,P2DEMO_sn_round_XAUUSD,[sl 4304.75]
2026-06-08 10:15:00,2026-06-08 10:35:57,symbol_normalized_round_retest_v0,ACCEPTED,XAUUSD,BUY,0.01,4304.10,4295.68,4295.72,4316.35,CLOSED,-30.94,Morning 06:00-11:59,LOSS,3860062,920301,2026-06-08 10:15|XAUUSD|BUY|0.01,kept,false,P2DEMO_sn_round_XAUUSD,[sl 4295.72]
2026-06-08 10:10:00,2026-06-08 13:32:02,breakout_retest,ACCEPTED,XAUUSD,SELL,0.01,4302.90,4276.94,4319.80,4276.94,CLOSED,95.32,Morning 06:00-11:59,WIN,3859986,920101,2026-06-08 10:10|XAUUSD|SELL|0.01,kept,false,P2DEMO_br_XAUUSD,[tp 4276.94]
2026-06-08 10:10:00,2026-06-08 10:27:19,breakout_retest,ACCEPTED,USDJPY,SELL,0.01,160.28,160.33,160.33,160.20,CLOSED,-1.26,Morning 06:00-11:59,LOSS,3859987,920103,2026-06-08 10:10|USDJPY|SELL|0.01,unique,false,P2DEMO_br_USDJPY,[sl 160.331]
2026-06-08 09:50:00,2026-06-08 10:00:16,symbol_normalized_round_retest_v0,ACCEPTED,XAUUSD,SELL,0.01,4286.97,4297.82,4297.88,4270.45,CLOSED,-39.86,Morning 06:00-11:59,LOSS,3859647,920301,2026-06-08 09:50|XAUUSD|SELL|0.01,kept,false,P2DEMO_sn_round_XAUUSD,[sl 4297.88]
2026-06-08 09:20:00,2026-06-08 09:35:21,breakout_retest,ACCEPTED,EURUSD,BUY,0.01,1.15390,1.15290,1.15290,1.15540,CLOSED,-3.67,Morning 06:00-11:59,LOSS,3858983,920102,2026-06-08 09:20|EURUSD|BUY|0.01,kept,false,P2DEMO_br_EURUSD,[sl 1.15290]
2026-06-08 09:15:00,2026-06-08 09:18:55,breakout_retest,ACCEPTED,XAUUSD,SELL,0.01,4304.43,4310.91,4310.93,4294.58,CLOSED,-23.81,Morning 06:00-11:59,LOSS,3858919,920101,2026-06-08 09:15|XAUUSD|SELL|0.01,unique,false,P2DEMO_br_XAUUSD,[sl 4310.93]
2026-06-08 08:45:00,2026-06-08 08:47:44,breakout_retest,ACCEPTED,XAUUSD,SELL,0.01,4307.51,4311.30,4311.28,4301.90,CLOSED,-13.92,Morning 06:00-11:59,LOSS,3858546,920101,2026-06-08 08:45|XAUUSD|SELL|0.01,unique,false,P2DEMO_br_XAUUSD,[sl 4311.28]
2026-06-08 07:30:01,2026-06-08 07:47:29,breakout_retest,ACCEPTED,XAUUSD,SELL,0.01,4307.24,4313.42,4313.25,4297.76,CLOSED,-22.71,Morning 06:00-11:59,LOSS,3858034,920101,2026-06-08 07:30|XAUUSD|SELL|0.01,unique,false,P2DEMO_br_XAUUSD,[sl 4313.25]
2026-06-08 06:15:00,2026-06-08 09:30:47,symbol_normalized_round_retest_v0,ACCEPTED,XAUUSD,SELL,0.01,4316.72,4302.92,4325.98,4302.92,CLOSED,50.67,Morning 06:00-11:59,WIN,3857079,920301,2026-06-08 06:15|XAUUSD|SELL|0.01,kept,false,P2DEMO_sn_round_XAUUSD,[tp 4302.92]
2026-06-08 06:00:00,2026-06-08 06:10:25,symbol_normalized_round_retest_v0,ACCEPTED,XAUUSD,BUY,0.01,4326.05,4316.26,4316.21,4340.86,CLOSED,-35.97,Morning 06:00-11:59,LOSS,3856878,920301,2026-06-08 06:00|XAUUSD|BUY|0.01,kept,false,P2DEMO_sn_round_XAUUSD,[sl 4316.21]
2026-06-08 05:43:25,2026-06-08 06:18:00,WR50_BreakoutEvening_v0,EXPERIMENTAL,XAUUSD,BUY,0.01,4327.38,4312.99,4313.39,4348.34,CLOSED,-52.87,Night 20:00-05:59,LOSS,3856126,930000,2026-06-08 05:43|XAUUSD|BUY|0.01,kept,false,WR50|BEV0|R260605A,[sl 4313.39]
2026-06-08 05:35:00,2026-06-08 09:17:45,breakout_retest,ACCEPTED,EURUSD,BUY,0.01,1.15209,1.15359,1.15109,1.15359,CLOSED,5.51,Night 20:00-05:59,WIN,3856495,920102,2026-06-08 05:35|EURUSD|BUY|0.01,kept,false,P2DEMO_br_EURUSD,[tp 1.15359]
2026-06-08 05:30:00,2026-06-08 05:45:42,symbol_normalized_round_retest_v0,ACCEPTED,XAUUSD,SELL,0.01,4313.98,4328.89,4328.84,4292.80,CLOSED,-54.79,Night 20:00-05:59,LOSS,3856239,920301,2026-06-08 05:30|XAUUSD|SELL|0.01,kept,false,P2DEMO_sn_round_XAUUSD,[sl 4328.84]
2026-06-08 05:10:00,2026-06-08 05:15:17,symbol_normalized_round_retest_v0,ACCEPTED,XAUUSD,SELL,0.01,4337.23,4321.83,4347.71,4321.83,CLOSED,56.55,Night 20:00-05:59,WIN,3855832,920301,2026-06-08 05:10|XAUUSD|SELL|0.01,kept,false,P2DEMO_sn_round_XAUUSD,[tp 4321.83]
2026-06-08 04:40:04,2026-06-08 05:30:23,breakout_retest,ACCEPTED,EURUSD,BUY,0.01,1.15269,1.15168,1.15169,1.15419,CLOSED,-3.71,Night 20:00-05:59,LOSS,3855349,920102,2026-06-08 04:40|EURUSD|BUY|0.01,unique,false,P2DEMO_br_EURUSD,[sl 1.15169]
2026-06-08 04:40:00,2026-06-08 05:00:33,symbol_normalized_round_retest_v0,ACCEPTED,XAUUSD,SELL,0.01,4347.71,4337.50,4354.57,4337.50,CLOSED,37.49,Night 20:00-05:59,WIN,3855339,920301,2026-06-08 04:40|XAUUSD|SELL|0.01,kept,false,P2DEMO_sn_round_XAUUSD,[tp 4337.50]
2026-06-08 04:00:00,2026-06-08 04:28:32,symbol_normalized_round_retest_v0,ACCEPTED,XAUUSD,BUY,0.01,4343.56,4352.38,4339.28,4352.38,CLOSED,32.39,Night 20:00-05:59,WIN,3854567,920301,2026-06-08 04:00|XAUUSD|BUY|0.01,kept,false,P2DEMO_sn_round_XAUUSD,[tp 4352.38]
2026-06-08 03:50:02,2026-06-08 05:31:00,swing_breakout_retest_v0,ACCEPTED,EURUSD,BUY,0.01,1.15218,1.15118,1.15118,1.15368,CLOSED,-3.67,Night 20:00-05:59,LOSS,3853982,920202,2026-06-08 03:50|EURUSD|BUY|0.01,unique,false,P2DEMO_swing_br_EURUSD,[sl 1.15118]
2026-06-08 03:15:00,2026-06-08 03:43:27,symbol_normalized_round_retest_v0,ACCEPTED,XAUUSD,BUY,0.01,4331.07,4339.84,4325.59,4339.84,CLOSED,32.20,Night 20:00-05:59,WIN,3852092,920301,2026-06-08 03:15|XAUUSD|BUY|0.01,kept,false,P2DEMO_sn_round_XAUUSD,[tp 4339.84]
2026-06-08 03:10:01,2026-06-08 03:54:14,breakout_retest,ACCEPTED,XAUUSD,BUY,0.01,4327.09,4343.05,4316.55,4343.05,CLOSED,58.60,Night 20:00-05:59,WIN,3851993,920101,2026-06-08 03:10|XAUUSD|BUY|0.01,kept,false,P2DEMO_br_XAUUSD,[tp 4343.05]
2026-06-08 02:45:00,2026-06-08 02:56:07,breakout_retest,ACCEPTED,XAUUSD,BUY,0.01,4326.26,4318.43,4318.86,4337.86,CLOSED,-28.77,Night 20:00-05:59,LOSS,3851724,920101,2026-06-08 02:45|XAUUSD|BUY|0.01,kept,false,P2DEMO_br_XAUUSD,[sl 4318.86]
2026-06-08 02:30:01,2026-06-08 04:01:38,breakout_retest,ACCEPTED,EURUSD,SELL,0.01,1.15137,1.15237,1.15237,1.14987,CLOSED,-3.67,Night 20:00-05:59,LOSS,3851467,920102,2026-06-08 02:30|EURUSD|SELL|0.01,unique,false,P2DEMO_br_EURUSD,[sl 1.15237]
2026-06-08 02:25:01,2026-06-08 03:11:41,symbol_normalized_round_retest_v0,ACCEPTED,XAUUSD,SELL,0.01,4322.60,4330.46,4330.41,4310.88,CLOSED,-28.88,Night 20:00-05:59,LOSS,3851346,920301,2026-06-08 02:25|XAUUSD|SELL|0.01,kept,false,P2DEMO_sn_round_XAUUSD,[sl 4330.41]
2026-06-08 02:05:02,2026-06-08 02:05:44,symbol_normalized_round_retest_v0,ACCEPTED,XAUUSD,SELL,0.01,4320.25,4314.40,4324.18,4314.40,CLOSED,21.48,Night 20:00-05:59,WIN,3850884,920301,2026-06-08 02:05|XAUUSD|SELL|0.01,kept,false,P2DEMO_sn_round_XAUUSD,[tp 4314.40]
2026-06-08 01:05:01,2026-06-08 12:53:40,swing_breakout_retest_v0,ACCEPTED,USDJPY,BUY,0.01,160.35,160.08,160.08,160.76,CLOSED,-6.27,Night 20:00-05:59,LOSS,3850491,920203,2026-06-08 01:05|USDJPY|BUY|0.01,unique,false,P2DEMO_swing_br_USDJPY,[sl 160.083]
2026-06-05 23:20:42,2026-06-05 23:41:50,WR50_BreakoutEvening_v0,EXPERIMENTAL,XAUUSD,BUY,0.01,4320.02,4314.27,4314.28,4328.63,CLOSED,-21.13,Night 20:00-05:59,LOSS,3841932,930000,2026-06-05 23:20|XAUUSD|BUY|0.01,kept,false,WR50|BEV0|R260605A,[sl 4314.28]
2026-06-05 22:25:00,2026-06-05 22:32:31,symbol_normalized_round_retest_v0,ACCEPTED,XAUUSD,BUY,0.01,4327.96,4321.93,4321.93,4336.08,CLOSED,-22.15,Night 20:00-05:59,LOSS,3840166,920301,2026-06-05 22:25|XAUUSD|BUY|0.01,kept,false,P2DEMO_sn_round_XAUUSD,[sl 4321.93]
2026-06-05 22:15:00,2026-06-05 22:20:13,symbol_normalized_round_retest_v0,ACCEPTED,XAUUSD,SELL,0.01,4322.94,4328.69,4328.15,4314.72,CLOSED,-21.13,Night 20:00-05:59,LOSS,3840009,920301,2026-06-05 22:15|XAUUSD|SELL|0.01,kept,false,P2DEMO_sn_round_XAUUSD,[sl 4328.15]
2026-06-05 21:50:00,2026-06-05 22:12:34,breakout_retest,ACCEPTED,XAUUSD,SELL,0.01,4339.80,4327.95,4347.70,4327.95,CLOSED,43.51,Night 20:00-05:59,WIN,3839359,920101,2026-06-05 21:50|XAUUSD|SELL|0.01,kept,false,P2DEMO_br_XAUUSD,[tp 4327.95]
2026-06-05 21:10:00,2026-06-05 21:40:40,breakout_retest,ACCEPTED,XAUUSD,SELL,0.01,4338.92,4347.47,4347.10,4326.57,CLOSED,-31.42,Night 20:00-05:59,LOSS,3838299,920101,2026-06-05 21:10|XAUUSD|SELL|0.01,kept,false,P2DEMO_br_XAUUSD,[sl 4347.10]
2026-06-05 20:55:00,2026-06-05 22:11:44,symbol_normalized_round_retest_v0,ACCEPTED,XAUUSD,BUY,0.01,4338.74,4328.34,4328.27,4353.95,CLOSED,-38.21,Night 20:00-05:59,LOSS,3837988,920301,2026-06-05 20:55|XAUUSD|BUY|0.01,kept,false,P2DEMO_sn_round_XAUUSD,[sl 4328.27]
2026-06-05 20:40:00,2026-06-05 20:45:45,symbol_normalized_round_retest_v0,ACCEPTED,XAUUSD,BUY,0.01,4332.11,4324.83,4324.69,4343.70,CLOSED,-26.75,Night 20:00-05:59,LOSS,3837696,920301,2026-06-05 20:40|XAUUSD|BUY|0.01,kept,false,P2DEMO_sn_round_XAUUSD,[sl 4324.69]
2026-06-05 20:15:00,2026-06-05 20:16:32,symbol_normalized_round_retest_v0,ACCEPTED,XAUUSD,BUY,0.01,4333.49,4326.99,4327.54,4342.54,CLOSED,-23.88,Night 20:00-05:59,LOSS,3836640,920301,2026-06-05 20:15|XAUUSD|BUY|0.01,kept,false,P2DEMO_sn_round_XAUUSD,[sl 4327.54]
2026-06-05 19:30:01,2026-06-05 20:00:39,breakout_retest,ACCEPTED,EURUSD,SELL,0.01,1.15457,1.15309,1.15559,1.15309,CLOSED,5.43,Evening 16:00-19:59,WIN,3835522,920102,2026-06-05 19:30|EURUSD|SELL|0.01,kept,false,P2DEMO_br_EURUSD,[tp 1.15309]
2026-06-05 19:15:01,2026-06-05 19:38:29,breakout_retest,ACCEPTED,XAUUSD,SELL,0.01,4352.71,4339.48,4361.09,4339.48,CLOSED,48.58,Evening 16:00-19:59,WIN,3835238,920101,2026-06-05 19:15|XAUUSD|SELL|0.01,unique,false,P2DEMO_br_XAUUSD,[tp 4339.48]
2026-06-05 18:55:01,2026-06-05 22:36:52,swing_breakout_retest_v0,ACCEPTED,USDJPY,BUY,0.01,160.27,160.17,160.18,160.40,CLOSED,-2.20,Evening 16:00-19:59,LOSS,3834775,920203,2026-06-05 18:55|USDJPY|BUY|0.01,unique,false,P2DEMO_swing_br_USDJPY,[sl 160.180]
2026-06-05 18:50:01,2026-06-05 19:11:55,symbol_normalized_round_retest_v0,ACCEPTED,EURUSD,BUY,0.01,1.15569,1.15470,1.15471,1.15721,CLOSED,-3.64,Evening 16:00-19:59,LOSS,3834101,920302,2026-06-05 18:50|EURUSD|BUY|0.01,unique,false,P2DEMO_sn_round_EURUSD,[sl 1.15471]
2026-06-05 18:40:02,2026-06-05 18:47:06,swing_breakout_retest_v0,ACCEPTED,USDJPY,BUY,0.01,160.24,160.20,160.20,160.31,CLOSED,-1.06,Evening 16:00-19:59,LOSS,3833190,920203,2026-06-05 18:40|USDJPY|BUY|0.01,unique,false,P2DEMO_swing_br_USDJPY,[sl 160.196]
2026-06-05 18:15:00,2026-06-05 19:37:46,symbol_normalized_round_retest_v0,ACCEPTED,XAUUSD,SELL,0.01,4365.95,4343.85,4380.83,4343.85,CLOSED,81.14,Evening 16:00-19:59,WIN,3832630,920301,2026-06-05 18:15|XAUUSD|SELL|0.01,kept,false,P2DEMO_sn_round_XAUUSD,[tp 4343.85]
2026-06-05 17:55:00,2026-06-08 12:56:51,session_extreme_retest_v0,PROVISIONAL,USDJPY,BUY,0.01,160.12,159.93,159.94,160.40,CLOSED,-3.71,Evening 16:00-19:59,LOSS,3831981,920503,2026-06-05 17:55|USDJPY|BUY|0.01,kept,false,P2DEMO_sess_ext_USDJPY,[sl 159.939]
2026-06-05 17:55:00,2026-06-05 18:12:48,swing_breakout_retest_v0,ACCEPTED,EURUSD,SELL,0.01,1.15778,1.15629,1.15879,1.15629,CLOSED,5.47,Evening 16:00-19:59,WIN,3831982,920202,2026-06-05 17:55|EURUSD|SELL|0.01,unique,false,P2DEMO_swing_br_EURUSD,[tp 1.15629]
2026-06-05 17:30:00,2026-06-05 18:06:40,breakout_retest,ACCEPTED,EURUSD,SELL,0.01,1.15845,1.15692,1.15943,1.15692,CLOSED,5.62,Evening 16:00-19:59,WIN,3831239,920102,2026-06-05 17:30|EURUSD|SELL|0.01,unique,false,P2DEMO_br_EURUSD,[tp 1.15692]
2026-06-05 17:15:00,2026-06-05 17:45:22,session_extreme_retest_v0,PROVISIONAL,USDJPY,BUY,0.01,160.07,159.96,159.96,160.22,CLOSED,-2.55,Evening 16:00-19:59,LOSS,3831005,920503,2026-06-05 17:15|USDJPY|BUY|0.01,kept,false,P2DEMO_sess_ext_USDJPY,[sl 159.964]
2026-06-05 17:10:00,2026-06-05 17:37:02,symbol_normalized_round_retest_v0,ACCEPTED,XAUUSD,BUY,0.01,4416.07,4396.70,4396.78,4446.08,CLOSED,-71.17,Evening 16:00-19:59,LOSS,3830926,920301,2026-06-05 17:10|XAUUSD|BUY|0.01,kept,false,P2DEMO_sn_round_XAUUSD,[sl 4396.78]
2026-06-05 16:35:00,2026-06-05 16:53:39,breakout_retest,ACCEPTED,EURUSD,SELL,0.01,1.16142,1.15991,1.16241,1.15991,CLOSED,5.54,Evening 16:00-19:59,WIN,3829758,920102,2026-06-05 16:35|EURUSD|SELL|0.01,kept,false,P2DEMO_br_EURUSD,[tp 1.15991]
2026-06-05 16:30:00,2026-06-05 16:30:06,session_extreme_retest_v0,PROVISIONAL,USDJPY,SELL,0.01,159.87,160.05,160.04,159.59,CLOSED,-4.09,Evening 16:00-19:59,LOSS,3829527,920503,2026-06-05 16:30|USDJPY|SELL|0.01,unique,false,P2DEMO_sess_ext_USDJPY,[sl 160.045]
2026-06-05 16:15:00,2026-06-05 16:20:22,breakout_retest,ACCEPTED,XAUUSD,BUY,0.01,4469.74,4475.23,4466.08,4475.23,CLOSED,20.16,Evening 16:00-19:59,WIN,3829250,920101,2026-06-05 16:15|XAUUSD|BUY|0.01,kept,false,P2DEMO_br_XAUUSD,[tp 4475.23]
2026-06-05 16:00:00,2026-06-05 16:30:01,symbol_normalized_round_retest_v0,ACCEPTED,XAUUSD,SELL,0.01,4470.00,4456.85,4479.55,4456.85,CLOSED,48.29,Evening 16:00-19:59,WIN,3828981,920301,2026-06-05 16:00|XAUUSD|SELL|0.01,kept,false,P2DEMO_sn_round_XAUUSD,[tp 4456.85]
2026-06-05 13:15:01,2026-06-05 16:30:01,breakout_retest,ACCEPTED,EURUSD,BUY,0.01,1.16428,1.16304,1.16328,1.16578,CLOSED,-4.56,Afternoon 12:00-15:59,LOSS,3826802,920102,2026-06-05 13:15|EURUSD|BUY|0.01,kept,false,P2DEMO_br_EURUSD,[sl 1.16328]
2026-06-05 11:50:00,2026-06-05 15:51:53,symbol_normalized_round_retest_v0,ACCEPTED,XAUUSD,BUY,0.01,4463.04,4473.50,4456.05,4473.50,CLOSED,38.40,Morning 06:00-11:59,WIN,3825445,920301,2026-06-05 11:50|XAUUSD|BUY|0.01,kept,false,P2DEMO_sn_round_XAUUSD,[tp 4473.50]
2026-06-05 11:00:00,2026-06-05 12:06:13,breakout_retest,ACCEPTED,EURUSD,BUY,0.01,1.16224,1.16374,1.16124,1.16374,CLOSED,5.51,Morning 06:00-11:59,WIN,3824434,920102,2026-06-05 11:00|EURUSD|BUY|0.01,kept,false,P2DEMO_br_EURUSD,[tp 1.16374]
2026-06-05 10:25:00,2026-06-05 11:08:38,symbol_normalized_round_retest_v0,ACCEPTED,XAUUSD,BUY,0.01,4444.72,4458.08,4435.43,4458.08,CLOSED,49.06,Morning 06:00-11:59,WIN,3823971,920301,2026-06-05 10:25|XAUUSD|BUY|0.01,kept,false,P2DEMO_sn_round_XAUUSD,[tp 4458.08]
2026-06-05 10:05:00,2026-06-05 10:24:20,breakout_retest,ACCEPTED,XAUUSD,SELL,0.01,4437.17,4443.99,4444.05,4427.00,CLOSED,-25.06,Morning 06:00-11:59,LOSS,3823694,920101,2026-06-05 10:05|XAUUSD|SELL|0.01,unique,false,P2DEMO_br_XAUUSD,[sl 4444.05]
2026-06-05 08:35:01,2026-06-05 08:40:24,breakout_retest,ACCEPTED,XAUUSD,SELL,0.01,4439.02,4443.97,4443.69,4432.07,CLOSED,-18.19,Morning 06:00-11:59,LOSS,3822876,920101,2026-06-05 08:35|XAUUSD|SELL|0.01,kept,false,P2DEMO_br_XAUUSD,[sl 4443.69]
2026-06-05 08:10:01,2026-06-05 08:18:01,breakout_retest,ACCEPTED,XAUUSD,SELL,0.01,4440.43,4444.14,4444.28,4434.75,CLOSED,-13.63,Morning 06:00-11:59,LOSS,3822697,920101,2026-06-05 08:10|XAUUSD|SELL|0.01,unique,false,P2DEMO_br_XAUUSD,[sl 4444.28]
2026-06-05 07:25:00,2026-06-05 07:57:04,breakout_retest,ACCEPTED,XAUUSD,SELL,0.01,4437.29,4443.65,4443.58,4427.76,CLOSED,-23.37,Morning 06:00-11:59,LOSS,3822354,920101,2026-06-05 07:25|XAUUSD|SELL|0.01,kept,false,P2DEMO_br_XAUUSD,[sl 4443.58]
2026-06-05 06:35:00,2026-06-05 07:22:09,breakout_retest,ACCEPTED,XAUUSD,SELL,0.01,4444.71,4436.24,4450.35,4436.24,CLOSED,31.09,Morning 06:00-11:59,WIN,3821897,920101,2026-06-05 06:35|XAUUSD|SELL|0.01,kept,false,P2DEMO_br_XAUUSD,[tp 4436.24]
2026-06-05 06:10:00,2026-06-05 10:15:01,symbol_normalized_round_retest_v0,ACCEPTED,XAUUSD,SELL,0.01,4447.65,4433.84,4456.87,4433.84,CLOSED,50.70,Morning 06:00-11:59,WIN,3821444,920301,2026-06-05 06:10|XAUUSD|SELL|0.01,kept,false,P2DEMO_sn_round_XAUUSD,[tp 4433.84]
2026-06-05 05:25:00,2026-06-05 06:01:35,breakout_retest,ACCEPTED,XAUUSD,SELL,0.01,4454.64,4442.73,4462.67,4442.73,CLOSED,43.73,Night 20:00-05:59,WIN,3820690,920101,2026-06-05 05:25|XAUUSD|SELL|0.01,kept,false,P2DEMO_br_XAUUSD,[tp 4442.73]
2026-06-05 04:45:00,2026-06-05 05:05:11,breakout_retest,ACCEPTED,XAUUSD,SELL,0.01,4462.77,4470.21,4469.77,4452.72,CLOSED,-27.33,Night 20:00-05:59,LOSS,3820243,920101,2026-06-05 04:45|XAUUSD|SELL|0.01,kept,false,P2DEMO_br_XAUUSD,[sl 4469.77]
2026-06-05 04:40:00,2026-06-05 04:59:31,symbol_normalized_round_retest_v0,ACCEPTED,XAUUSD,BUY,0.01,4464.71,4459.07,4459.08,4472.86,CLOSED,-20.72,Night 20:00-05:59,LOSS,3820210,920301,2026-06-05 04:40|XAUUSD|BUY|0.01,kept,false,P2DEMO_sn_round_XAUUSD,[sl 4459.08]
2026-06-05 04:15:01,2026-06-05 04:35:13,breakout_retest,ACCEPTED,XAUUSD,SELL,0.01,4455.66,4462.09,4461.79,4447.49,CLOSED,-23.62,Night 20:00-05:59,LOSS,3819923,920101,2026-06-05 04:15|XAUUSD|SELL|0.01,kept,false,P2DEMO_br_XAUUSD,[sl 4461.79]
2026-06-05 04:10:01,2026-06-05 11:23:18,session_extreme_retest_v0,PROVISIONAL,EURUSD,BUY,0.01,1.16140,1.16290,1.16040,1.16290,CLOSED,5.51,Night 20:00-05:59,WIN,3819810,920502,2026-06-05 04:10|EURUSD|BUY|0.01,unique,false,P2DEMO_sess_ext_EURUSD,[tp 1.16290]
2026-06-05 03:15:01,2026-06-05 03:45:25,breakout_retest,ACCEPTED,XAUUSD,SELL,0.01,4470.82,4461.02,4477.35,4461.02,CLOSED,35.98,Night 20:00-05:59,WIN,3819139,920101,2026-06-05 03:15|XAUUSD|SELL|0.01,kept,false,P2DEMO_br_XAUUSD,[tp 4461.02]
2026-06-05 02:50:01,2026-06-05 03:02:18,breakout_retest,ACCEPTED,XAUUSD,SELL,0.01,4473.53,4466.44,4478.23,4466.44,CLOSED,26.03,Night 20:00-05:59,WIN,3818897,920101,2026-06-05 02:50|XAUUSD|SELL|0.01,kept,false,P2DEMO_br_XAUUSD,[tp 4466.44]
2026-06-05 02:25:00,2026-06-05 02:44:59,session_extreme_retest_v0,PROVISIONAL,XAUUSD,BUY,0.01,4479.57,4475.05,4475.17,4486.18,CLOSED,-16.61,Night 20:00-05:59,LOSS,3818620,920501,2026-06-05 02:25|XAUUSD|BUY|0.01,unique,false,P2DEMO_sess_ext_XAUUSD,[sl 4475.17]
2026-06-05 02:20:00,2026-06-05 02:44:55,symbol_normalized_round_retest_v0,ACCEPTED,XAUUSD,BUY,0.01,4478.36,4475.25,4475.36,4482.86,CLOSED,-11.43,Night 20:00-05:59,LOSS,3818581,920301,2026-06-05 02:20|XAUUSD|BUY|0.01,kept,false,P2DEMO_sn_round_XAUUSD,[sl 4475.36]
2026-06-05 01:25:15,2026-06-05 16:57:32,swing_breakout_retest_v0,ACCEPTED,USDJPY,SELL,0.01,159.99,160.17,160.17,159.72,CLOSED,-4.11,Night 20:00-05:59,LOSS,3818304,920203,2026-06-05 01:25|USDJPY|SELL|0.01,kept,false,P2DEMO_swing_br_USDJPY,[sl 160.171]
2026-06-05 01:21:08,2026-06-05 10:46:41,breakout_retest,ACCEPTED,EURUSD,SELL,0.01,1.16106,1.16227,1.16226,1.15926,CLOSED,-4.45,Night 20:00-05:59,LOSS,3818301,920102,2026-06-05 01:21|EURUSD|SELL|0.01,kept,false,P2DEMO_br_EURUSD,[sl 1.16226]
2026-06-05 01:15:37,2026-06-05 15:46:57,session_extreme_retest_v0,PROVISIONAL,USDJPY,BUY,0.01,160.05,159.87,159.87,160.32,CLOSED,-4.16,Night 20:00-05:59,LOSS,3818291,920503,2026-06-05 01:15|USDJPY|BUY|0.01,unique,false,P2DEMO_sess_ext_USDJPY,[sl 159.872]
2026-06-05 00:50:00,2026-06-05 02:00:01,breakout_retest,ACCEPTED,XAUUSD,SELL,0.01,4474.76,4475.88,4477.74,4470.24,CLOSED,-2.84,Night 20:00-05:59,LOSS,3818216,920101,2026-06-05 00:50|XAUUSD|SELL|0.01,kept,false,P2DEMO_br_XAUUSD,[sl 4477.74]
2026-06-05 00:40:00,2026-06-05 02:00:04,session_extreme_retest_v0,PROVISIONAL,XAUUSD,BUY,0.01,4476.72,4473.06,4473.74,4481.24,CLOSED,-16.08,Night 20:00-05:59,LOSS,3818027,920501,2026-06-05 00:40|XAUUSD|BUY|0.01,unique,false,P2DEMO_sess_ext_XAUUSD,[sl 4473.74]
2026-06-04 21:35:00,2026-06-04 21:42:33,session_extreme_retest_v0,PROVISIONAL,XAUUSD,BUY,0.01,4480.43,4476.20,4476.10,4486.88,CLOSED,-15.54,Night 20:00-05:59,LOSS,3816382,920501,2026-06-04 21:35|XAUUSD|BUY|0.01,unique,false,P2DEMO_sess_ext_XAUUSD,[sl 4476.10]
2026-06-04 21:30:01,2026-06-04 22:33:44,breakout_retest,ACCEPTED,XAUUSD,BUY,0.01,4477.57,4474.99,4474.75,4482.25,CLOSED,-9.48,Night 20:00-05:59,LOSS,3816318,920101,2026-06-04 21:30|XAUUSD|BUY|0.01,kept,false,P2DEMO_br_XAUUSD,[sl 4474.75]
2026-06-04 20:05:03,2026-06-04 23:10:50,breakout_retest,ACCEPTED,EURUSD,SELL,0.01,1.16272,1.16123,1.16373,1.16123,CLOSED,5.47,Night 20:00-05:59,WIN,3815537,920102,2026-06-04 20:05|EURUSD|SELL|0.01,kept,false,P2DEMO_br_EURUSD,[tp 1.16123]
2026-06-04 18:10:01,2026-06-04 18:58:32,swing_breakout_retest_v0,ACCEPTED,USDJPY,BUY,0.01,159.92,159.99,159.88,159.99,CLOSED,1.47,Evening 16:00-19:59,WIN,3813272,920203,2026-06-04 18:10|USDJPY|BUY|0.01,unique,false,P2DEMO_swing_br_USDJPY,[tp 159.988]
2026-06-04 18:05:00,2026-06-04 18:30:19,breakout_retest,ACCEPTED,XAUUSD,SELL,0.01,4495.50,4482.83,4503.68,4482.83,CLOSED,46.52,Evening 16:00-19:59,WIN,3813119,920101,2026-06-04 18:05|XAUUSD|SELL|0.01,kept,false,P2DEMO_br_XAUUSD,[tp 4482.83]
2026-06-04 16:30:01,2026-06-04 17:37:43,breakout_retest,ACCEPTED,XAUUSD,BUY,0.01,4500.77,4511.11,4491.74,4511.11,CLOSED,37.97,Evening 16:00-19:59,WIN,3811214,920101,2026-06-04 16:30|XAUUSD|BUY|0.01,unique,false,P2DEMO_br_XAUUSD,[tp 4511.11]
2026-06-04 15:45:01,2026-06-04 15:48:07,session_extreme_retest_v0,PROVISIONAL,XAUUSD,BUY,0.01,4491.86,4502.28,4485.15,4502.28,CLOSED,38.26,Afternoon 12:00-15:59,WIN,3810574,920501,2026-06-04 15:45|XAUUSD|BUY|0.01,unique,false,P2DEMO_sess_ext_XAUUSD,[tp 4502.28]
2026-06-04 15:40:01,2026-06-04 16:11:25,swing_breakout_retest_v0,ACCEPTED,USDJPY,SELL,0.01,159.81,159.86,159.85,159.74,CLOSED,-1.15,Afternoon 12:00-15:59,LOSS,3810524,920203,2026-06-04 15:40|USDJPY|SELL|0.01,unique,false,P2DEMO_swing_br_USDJPY,[sl 159.854]
2026-06-04 15:25:01,2026-06-04 15:27:13,breakout_retest,ACCEPTED,XAUUSD,BUY,0.01,4479.23,4488.55,4472.78,4488.55,CLOSED,34.22,Afternoon 12:00-15:59,WIN,3810242,920101,2026-06-04 15:25|XAUUSD|BUY|0.01,kept,false,P2DEMO_br_XAUUSD,[tp 4488.55]
2026-06-04 15:10:01,2026-06-04 19:06:32,breakout_retest,ACCEPTED,EURUSD,BUY,0.01,1.16356,1.16256,1.16256,1.16506,CLOSED,-3.67,Afternoon 12:00-15:59,LOSS,3810056,920102,2026-06-04 15:10|EURUSD|BUY|0.01,kept,false,P2DEMO_br_EURUSD,[sl 1.16256]
2026-06-04 12:10:03,2026-06-04 13:00:48,breakout_retest,ACCEPTED,EURUSD,SELL,0.01,1.16053,1.16153,1.16153,1.15903,CLOSED,-3.67,Afternoon 12:00-15:59,LOSS,3808269,920102,2026-06-04 12:10|EURUSD|SELL|0.01,kept,false,P2DEMO_br_EURUSD,[sl 1.16153]
2026-06-04 11:25:00,2026-06-04 13:52:03,symbol_normalized_round_retest_v0,ACCEPTED,XAUUSD,SELL,0.01,4465.95,4474.21,4474.10,4453.50,CLOSED,-30.35,Morning 06:00-11:59,LOSS,3807896,920301,2026-06-04 11:25|XAUUSD|SELL|0.01,kept,false,P2DEMO_sn_round_XAUUSD,[sl 4474.10]
2026-06-04 11:15:00,2026-06-04 11:19:07,symbol_normalized_round_retest_v0,ACCEPTED,XAUUSD,SELL,0.01,4463.95,4470.93,4470.93,4453.47,CLOSED,-25.64,Morning 06:00-11:59,LOSS,3807763,920301,2026-06-04 11:15|XAUUSD|SELL|0.01,kept,false,P2DEMO_sn_round_XAUUSD,[sl 4470.93]
2026-06-04 10:50:01,2026-06-04 11:13:39,symbol_normalized_round_retest_v0,ACCEPTED,XAUUSD,SELL,0.01,4469.50,4462.90,4474.83,4462.90,CLOSED,24.23,Morning 06:00-11:59,WIN,3807615,920301,2026-06-04 10:50|XAUUSD|SELL|0.01,kept,false,P2DEMO_sn_round_XAUUSD,[tp 4462.90]
2026-06-04 08:20:00,2026-06-04 10:47:22,symbol_normalized_round_retest_v0,ACCEPTED,XAUUSD,BUY,0.01,4472.25,4464.14,4464.18,4484.35,CLOSED,-29.80,Morning 06:00-11:59,LOSS,3806189,920301,2026-06-04 08:20|XAUUSD|BUY|0.01,kept,false,P2DEMO_sn_round_XAUUSD,[sl 4464.18]
2026-06-04 08:00:00,2026-06-04 08:19:36,symbol_normalized_round_retest_v0,ACCEPTED,XAUUSD,BUY,0.01,4464.20,4472.09,4458.94,4472.09,CLOSED,28.97,Morning 06:00-11:59,WIN,3806079,920301,2026-06-04 08:00|XAUUSD|BUY|0.01,kept,false,P2DEMO_sn_round_XAUUSD,[tp 4472.09]
2026-06-04 07:25:03,2026-06-04 10:35:46,breakout_retest,ACCEPTED,EURUSD,SELL,0.01,1.16039,1.16141,1.16141,1.15891,CLOSED,-3.75,Morning 06:00-11:59,LOSS,3805846,920102,2026-06-04 07:25|EURUSD|SELL|0.01,kept,false,P2DEMO_br_EURUSD,[sl 1.16141]
2026-06-04 06:50:00,2026-06-04 07:40:33,symbol_normalized_round_retest_v0,ACCEPTED,XAUUSD,BUY,0.01,4470.75,4463.22,4463.32,4482.02,CLOSED,-27.67,Morning 06:00-11:59,LOSS,3805530,920301,2026-06-04 06:50|XAUUSD|BUY|0.01,kept,false,P2DEMO_sn_round_XAUUSD,[sl 4463.32]
2026-06-04 06:30:00,2026-06-04 06:48:00,symbol_normalized_round_retest_v0,ACCEPTED,XAUUSD,BUY,0.01,4461.31,4467.29,4457.04,4467.29,CLOSED,21.96,Morning 06:00-11:59,WIN,3805467,920301,2026-06-04 06:30|XAUUSD|BUY|0.01,kept,false,P2DEMO_sn_round_XAUUSD,[tp 4467.29]
2026-06-04 06:00:00,2026-06-04 06:10:15,symbol_normalized_round_retest_v0,ACCEPTED,XAUUSD,BUY,0.01,4466.61,4456.54,4456.65,4482.15,CLOSED,-37.00,Morning 06:00-11:59,LOSS,3804973,920301,2026-06-04 06:00|XAUUSD|BUY|0.01,kept,false,P2DEMO_sn_round_XAUUSD,[sl 4456.65]
2026-06-04 05:45:00,2026-06-04 05:47:34,symbol_normalized_round_retest_v0,ACCEPTED,XAUUSD,SELL,0.01,4459.11,4465.07,4465.07,4450.17,CLOSED,-21.90,Night 20:00-05:59,LOSS,3804767,920301,2026-06-04 05:45|XAUUSD|SELL|0.01,kept,false,P2DEMO_sn_round_XAUUSD,[sl 4465.07]
2026-06-04 05:25:00,2026-06-04 05:41:25,symbol_normalized_round_retest_v0,ACCEPTED,XAUUSD,BUY,0.01,4469.89,4464.28,4464.22,4478.72,CLOSED,-20.61,Night 20:00-05:59,LOSS,3804685,920301,2026-06-04 05:25|XAUUSD|BUY|0.01,kept,false,P2DEMO_sn_round_XAUUSD,[sl 4464.22]
2026-06-04 05:10:01,2026-06-04 08:34:14,breakout_retest,ACCEPTED,XAUUSD,BUY,0.01,4459.95,4481.10,4445.50,4481.10,CLOSED,77.64,Night 20:00-05:59,WIN,3804542,920101,2026-06-04 05:10|XAUUSD|BUY|0.01,kept,false,P2DEMO_br_XAUUSD,[tp 4481.10]
2026-06-04 04:20:01,2026-06-04 04:22:02,breakout_retest,ACCEPTED,XAUUSD,BUY,0.01,4455.73,4450.36,4450.64,4463.14,CLOSED,-19.73,Night 20:00-05:59,LOSS,3804232,920101,2026-06-04 04:20|XAUUSD|BUY|0.01,kept,false,P2DEMO_br_XAUUSD,[sl 4450.64]
2026-06-04 04:15:01,2026-06-04 05:10:02,symbol_normalized_round_retest_v0,ACCEPTED,XAUUSD,SELL,0.01,4453.45,4460.71,4460.32,4442.94,CLOSED,-26.68,Night 20:00-05:59,LOSS,3804205,920301,2026-06-04 04:15|XAUUSD|SELL|0.01,kept,false,P2DEMO_sn_round_XAUUSD,[sl 4460.32]
2026-06-04 04:00:01,2026-06-04 04:00:29,symbol_normalized_round_retest_v0,ACCEPTED,XAUUSD,SELL,0.01,4455.88,4460.82,4460.04,4449.39,CLOSED,-18.15,Night 20:00-05:59,LOSS,3804085,920301,2026-06-04 04:00|XAUUSD|SELL|0.01,kept,false,P2DEMO_sn_round_XAUUSD,[sl 4460.04]
2026-06-04 02:20:00,2026-06-04 02:27:26,breakout_retest,ACCEPTED,XAUUSD,SELL,0.01,4427.48,4435.12,4434.52,4417.57,CLOSED,-28.07,Night 20:00-05:59,LOSS,3803300,920101,2026-06-04 02:20|XAUUSD|SELL|0.01,kept,false,P2DEMO_br_XAUUSD,[sl 4434.52]
2026-06-04 02:05:00,2026-06-04 02:07:35,breakout_retest,ACCEPTED,XAUUSD,SELL,0.01,4432.15,4434.89,4435.00,4427.50,CLOSED,-10.07,Night 20:00-05:59,LOSS,3803215,920101,2026-06-04 02:05|XAUUSD|SELL|0.01,kept,false,P2DEMO_br_XAUUSD,[sl 4435.00]
2026-06-03 22:40:01,2026-06-03 22:59:08,session_extreme_retest_v0,PROVISIONAL,XAUUSD,SELL,0.01,4438.43,4442.57,4442.66,4432.03,CLOSED,-15.21,Night 20:00-05:59,LOSS,3801784,920501,2026-06-03 22:40|XAUUSD|SELL|0.01,unique,false,P2DEMO_sess_ext_XAUUSD,[sl 4442.66]
2026-06-03 21:55:01,2026-06-03 22:30:03,session_extreme_retest_v0,PROVISIONAL,XAUUSD,SELL,0.01,4437.97,4441.54,4441.47,4432.40,CLOSED,-13.12,Night 20:00-05:59,LOSS,3801572,920501,2026-06-03 21:55|XAUUSD|SELL|0.01,unique,false,P2DEMO_sess_ext_XAUUSD,[sl 4441.47]
2026-06-03 21:20:00,2026-06-04 02:56:43,session_extreme_retest_v0,PROVISIONAL,USDJPY,BUY,0.01,160.03,159.95,159.96,160.14,CLOSED,-1.60,Night 20:00-05:59,LOSS,3801322,920503,2026-06-03 21:20|USDJPY|BUY|0.01,kept,false,P2DEMO_sess_ext_USDJPY,[sl 159.961]
2026-06-03 20:50:00,2026-06-03 20:57:45,session_extreme_retest_v0,PROVISIONAL,XAUUSD,SELL,0.01,4437.86,4442.25,4441.89,4431.54,CLOSED,-16.13,Night 20:00-05:59,LOSS,3801019,920501,2026-06-03 20:50|XAUUSD|SELL|0.01,unique,false,P2DEMO_sess_ext_XAUUSD,[sl 4441.89]
2026-06-03 20:15:02,2026-06-04 02:57:09,breakout_retest,ACCEPTED,EURUSD,SELL,0.01,1.15979,1.16080,1.16080,1.15830,CLOSED,-3.65,Night 20:00-05:59,LOSS,3800759,920102,2026-06-03 20:15|EURUSD|SELL|0.01,kept,false,P2DEMO_br_EURUSD,[sl 1.16080]
2026-06-03 20:05:01,2026-06-04 02:57:19,session_extreme_retest_v0,PROVISIONAL,EURUSD,SELL,0.01,1.16012,1.16118,1.16113,1.15863,CLOSED,-3.83,Night 20:00-05:59,LOSS,3800655,920502,2026-06-03 20:05|EURUSD|SELL|0.01,unique,false,P2DEMO_sess_ext_EURUSD,[sl 1.16113]
2026-06-03 19:20:00,2026-06-04 00:33:07,breakout_retest,ACCEPTED,XAUUSD,SELL,0.01,4445.60,4433.94,4453.22,4433.94,CLOSED,42.82,Evening 16:00-19:59,WIN,3800000,920101,2026-06-03 19:20|XAUUSD|SELL|0.01,kept,false,P2DEMO_br_XAUUSD,[tp 4433.94]
2026-06-03 19:10:00,2026-06-03 19:37:34,session_extreme_retest_v0,PROVISIONAL,XAUUSD,SELL,0.01,4448.99,4439.36,4455.44,4439.36,CLOSED,35.36,Evening 16:00-19:59,WIN,3799878,920501,2026-06-03 19:10|XAUUSD|SELL|0.01,unique,false,P2DEMO_sess_ext_XAUUSD,[tp 4439.36]
2026-06-03 18:20:01,2026-06-04 02:57:02,swing_breakout_retest_v0,ACCEPTED,USDJPY,BUY,0.01,159.99,159.89,159.90,160.11,CLOSED,-1.97,Evening 16:00-19:59,LOSS,3799285,920203,2026-06-03 18:20|USDJPY|BUY|0.01,unique,false,P2DEMO_swing_br_USDJPY,[sl 159.896]
2026-06-03 18:20:00,2026-06-03 18:49:19,session_extreme_retest_v0,PROVISIONAL,XAUUSD,SELL,0.01,4447.84,4455.30,4455.02,4437.04,CLOSED,-27.41,Evening 16:00-19:59,LOSS,3799276,920501,2026-06-03 18:20|XAUUSD|SELL|0.01,unique,false,P2DEMO_sess_ext_XAUUSD,[sl 4455.02]
2026-06-03 17:45:01,2026-06-03 18:59:49,session_extreme_retest_v0,PROVISIONAL,EURUSD,SELL,0.01,1.16026,1.16125,1.16128,1.15878,CLOSED,-3.64,Evening 16:00-19:59,LOSS,3798338,920502,2026-06-03 17:45|EURUSD|SELL|0.01,unique,false,P2DEMO_sess_ext_EURUSD,[sl 1.16128]
2026-06-03 17:30:01,2026-06-03 17:44:31,swing_breakout_retest_v0,ACCEPTED,XAUUSD,SELL,0.01,4448.14,4430.73,4459.98,4430.73,CLOSED,63.92,Evening 16:00-19:59,WIN,3798039,920201,2026-06-03 17:30|XAUUSD|SELL|0.01,kept,false,P2DEMO_swing_br_XAUUSD,[tp 4430.73]
2026-06-03 17:25:01,2026-06-03 17:42:51,breakout_retest,ACCEPTED,XAUUSD,SELL,0.01,4449.79,4437.13,4458.40,4437.13,CLOSED,46.48,Evening 16:00-19:59,WIN,3797950,920101,2026-06-03 17:25|XAUUSD|SELL|0.01,unique,false,P2DEMO_br_XAUUSD,[tp 4437.13]
2026-06-03 17:05:01,2026-06-04 13:03:33,symbol_normalized_round_retest_v0,ACCEPTED,EURUSD,BUY,0.01,1.16023,1.16173,1.15923,1.16173,CLOSED,5.10,Evening 16:00-19:59,WIN,3797719,920302,2026-06-03 17:05|EURUSD|BUY|0.01,unique,false,P2DEMO_sn_round_EURUSD,[tp 1.16173]
2026-06-03 17:00:01,2026-06-03 17:24:18,breakout_retest,ACCEPTED,XAUUSD,SELL,0.01,4459.54,4448.74,4466.84,4448.74,CLOSED,39.65,Evening 16:00-19:59,WIN,3797624,920101,2026-06-03 17:00|XAUUSD|SELL|0.01,unique,false,P2DEMO_br_XAUUSD,[tp 4448.74]
2026-06-03 16:40:01,2026-06-03 16:41:16,session_extreme_retest_v0,PROVISIONAL,XAUUSD,SELL,0.01,4450.05,4456.39,4456.52,4440.40,CLOSED,-23.29,Evening 16:00-19:59,LOSS,3797375,920501,2026-06-03 16:40|XAUUSD|SELL|0.01,unique,false,P2DEMO_sess_ext_XAUUSD,[sl 4456.52]
2026-06-03 16:30:00,2026-06-03 16:44:02,breakout_retest,ACCEPTED,XAUUSD,SELL,0.01,4453.24,4459.91,4459.80,4442.58,CLOSED,-24.51,Evening 16:00-19:59,LOSS,3797251,920101,2026-06-03 16:30|XAUUSD|SELL|0.01,unique,false,P2DEMO_br_XAUUSD,[sl 4459.80]
2026-06-03 15:50:02,2026-06-03 16:20:00,breakout_retest,ACCEPTED,EURUSD,BUY,0.01,1.16207,1.16107,1.16108,1.16358,CLOSED,-3.67,Afternoon 12:00-15:59,LOSS,3796764,920102,2026-06-03 15:50|EURUSD|BUY|0.01,kept,false,P2DEMO_br_EURUSD,[sl 1.16108]
2026-06-03 15:20:00,2026-06-03 15:20:54,breakout_retest,ACCEPTED,XAUUSD,SELL,0.01,4460.87,4465.27,4464.78,4455.00,CLOSED,-16.17,Afternoon 12:00-15:59,LOSS,3796571,920101,2026-06-03 15:20|XAUUSD|SELL|0.01,unique,false,P2DEMO_br_XAUUSD,[sl 4464.78]
2026-06-03 15:00:01,2026-06-03 15:45:09,session_extreme_retest_v0,PROVISIONAL,USDJPY,SELL,0.01,159.78,159.84,159.84,159.70,CLOSED,-1.24,Afternoon 12:00-15:59,LOSS,3796441,920503,2026-06-03 15:00|USDJPY|SELL|0.01,unique,false,P2DEMO_sess_ext_USDJPY,[sl 159.839]
2026-06-03 14:40:00,2026-06-03 15:02:58,breakout_retest,ACCEPTED,XAUUSD,SELL,0.01,4458.71,4463.82,4463.82,4451.42,CLOSED,-18.78,Afternoon 12:00-15:59,LOSS,3796311,920101,2026-06-03 14:40|XAUUSD|SELL|0.01,unique,false,P2DEMO_br_XAUUSD,[sl 4463.82]
2026-06-03 14:15:00,2026-06-03 16:38:14,session_extreme_retest_v0,PROVISIONAL,EURUSD,SELL,0.01,1.16152,1.16002,1.16252,1.16002,CLOSED,5.51,Afternoon 12:00-15:59,WIN,3796077,920502,2026-06-03 14:15|EURUSD|SELL|0.01,unique,false,P2DEMO_sess_ext_EURUSD,[tp 1.16002]
2026-06-03 14:05:01,2026-06-03 14:06:12,session_extreme_retest_v0,PROVISIONAL,USDJPY,SELL,0.01,159.76,159.69,159.81,159.69,CLOSED,1.72,Afternoon 12:00-15:59,WIN,3795860,920503,2026-06-03 14:05|USDJPY|SELL|0.01,unique,false,P2DEMO_sess_ext_USDJPY,[tp 159.685]
2026-06-03 13:25:00,2026-06-03 13:36:12,breakout_retest,ACCEPTED,XAUUSD,SELL,0.01,4447.47,4439.37,4452.97,4439.37,CLOSED,29.74,Afternoon 12:00-15:59,WIN,3795528,920101,2026-06-03 13:25|XAUUSD|SELL|0.01,kept,false,P2DEMO_br_XAUUSD,[tp 4439.37]
2026-06-03 13:20:00,2026-06-03 13:29:57,session_extreme_retest_v0,PROVISIONAL,XAUUSD,SELL,0.01,4449.95,4440.45,4456.28,4440.45,CLOSED,34.88,Afternoon 12:00-15:59,WIN,3795493,920501,2026-06-03 13:20|XAUUSD|SELL|0.01,unique,false,P2DEMO_sess_ext_XAUUSD,[tp 4440.45]
2026-06-03 13:15:01,2026-06-03 14:05:53,breakout_retest,ACCEPTED,EURUSD,SELL,0.01,1.16116,1.16216,1.16216,1.15966,CLOSED,-3.67,Afternoon 12:00-15:59,LOSS,3795452,920102,2026-06-03 13:15|EURUSD|SELL|0.01,kept,false,P2DEMO_br_EURUSD,[sl 1.16216]
2026-06-03 13:05:00,2026-06-03 13:29:05,symbol_normalized_round_retest_v0,ACCEPTED,XAUUSD,BUY,0.01,4451.49,4444.85,4445.17,4460.81,CLOSED,-24.40,Afternoon 12:00-15:59,LOSS,3795327,920301,2026-06-03 13:05|XAUUSD|BUY|0.01,kept,false,P2DEMO_sn_round_XAUUSD,[sl 4445.17]
2026-06-03 12:55:01,2026-06-03 13:03:36,session_extreme_retest_v0,PROVISIONAL,XAUUSD,SELL,0.01,4444.59,4448.96,4449.04,4438.24,CLOSED,-16.06,Afternoon 12:00-15:59,LOSS,3795216,920501,2026-06-03 12:55|XAUUSD|SELL|0.01,unique,false,P2DEMO_sess_ext_XAUUSD,[sl 4449.04]
2026-06-03 12:50:01,2026-06-03 13:29:29,session_extreme_retest_v0,PROVISIONAL,USDJPY,SELL,0.01,159.73,159.86,159.86,159.53,CLOSED,-3.06,Afternoon 12:00-15:59,LOSS,3795132,920503,2026-06-03 12:50|USDJPY|SELL|0.01,unique,false,P2DEMO_sess_ext_USDJPY,[sl 159.862]
2026-06-03 12:50:00,2026-06-03 12:51:48,session_extreme_retest_v0,PROVISIONAL,XAUUSD,SELL,0.01,4454.05,4447.74,4458.14,4447.74,CLOSED,23.17,Afternoon 12:00-15:59,WIN,3795129,920501,2026-06-03 12:50|XAUUSD|SELL|0.01,unique,false,P2DEMO_sess_ext_XAUUSD,[tp 4447.74]
2026-06-03 12:40:01,2026-06-08 06:45:06,breakout_retest,ACCEPTED,USDJPY,BUY,0.01,159.72,160.36,159.28,160.36,CLOSED,15.91,Afternoon 12:00-15:59,WIN,3795082,920103,2026-06-03 12:40|USDJPY|BUY|0.01,kept,false,P2DEMO_br_USDJPY,[tp 160.364]
2026-06-03 12:20:01,2026-06-03 12:30:02,session_extreme_retest_v0,PROVISIONAL,XAUUSD,SELL,0.01,4453.73,4458.25,4458.07,4447.50,CLOSED,-16.61,Afternoon 12:00-15:59,LOSS,3794920,920501,2026-06-03 12:20|XAUUSD|SELL|0.01,unique,false,P2DEMO_sess_ext_XAUUSD,[sl 4458.07]
2026-06-03 12:00:01,2026-06-03 12:04:00,breakout_retest,ACCEPTED,XAUUSD,SELL,0.01,4452.73,4458.85,4458.61,4443.91,CLOSED,-22.48,Afternoon 12:00-15:59,LOSS,3794739,920101,2026-06-03 12:00|XAUUSD|SELL|0.01,kept,false,P2DEMO_br_XAUUSD,[sl 4458.61]
2026-06-03 11:50:01,2026-06-03 12:31:02,breakout_retest,ACCEPTED,USDJPY,BUY,0.01,159.68,159.53,159.53,159.90,CLOSED,-3.50,Morning 06:00-11:59,LOSS,3794628,920103,2026-06-03 11:50|USDJPY|BUY|0.01,unique,false,P2DEMO_br_USDJPY,[sl 159.535]
2026-06-03 11:05:01,2026-06-03 11:26:48,symbol_normalized_round_retest_v0,ACCEPTED,XAUUSD,BUY,0.01,4465.18,4460.20,4460.21,4473.46,CLOSED,-18.30,Morning 06:00-11:59,LOSS,3794179,920301,2026-06-03 11:05|XAUUSD|BUY|0.01,kept,false,P2DEMO_sn_round_XAUUSD,[sl 4460.21]
2026-06-03 10:50:00,2026-06-03 11:03:03,breakout_retest,ACCEPTED,XAUUSD,SELL,0.01,4458.72,4464.95,4464.83,4449.51,CLOSED,-22.89,Morning 06:00-11:59,LOSS,3794056,920101,2026-06-03 10:50|XAUUSD|SELL|0.01,unique,false,P2DEMO_br_XAUUSD,[sl 4464.83]
2026-06-03 10:25:00,2026-06-03 11:03:34,symbol_normalized_round_retest_v0,ACCEPTED,XAUUSD,SELL,0.01,4459.98,4466.61,4465.85,4451.12,CLOSED,-24.36,Morning 06:00-11:59,LOSS,3793835,920301,2026-06-03 10:25|XAUUSD|SELL|0.01,kept,false,P2DEMO_sn_round_XAUUSD,[sl 4465.85]
2026-06-03 09:40:00,2026-06-03 09:59:10,symbol_normalized_round_retest_v0,ACCEPTED,XAUUSD,BUY,0.01,4467.27,4456.81,4456.86,4482.76,CLOSED,-38.43,Morning 06:00-11:59,LOSS,3793380,920301,2026-06-03 09:40|XAUUSD|BUY|0.01,kept,false,P2DEMO_sn_round_XAUUSD,[sl 4456.86]
2026-06-03 09:30:01,2026-06-03 12:40:19,breakout_retest,ACCEPTED,EURUSD,SELL,0.01,1.16221,1.16071,1.16321,1.16071,CLOSED,5.51,Morning 06:00-11:59,WIN,3793239,920102,2026-06-03 09:30|EURUSD|SELL|0.01,kept,false,P2DEMO_br_EURUSD,[tp 1.16071]
2026-06-03 09:15:00,2026-06-03 09:24:52,symbol_normalized_round_retest_v0,ACCEPTED,XAUUSD,BUY,0.01,4473.61,4468.71,4468.75,4481.20,CLOSED,-18.00,Morning 06:00-11:59,LOSS,3793144,920301,2026-06-03 09:15|XAUUSD|BUY|0.01,kept,false,P2DEMO_sn_round_XAUUSD,[sl 4468.75]
2026-06-03 06:25:01,2026-06-03 08:39:18,symbol_normalized_round_retest_v0,ACCEPTED,XAUUSD,BUY,0.01,4478.43,4471.20,4471.07,4489.75,CLOSED,-26.56,Morning 06:00-11:59,LOSS,3792405,920301,2026-06-03 06:25|XAUUSD|BUY|0.01,kept,false,P2DEMO_sn_round_XAUUSD,[sl 4471.07]
2026-06-03 06:15:01,2026-06-03 06:19:21,symbol_normalized_round_retest_v0,ACCEPTED,XAUUSD,BUY,0.01,4480.98,4474.34,4474.29,4490.90,CLOSED,-24.40,Morning 06:00-11:59,LOSS,3792370,920301,2026-06-03 06:15|XAUUSD|BUY|0.01,kept,false,P2DEMO_sn_round_XAUUSD,[sl 4474.29]
2026-06-03 05:50:00,2026-06-03 09:27:14,breakout_retest,ACCEPTED,EURUSD,BUY,0.01,1.16336,1.16236,1.16236,1.16486,CLOSED,-3.67,Night 20:00-05:59,LOSS,3792261,920102,2026-06-03 05:50|EURUSD|BUY|0.01,kept,false,P2DEMO_br_EURUSD,[sl 1.16236]
2026-06-03 05:15:00,2026-06-03 06:13:04,symbol_normalized_round_retest_v0,ACCEPTED,XAUUSD,SELL,0.01,4471.24,4480.21,4480.09,4457.36,CLOSED,-32.96,Night 20:00-05:59,LOSS,3791961,920301,2026-06-03 05:15|XAUUSD|SELL|0.01,kept,false,P2DEMO_sn_round_XAUUSD,[sl 4480.09]
2026-06-03 05:05:00,2026-06-03 05:07:51,breakout_retest,ACCEPTED,XAUUSD,SELL,0.01,4473.81,4468.55,4477.97,4468.55,CLOSED,19.31,Night 20:00-05:59,WIN,3791836,920101,2026-06-03 05:05|XAUUSD|SELL|0.01,kept,false,P2DEMO_br_XAUUSD,[tp 4468.55]
2026-06-03 05:00:00,2026-06-03 05:01:22,symbol_normalized_round_retest_v0,ACCEPTED,XAUUSD,SELL,0.01,4486.17,4479.74,4490.54,4479.74,CLOSED,23.61,Night 20:00-05:59,WIN,3791722,920301,2026-06-03 05:00|XAUUSD|SELL|0.01,kept,false,P2DEMO_sn_round_XAUUSD,[tp 4479.74]
2026-06-03 04:35:00,2026-06-03 04:40:41,symbol_normalized_round_retest_v0,ACCEPTED,XAUUSD,BUY,0.01,4485.47,4493.22,4480.17,4493.22,CLOSED,28.45,Night 20:00-05:59,WIN,3791515,920301,2026-06-03 04:35|XAUUSD|BUY|0.01,kept,false,P2DEMO_sn_round_XAUUSD,[tp 4493.22]
2026-06-03 04:20:01,2026-06-03 04:28:57,symbol_normalized_round_retest_v0,ACCEPTED,XAUUSD,BUY,0.01,4477.81,4482.88,4474.45,4482.88,CLOSED,18.61,Night 20:00-05:59,WIN,3791409,920301,2026-06-03 04:20|XAUUSD|BUY|0.01,kept,false,P2DEMO_sn_round_XAUUSD,[tp 4482.88]
2026-06-03 03:10:00,2026-06-03 03:19:31,breakout_retest,ACCEPTED,XAUUSD,SELL,0.01,4482.16,4472.18,4488.91,4472.18,CLOSED,36.64,Night 20:00-05:59,WIN,3790262,920101,2026-06-03 03:10|XAUUSD|SELL|0.01,kept,false,P2DEMO_br_XAUUSD,[tp 4472.18]
2026-06-03 02:20:02,2026-06-03 12:15:18,session_extreme_retest_v0,PROVISIONAL,EURUSD,SELL,0.01,1.16271,1.16121,1.16371,1.16121,CLOSED,5.51,Night 20:00-05:59,WIN,3789861,920502,2026-06-03 02:20|EURUSD|SELL|0.01,unique,false,P2DEMO_sess_ext_EURUSD,[tp 1.16121]
2026-06-03 00:45:01,2026-06-03 03:31:26,breakout_retest,ACCEPTED,EURUSD,BUY,0.01,1.16319,1.16219,1.16219,1.16469,CLOSED,-4.09,Night 20:00-05:59,LOSS,3789410,920102,2026-06-03 00:45|EURUSD|BUY|0.01,kept,false,P2DEMO_br_EURUSD,[sl 1.16219]
2026-06-02 20:25:01,2026-06-02 22:11:13,session_extreme_retest_v0,PROVISIONAL,EURUSD,SELL,0.01,1.16337,1.16188,1.16438,1.16188,CLOSED,5.47,Night 20:00-05:59,WIN,3785596,920502,2026-06-02 20:25|EURUSD|SELL|0.01,unique,false,P2DEMO_sess_ext_EURUSD,[tp 1.16188]
2026-06-02 17:45:00,2026-06-02 20:39:46,breakout_retest,ACCEPTED,EURUSD,SELL,0.01,1.16440,1.16290,1.16540,1.16290,CLOSED,5.51,Evening 16:00-19:59,WIN,3781514,920102,2026-06-02 17:45|EURUSD|SELL|0.01,kept,false,P2DEMO_br_EURUSD,[tp 1.16290]
2026-06-02 17:15:00,2026-06-02 18:17:50,breakout_retest,ACCEPTED,XAUUSD,SELL,0.01,4513.87,4495.97,4525.84,4495.97,CLOSED,65.72,Evening 16:00-19:59,WIN,3780511,920101,2026-06-02 17:15|XAUUSD|SELL|0.01,kept,false,P2DEMO_br_XAUUSD,[tp 4495.97]
2026-06-02 15:30:00,2026-06-02 15:36:50,session_extreme_retest_v0,PROVISIONAL,XAUUSD,BUY,0.01,4530.57,4527.71,4527.71,4535.21,CLOSED,-10.51,Afternoon 12:00-15:59,LOSS,3778847,920501,2026-06-02 15:30|XAUUSD|BUY|0.01,unique,false,P2DEMO_sess_ext_XAUUSD,[sl 4527.71]
2026-06-02 14:50:01,2026-06-02 15:15:37,session_extreme_retest_v0,PROVISIONAL,XAUUSD,BUY,0.01,4530.95,4527.95,4527.95,4535.45,CLOSED,-11.02,Afternoon 12:00-15:59,LOSS,3778440,920501,2026-06-02 14:50|XAUUSD|BUY|0.01,unique,false,P2DEMO_sess_ext_XAUUSD,[sl 4527.95]
2026-06-02 14:10:01,2026-06-02 14:21:49,session_extreme_retest_v0,PROVISIONAL,XAUUSD,BUY,0.01,4529.70,4525.78,4526.14,4535.04,CLOSED,-14.40,Afternoon 12:00-15:59,LOSS,3778086,920501,2026-06-02 14:10|XAUUSD|BUY|0.01,unique,false,P2DEMO_sess_ext_XAUUSD,[sl 4526.14]
2026-06-02 13:35:00,2026-06-02 13:51:59,breakout_retest,ACCEPTED,XAUUSD,SELL,0.01,4525.29,4530.48,4530.37,4517.68,CLOSED,-19.07,Afternoon 12:00-15:59,LOSS,3777320,920101,2026-06-02 13:35|XAUUSD|SELL|0.01,kept,false,P2DEMO_br_XAUUSD,[sl 4530.37]
2026-06-02 13:15:01,2026-06-02 13:21:49,session_extreme_retest_v0,PROVISIONAL,XAUUSD,BUY,0.01,4534.30,4530.36,4530.41,4540.03,CLOSED,-14.48,Afternoon 12:00-15:59,LOSS,3777144,920501,2026-06-02 13:15|XAUUSD|BUY|0.01,unique,false,P2DEMO_sess_ext_XAUUSD,[sl 4530.41]
2026-06-02 13:10:01,2026-06-02 20:21:34,session_extreme_retest_v0,PROVISIONAL,EURUSD,BUY,0.01,1.16422,1.16322,1.16322,1.16572,CLOSED,-3.67,Afternoon 12:00-15:59,LOSS,3777095,920502,2026-06-02 13:10|EURUSD|BUY|0.01,unique,false,P2DEMO_sess_ext_EURUSD,[sl 1.16322]
2026-06-02 13:05:00,2026-06-02 15:47:06,breakout_retest,ACCEPTED,EURUSD,SELL,0.01,1.16411,1.16509,1.16511,1.16261,CLOSED,-3.60,Afternoon 12:00-15:59,LOSS,3777053,920102,2026-06-02 13:05|EURUSD|SELL|0.01,kept,false,P2DEMO_br_EURUSD,[sl 1.16511]
2026-06-02 12:50:00,2026-06-02 12:56:55,session_extreme_retest_v0,PROVISIONAL,XAUUSD,BUY,0.01,4529.73,4526.61,4526.98,4534.48,CLOSED,-11.46,Afternoon 12:00-15:59,LOSS,3776706,920501,2026-06-02 12:50|XAUUSD|BUY|0.01,unique,false,P2DEMO_sess_ext_XAUUSD,[sl 4526.98]
2026-06-02 12:35:00,2026-06-02 12:48:52,symbol_normalized_round_retest_v0,ACCEPTED,XAUUSD,BUY,0.01,4532.34,4527.40,4527.43,4539.75,CLOSED,-18.15,Afternoon 12:00-15:59,LOSS,3776264,920301,2026-06-02 12:35|XAUUSD|BUY|0.01,kept,false,P2DEMO_sn_round_XAUUSD,[sl 4527.43]
2026-06-02 12:15:03,2026-06-02 16:21:27,breakout_retest,ACCEPTED,USDJPY,BUY,0.01,159.70,159.76,159.66,159.76,CLOSED,1.47,Afternoon 12:00-15:59,WIN,3776056,920103,2026-06-02 12:15|USDJPY|BUY|0.01,unique,false,P2DEMO_br_USDJPY,[tp 159.764]
2026-06-02 12:00:00,2026-06-02 12:23:12,breakout_retest,ACCEPTED,XAUUSD,BUY,0.01,4535.64,4529.95,4530.94,4542.37,CLOSED,-20.91,Afternoon 12:00-15:59,LOSS,3775799,920101,2026-06-02 12:00|XAUUSD|BUY|0.01,kept,false,P2DEMO_br_XAUUSD,[sl 4530.94]
2026-06-02 11:20:01,2026-06-02 11:30:40,symbol_normalized_round_retest_v0,ACCEPTED,XAUUSD,SELL,0.01,4538.76,4532.66,4542.86,4532.66,CLOSED,22.40,Morning 06:00-11:59,WIN,3775424,920301,2026-06-02 11:20|XAUUSD|SELL|0.01,kept,false,P2DEMO_sn_round_XAUUSD,[tp 4532.66]
2026-06-02 10:55:00,2026-06-02 20:21:17,symbol_normalized_round_retest_v0,ACCEPTED,EURUSD,SELL,0.01,1.16490,1.16340,1.16590,1.16340,CLOSED,5.51,Morning 06:00-11:59,WIN,3775152,920302,2026-06-02 10:55|EURUSD|SELL|0.01,unique,false,P2DEMO_sn_round_EURUSD,[tp 1.16340]
2026-06-02 09:50:01,2026-06-02 10:21:22,symbol_normalized_round_retest_v0,ACCEPTED,XAUUSD,SELL,0.01,4522.97,4527.57,4527.50,4516.12,CLOSED,-16.90,Morning 06:00-11:59,LOSS,3774512,920301,2026-06-02 09:50|XAUUSD|SELL|0.01,kept,false,P2DEMO_sn_round_XAUUSD,[sl 4527.50]
2026-06-02 08:25:01,2026-06-02 08:46:41,symbol_normalized_round_retest_v0,ACCEPTED,XAUUSD,SELL,0.01,4505.66,4512.41,4512.14,4495.82,CLOSED,-24.80,Morning 06:00-11:59,LOSS,3773884,920301,2026-06-02 08:25|XAUUSD|SELL|0.01,kept,false,P2DEMO_sn_round_XAUUSD,[sl 4512.14]
2026-06-02 07:15:00,2026-06-02 07:28:25,breakout_retest,ACCEPTED,XAUUSD,BUY,0.01,4488.75,4495.13,4484.31,4495.13,CLOSED,23.42,Morning 06:00-11:59,WIN,3773369,920101,2026-06-02 07:15|XAUUSD|BUY|0.01,kept,false,P2DEMO_br_XAUUSD,[tp 4495.13]
2026-06-02 07:00:00,2026-06-02 07:28:29,symbol_normalized_round_retest_v0,ACCEPTED,XAUUSD,BUY,0.01,4486.40,4495.78,4479.95,4495.78,CLOSED,34.43,Morning 06:00-11:59,WIN,3773263,920301,2026-06-02 07:00|XAUUSD|BUY|0.01,kept,false,P2DEMO_sn_round_XAUUSD,[tp 4495.78]
2026-06-02 06:45:00,2026-06-02 06:56:11,symbol_normalized_round_retest_v0,ACCEPTED,XAUUSD,SELL,0.01,4476.95,4482.96,4482.42,4468.25,CLOSED,-22.08,Morning 06:00-11:59,LOSS,3773090,920301,2026-06-02 06:45|XAUUSD|SELL|0.01,kept,false,P2DEMO_sn_round_XAUUSD,[sl 4482.42]
2026-06-02 06:25:00,2026-06-02 06:33:11,symbol_normalized_round_retest_v0,ACCEPTED,XAUUSD,BUY,0.01,4483.97,4480.36,4480.24,4490.33,CLOSED,-13.26,Morning 06:00-11:59,LOSS,3772956,920301,2026-06-02 06:25|XAUUSD|BUY|0.01,kept,false,P2DEMO_sn_round_XAUUSD,[sl 4480.24]
2026-06-02 05:55:00,2026-06-02 06:23:58,symbol_normalized_round_retest_v0,ACCEPTED,XAUUSD,SELL,0.01,4472.98,4484.50,4484.82,4456.32,CLOSED,-42.33,Night 20:00-05:59,LOSS,3772510,920301,2026-06-02 05:55|XAUUSD|SELL|0.01,kept,false,P2DEMO_sn_round_XAUUSD,[sl 4484.82]
2026-06-02 05:45:00,2026-06-02 05:51:45,session_extreme_retest_v0,PROVISIONAL,XAUUSD,SELL,0.01,4479.51,4465.84,4488.60,4465.84,CLOSED,50.19,Night 20:00-05:59,WIN,3772325,920501,2026-06-02 05:45|XAUUSD|SELL|0.01,unique,false,P2DEMO_sess_ext_XAUUSD,[tp 4465.84]
2026-06-02 05:40:00,2026-06-02 05:43:25,session_extreme_retest_v0,PROVISIONAL,XAUUSD,SELL,0.01,4481.03,4485.43,4485.37,4474.79,CLOSED,-16.17,Night 20:00-05:59,LOSS,3772294,920501,2026-06-02 05:40|XAUUSD|SELL|0.01,unique,false,P2DEMO_sess_ext_XAUUSD,[sl 4485.37]
2026-06-02 05:25:00,2026-06-02 05:29:17,session_extreme_retest_v0,PROVISIONAL,XAUUSD,SELL,0.01,4483.03,4492.70,4492.16,4469.43,CLOSED,-35.53,Night 20:00-05:59,LOSS,3772002,920501,2026-06-02 05:25|XAUUSD|SELL|0.01,unique,false,P2DEMO_sess_ext_XAUUSD,[sl 4492.16]
2026-06-02 05:20:00,2026-06-02 05:51:45,symbol_normalized_round_retest_v0,ACCEPTED,XAUUSD,SELL,0.01,4485.50,4465.13,4499.41,4465.13,CLOSED,74.78,Night 20:00-05:59,WIN,3771961,920301,2026-06-02 05:20|XAUUSD|SELL|0.01,kept,false,P2DEMO_sn_round_XAUUSD,[tp 4465.13]
2026-06-02 04:50:00,2026-06-02 05:03:32,session_extreme_retest_v0,PROVISIONAL,XAUUSD,SELL,0.01,4481.26,4486.36,4486.11,4473.94,CLOSED,-18.74,Night 20:00-05:59,LOSS,3771345,920501,2026-06-02 04:50|XAUUSD|SELL|0.01,unique,false,P2DEMO_sess_ext_XAUUSD,[sl 4486.11]
2026-06-02 04:40:01,2026-06-02 05:01:19,symbol_normalized_round_retest_v0,ACCEPTED,XAUUSD,SELL,0.01,4488.50,4475.97,4497.15,4475.97,CLOSED,46.01,Night 20:00-05:59,WIN,3771245,920301,2026-06-02 04:40|XAUUSD|SELL|0.01,kept,false,P2DEMO_sn_round_XAUUSD,[tp 4475.97]
2026-06-02 04:20:01,2026-06-02 04:26:02,symbol_normalized_round_retest_v0,ACCEPTED,XAUUSD,BUY,0.01,4485.47,4491.15,4481.68,4491.15,CLOSED,20.85,Night 20:00-05:59,WIN,3771065,920301,2026-06-02 04:20|XAUUSD|BUY|0.01,kept,false,P2DEMO_sn_round_XAUUSD,[tp 4491.15]
2026-06-02 03:55:01,2026-06-02 04:05:49,symbol_normalized_round_retest_v0,ACCEPTED,XAUUSD,BUY,0.01,4485.22,4480.72,4480.72,4491.96,CLOSED,-16.54,Night 20:00-05:59,LOSS,3770912,920301,2026-06-02 03:55|XAUUSD|BUY|0.01,kept,false,P2DEMO_sn_round_XAUUSD,[sl 4480.72]
2026-06-02 03:20:27,2026-06-02 10:33:22,breakout_retest,ACCEPTED,EURUSD,BUY,0.01,1.16359,1.16509,1.16259,1.16509,CLOSED,5.51,Night 20:00-05:59,WIN,3770060,920102,2026-06-02 03:20|EURUSD|BUY|0.01,kept,false,P2DEMO_br_EURUSD,[tp 1.16509]
2026-06-02 02:05:00,2026-06-02 02:48:18,breakout_retest,ACCEPTED,XAUUSD,SELL,0.01,4482.95,4486.25,4486.24,4478.01,CLOSED,-12.12,Night 20:00-05:59,LOSS,3769237,920101,2026-06-02 02:05|XAUUSD|SELL|0.01,kept,false,P2DEMO_br_XAUUSD,[sl 4486.24]
2026-06-02 00:00:00,2026-06-02 03:26:50,symbol_normalized_round_retest_v0,ACCEPTED,XAUUSD,BUY,0.01,4481.62,4487.98,4477.30,4487.98,CLOSED,20.71,Night 20:00-05:59,WIN,3768648,920301,2026-06-02 00:00|XAUUSD|BUY|0.01,kept,false,P2DEMO_sn_round_XAUUSD,[tp 4487.98]
2026-06-01 23:45:00,2026-06-02 00:55:46,breakout_retest,ACCEPTED,XAUUSD,SELL,0.01,4483.24,4486.10,4486.26,4478.76,CLOSED,-10.51,Night 20:00-05:59,LOSS,3768444,920101,2026-06-01 23:45|XAUUSD|SELL|0.01,kept,false,P2DEMO_br_XAUUSD,[sl 4486.26]
2026-06-01 22:05:01,2026-06-01 23:57:46,symbol_normalized_round_retest_v0,ACCEPTED,XAUUSD,SELL,0.01,4486.89,4479.58,4491.56,4479.58,CLOSED,26.84,Night 20:00-05:59,WIN,3767477,920301,2026-06-01 22:05|XAUUSD|SELL|0.01,kept,false,P2DEMO_sn_round_XAUUSD,[tp 4479.58]
2026-06-01 21:45:01,2026-06-02 01:16:12,breakout_retest,ACCEPTED,EURUSD,BUY,0.01,1.16358,1.16257,1.16257,1.16507,CLOSED,-4.13,Night 20:00-05:59,LOSS,3767237,920102,2026-06-01 21:45|EURUSD|BUY|0.01,kept,false,P2DEMO_br_EURUSD,[sl 1.16257]
2026-06-01 21:10:01,2026-06-01 21:29:55,symbol_normalized_round_retest_v0,ACCEPTED,XAUUSD,SELL,0.01,4473.21,4479.73,4479.18,4464.48,CLOSED,-23.96,Night 20:00-05:59,LOSS,3766771,920301,2026-06-01 21:10|XAUUSD|SELL|0.01,kept,false,P2DEMO_sn_round_XAUUSD,[sl 4479.18]
2026-06-01 20:55:00,2026-06-01 21:06:27,symbol_normalized_round_retest_v0,ACCEPTED,XAUUSD,BUY,0.01,4479.90,4475.26,4475.26,4487.66,CLOSED,-17.05,Night 20:00-05:59,LOSS,3766583,920301,2026-06-01 20:55|XAUUSD|BUY|0.01,kept,false,P2DEMO_sn_round_XAUUSD,[sl 4475.26]
2026-06-01 20:25:00,2026-06-01 20:53:03,breakout_retest,ACCEPTED,XAUUSD,BUY,0.01,4468.70,4476.47,4463.67,4476.47,CLOSED,28.53,Night 20:00-05:59,WIN,3766151,920101,2026-06-01 20:25|XAUUSD|BUY|0.01,kept,false,P2DEMO_br_XAUUSD,[tp 4476.47]
2026-06-01 20:15:01,2026-06-01 21:30:12,breakout_retest,ACCEPTED,EURUSD,BUY,0.01,1.16190,1.16340,1.16090,1.16340,CLOSED,5.51,Night 20:00-05:59,WIN,3766020,920102,2026-06-01 20:15|EURUSD|BUY|0.01,kept,false,P2DEMO_br_EURUSD,[tp 1.16340]
2026-06-01 20:15:00,2026-06-01 20:50:13,symbol_normalized_round_retest_v0,ACCEPTED,XAUUSD,SELL,0.01,4466.79,4473.66,4473.46,4456.68,CLOSED,-25.24,Night 20:00-05:59,LOSS,3766018,920301,2026-06-01 20:15|XAUUSD|SELL|0.01,kept,false,P2DEMO_sn_round_XAUUSD,[sl 4473.46]
2026-06-01 20:05:00,2026-06-01 20:10:27,symbol_normalized_round_retest_v0,ACCEPTED,XAUUSD,SELL,0.01,4473.00,4465.95,4477.94,4465.95,CLOSED,25.88,Night 20:00-05:59,WIN,3765897,920301,2026-06-01 20:05|XAUUSD|SELL|0.01,kept,false,P2DEMO_sn_round_XAUUSD,[tp 4465.95]
2026-06-01 19:50:00,2026-06-01 20:00:24,symbol_normalized_round_retest_v0,ACCEPTED,XAUUSD,SELL,0.01,4469.82,4476.23,4476.56,4459.50,CLOSED,-23.55,Evening 16:00-19:59,LOSS,3765726,920301,2026-06-01 19:50|XAUUSD|SELL|0.01,kept,false,P2DEMO_sn_round_XAUUSD,[sl 4476.56]
2026-06-01 18:05:00,2026-06-01 19:16:01,symbol_normalized_round_retest_v0,ACCEPTED,XAUUSD,BUY,0.01,4454.32,4466.21,4446.41,4466.21,CLOSED,43.65,Evening 16:00-19:59,WIN,3763576,920301,2026-06-01 18:05|XAUUSD|BUY|0.01,kept,false,P2DEMO_sn_round_XAUUSD,[tp 4466.21]
2026-06-01 17:40:00,2026-06-01 17:51:25,symbol_normalized_round_retest_v0,ACCEPTED,XAUUSD,BUY,0.01,4473.69,4461.23,4461.22,4491.37,CLOSED,-45.78,Evening 16:00-19:59,LOSS,3762680,920301,2026-06-01 17:40|XAUUSD|BUY|0.01,kept,false,P2DEMO_sn_round_XAUUSD,[sl 4461.22]
2026-06-01 16:55:01,2026-06-01 17:03:12,session_extreme_retest_v0,PROVISIONAL,XAUUSD,SELL,0.01,4505.74,4497.76,4511.01,4497.76,CLOSED,29.29,Evening 16:00-19:59,WIN,3760118,920501,2026-06-01 16:55|XAUUSD|SELL|0.01,unique,false,P2DEMO_sess_ext_XAUUSD,[tp 4497.76]
2026-06-01 16:40:01,2026-06-01 17:03:44,symbol_normalized_round_retest_v0,ACCEPTED,XAUUSD,BUY,0.01,4504.07,4495.62,4495.67,4516.62,CLOSED,-31.05,Evening 16:00-19:59,LOSS,3759908,920301,2026-06-01 16:40|XAUUSD|BUY|0.01,kept,false,P2DEMO_sn_round_XAUUSD,[sl 4495.67]
2026-06-01 16:35:02,2026-06-01 17:12:21,symbol_normalized_round_retest_v0,ACCEPTED,EURUSD,SELL,0.01,1.16492,1.16342,1.16592,1.16342,CLOSED,5.51,Evening 16:00-19:59,WIN,3759826,920302,2026-06-01 16:35|EURUSD|SELL|0.01,unique,false,P2DEMO_sn_round_EURUSD,[tp 1.16342]
2026-06-01 16:30:01,2026-06-01 16:30:58,symbol_normalized_round_retest_v0,ACCEPTED,XAUUSD,BUY,0.01,4505.76,4499.29,4499.33,4515.50,CLOSED,-23.77,Evening 16:00-19:59,LOSS,3759756,920301,2026-06-01 16:30|XAUUSD|BUY|0.01,kept,false,P2DEMO_sn_round_XAUUSD,[sl 4499.33]
2026-06-01 15:55:01,2026-06-01 16:18:26,session_extreme_retest_v0,PROVISIONAL,XAUUSD,SELL,0.01,4506.99,4501.65,4510.55,4501.65,CLOSED,19.61,Afternoon 12:00-15:59,WIN,3759190,920501,2026-06-01 15:55|XAUUSD|SELL|0.01,unique,false,P2DEMO_sess_ext_XAUUSD,[tp 4501.65]
2026-06-01 15:11:32,2026-06-01 17:23:26,breakout_retest,ACCEPTED,EURUSD,SELL,0.01,1.16418,1.16268,1.16518,1.16268,CLOSED,5.51,Afternoon 12:00-15:59,WIN,3758457,920102,2026-06-01 15:11|EURUSD|SELL|0.01,kept,false,P2DEMO_br_EURUSD,[tp 1.16268]
2026-06-01 15:10:00,2026-06-01 16:22:00,symbol_normalized_round_retest_v0,ACCEPTED,XAUUSD,BUY,0.01,4505.72,4498.84,4498.90,4516.13,CLOSED,-25.28,Afternoon 12:00-15:59,LOSS,3758425,920301,2026-06-01 15:10|XAUUSD|BUY|0.01,kept,false,P2DEMO_sn_round_XAUUSD,[sl 4498.90]
