entry_time,exit_time,candidate,status,symbol,direction,state,profit_aed,time_bucket,outcome,exit_reason_class,duplicate_role,is_duplicate,position_ticket,magic,entry_price,exit_price,sl,tp,exit_comment
2026-06-04 10:50:01,,round_number_retest_v0,PROVISIONAL,XAUUSD,SELL,OPEN,8.41,Morning 06:00-11:59,OPEN,OPEN,duplicate,true,3807613,920401,4469.82,,4475.07,4463.14,
2026-06-04 10:50:01,,symbol_normalized_round_retest_v0,ACCEPTED,XAUUSD,SELL,OPEN,7.23,Morning 06:00-11:59,OPEN,OPEN,kept,false,3807615,920301,4469.50,,4474.83,4462.90,
2026-06-04 08:20:00,2026-06-04 10:47:22,round_number_retest_v0,PROVISIONAL,XAUUSD,BUY,CLOSED,-29.80,Morning 06:00-11:59,LOSS,SL,duplicate,true,3806188,920401,4472.25,4464.14,4464.16,4484.33,[sl 4464.16]
2026-06-04 08:20:00,2026-06-04 10:47:22,symbol_normalized_round_retest_v0,ACCEPTED,XAUUSD,BUY,CLOSED,-29.80,Morning 06:00-11:59,LOSS,SL,kept,false,3806189,920301,4472.25,4464.14,4464.18,4484.35,[sl 4464.18]
2026-06-04 08:00:00,2026-06-04 08:19:36,round_number_retest_v0,PROVISIONAL,XAUUSD,BUY,CLOSED,28.97,Morning 06:00-11:59,WIN,TP,duplicate,true,3806077,920401,4464.20,4472.09,4458.94,4472.09,[tp 4472.09]
2026-06-04 08:00:00,2026-06-04 08:19:36,symbol_normalized_round_retest_v0,ACCEPTED,XAUUSD,BUY,CLOSED,28.97,Morning 06:00-11:59,WIN,TP,kept,false,3806079,920301,4464.20,4472.09,4458.94,4472.09,[tp 4472.09]
2026-06-04 07:25:03,2026-06-04 10:35:46,breakout_retest,ACCEPTED,EURUSD,SELL,CLOSED,-3.75,Morning 06:00-11:59,LOSS,SL,kept,false,3805846,920102,1.16039,1.16141,1.16141,1.15891,[sl 1.16141]
2026-06-04 07:25:03,2026-06-04 10:35:41,swing_breakout_retest_v0,ACCEPTED,EURUSD,SELL,CLOSED,-3.67,Morning 06:00-11:59,LOSS,SL,duplicate,true,3805847,920202,1.16039,1.16139,1.16138,1.15888,[sl 1.16138]
2026-06-04 06:50:00,2026-06-04 07:40:33,round_number_retest_v0,PROVISIONAL,XAUUSD,BUY,CLOSED,-28.03,Morning 06:00-11:59,LOSS,SL,duplicate,true,3805529,920401,4470.85,4463.22,4463.26,4481.96,[sl 4463.26]
2026-06-04 06:50:00,2026-06-04 07:40:33,symbol_normalized_round_retest_v0,ACCEPTED,XAUUSD,BUY,CLOSED,-27.67,Morning 06:00-11:59,LOSS,SL,kept,false,3805530,920301,4470.75,4463.22,4463.32,4482.02,[sl 4463.32]
2026-06-04 06:30:00,2026-06-04 06:48:00,round_number_retest_v0,PROVISIONAL,XAUUSD,BUY,CLOSED,22.29,Morning 06:00-11:59,WIN,TP,duplicate,true,3805466,920401,4461.14,4467.21,4456.96,4467.21,[tp 4467.21]
2026-06-04 06:30:00,2026-06-04 06:48:00,symbol_normalized_round_retest_v0,ACCEPTED,XAUUSD,BUY,CLOSED,21.96,Morning 06:00-11:59,WIN,TP,kept,false,3805467,920301,4461.31,4467.29,4457.04,4467.29,[tp 4467.29]
2026-06-04 06:00:00,2026-06-04 06:10:20,round_number_retest_v0,PROVISIONAL,XAUUSD,BUY,CLOSED,-38.25,Morning 06:00-11:59,LOSS,SL,duplicate,true,3804968,920401,4466.67,4456.26,4456.14,4481.64,[sl 4456.14]
2026-06-04 06:00:00,2026-06-04 06:10:15,symbol_normalized_round_retest_v0,ACCEPTED,XAUUSD,BUY,CLOSED,-37.00,Morning 06:00-11:59,LOSS,SL,kept,false,3804973,920301,4466.61,4456.54,4456.65,4482.15,[sl 4456.65]
2026-06-04 05:45:00,2026-06-04 05:47:34,round_number_retest_v0,PROVISIONAL,XAUUSD,SELL,CLOSED,-21.90,Night 20:00-05:59,LOSS,SL,duplicate,true,3804765,920401,4459.11,4465.07,4465.07,4450.17,[sl 4465.07]
2026-06-04 05:45:00,2026-06-04 05:47:34,symbol_normalized_round_retest_v0,ACCEPTED,XAUUSD,SELL,CLOSED,-21.90,Night 20:00-05:59,LOSS,SL,kept,false,3804767,920301,4459.11,4465.07,4465.07,4450.17,[sl 4465.07]
2026-06-04 05:25:01,2026-06-04 05:41:25,round_number_retest_v0,PROVISIONAL,XAUUSD,BUY,CLOSED,-23.08,Night 20:00-05:59,LOSS,SL,duplicate,true,3804687,920401,4470.56,4464.28,4464.28,4478.78,[sl 4464.28]
2026-06-04 05:25:00,2026-06-04 05:41:25,symbol_normalized_round_retest_v0,ACCEPTED,XAUUSD,BUY,CLOSED,-20.61,Night 20:00-05:59,LOSS,SL,kept,false,3804685,920301,4469.89,4464.28,4464.22,4478.72,[sl 4464.22]
2026-06-04 05:10:01,2026-06-04 08:34:14,breakout_retest,ACCEPTED,XAUUSD,BUY,CLOSED,77.64,Night 20:00-05:59,WIN,TP,kept,false,3804542,920101,4459.95,4481.10,4445.50,4481.10,[tp 4481.10]
2026-06-04 05:10:01,2026-06-04 08:34:14,swing_breakout_retest_v0,ACCEPTED,XAUUSD,BUY,CLOSED,77.72,Night 20:00-05:59,WIN,TP,duplicate,true,3804546,920201,4459.91,4481.08,4445.48,4481.08,[tp 4481.08]
2026-06-04 04:20:01,2026-06-04 04:22:02,breakout_retest,ACCEPTED,XAUUSD,BUY,CLOSED,-19.73,Night 20:00-05:59,LOSS,SL,kept,false,3804232,920101,4455.73,4450.36,4450.64,4463.14,[sl 4450.64]
2026-06-04 04:20:01,2026-06-04 04:22:02,swing_breakout_retest_v0,ACCEPTED,XAUUSD,BUY,CLOSED,-19.55,Night 20:00-05:59,LOSS,SL,duplicate,true,3804233,920201,4455.68,4450.36,4450.64,4463.14,[sl 4450.64]
2026-06-04 04:15:01,2026-06-04 05:10:01,round_number_retest_v0,PROVISIONAL,XAUUSD,SELL,CLOSED,-24.33,Night 20:00-05:59,LOSS,SL,duplicate,true,3804203,920401,4453.37,4459.99,4460.26,4442.88,[sl 4460.26]
2026-06-04 04:15:01,2026-06-04 05:10:01,session_extreme_retest_v0,PROVISIONAL,XAUUSD,SELL,CLOSED,-24.03,Night 20:00-05:59,LOSS,SL,duplicate,true,3804204,920501,4453.45,4459.99,4460.26,4442.88,[sl 4460.26]
2026-06-04 04:15:01,2026-06-04 05:10:02,symbol_normalized_round_retest_v0,ACCEPTED,XAUUSD,SELL,CLOSED,-26.68,Night 20:00-05:59,LOSS,SL,kept,false,3804205,920301,4453.45,4460.71,4460.32,4442.94,[sl 4460.32]
2026-06-04 04:00:01,2026-06-04 04:00:29,round_number_retest_v0,PROVISIONAL,XAUUSD,SELL,CLOSED,-18.70,Night 20:00-05:59,LOSS,SL,duplicate,true,3804083,920401,4455.73,4460.82,4460.81,4450.16,[sl 4460.81]
2026-06-04 04:00:01,2026-06-04 04:00:29,symbol_normalized_round_retest_v0,ACCEPTED,XAUUSD,SELL,CLOSED,-18.15,Night 20:00-05:59,LOSS,SL,kept,false,3804085,920301,4455.88,4460.82,4460.04,4449.39,[sl 4460.04]
2026-06-04 02:20:00,2026-06-04 02:27:26,breakout_retest,ACCEPTED,XAUUSD,SELL,CLOSED,-28.07,Night 20:00-05:59,LOSS,SL,kept,false,3803300,920101,4427.48,4435.12,4434.52,4417.57,[sl 4434.52]
2026-06-04 02:20:00,2026-06-04 02:27:23,swing_breakout_retest_v0,ACCEPTED,XAUUSD,SELL,CLOSED,-25.20,Night 20:00-05:59,LOSS,SL,duplicate,true,3803301,920201,4427.48,4434.34,4434.37,4417.42,[sl 4434.37]
2026-06-04 02:05:00,2026-06-04 02:07:35,breakout_retest,ACCEPTED,XAUUSD,SELL,CLOSED,-10.07,Night 20:00-05:59,LOSS,SL,kept,false,3803215,920101,4432.15,4434.89,4435.00,4427.50,[sl 4435.00]
2026-06-04 02:05:00,2026-06-04 02:08:09,swing_breakout_retest_v0,ACCEPTED,XAUUSD,SELL,CLOSED,-11.57,Night 20:00-05:59,LOSS,SL,duplicate,true,3803216,920201,4432.15,4435.30,4435.05,4427.55,[sl 4435.05]
2026-06-03 22:40:01,2026-06-03 22:59:08,session_extreme_retest_v0,PROVISIONAL,XAUUSD,SELL,CLOSED,-15.21,Night 20:00-05:59,LOSS,SL,unique,false,3801784,920501,4438.43,4442.57,4442.66,4432.03,[sl 4442.66]
2026-06-03 21:55:01,2026-06-03 22:30:03,session_extreme_retest_v0,PROVISIONAL,XAUUSD,SELL,CLOSED,-13.12,Night 20:00-05:59,LOSS,SL,unique,false,3801572,920501,4437.97,4441.54,4441.47,4432.40,[sl 4441.47]
2026-06-03 21:20:00,2026-06-04 02:56:43,session_extreme_retest_v0,PROVISIONAL,USDJPY,BUY,CLOSED,-1.60,Night 20:00-05:59,LOSS,SL,kept,false,3801322,920503,160.03,159.95,159.96,160.14,[sl 159.961]
2026-06-03 21:20:00,2026-06-04 02:56:43,round_number_retest_v0,PROVISIONAL,USDJPY,BUY,CLOSED,-1.60,Night 20:00-05:59,LOSS,SL,duplicate,true,3801323,920403,160.03,159.95,159.96,160.14,[sl 159.961]
2026-06-03 20:50:00,2026-06-03 20:57:45,session_extreme_retest_v0,PROVISIONAL,XAUUSD,SELL,CLOSED,-16.13,Night 20:00-05:59,LOSS,SL,unique,false,3801019,920501,4437.86,4442.25,4441.89,4431.54,[sl 4441.89]
2026-06-03 20:15:02,2026-06-04 02:57:09,breakout_retest,ACCEPTED,EURUSD,SELL,CLOSED,-3.65,Night 20:00-05:59,LOSS,SL,kept,false,3800759,920102,1.15979,1.16080,1.16080,1.15830,[sl 1.16080]
2026-06-03 20:15:01,2026-06-04 02:57:09,swing_breakout_retest_v0,ACCEPTED,EURUSD,SELL,CLOSED,-3.61,Night 20:00-05:59,LOSS,SL,duplicate,true,3800758,920202,1.15980,1.16080,1.16080,1.15830,[sl 1.16080]
2026-06-03 20:05:01,2026-06-04 02:57:19,session_extreme_retest_v0,PROVISIONAL,EURUSD,SELL,CLOSED,-3.83,Night 20:00-05:59,LOSS,SL,unique,false,3800655,920502,1.16012,1.16118,1.16113,1.15863,[sl 1.16113]
2026-06-03 19:20:00,2026-06-04 00:33:07,breakout_retest,ACCEPTED,XAUUSD,SELL,CLOSED,42.82,Evening 16:00-19:59,WIN,TP,kept,false,3800000,920101,4445.60,4433.94,4453.22,4433.94,[tp 4433.94]
2026-06-03 19:20:00,2026-06-04 00:33:07,swing_breakout_retest_v0,ACCEPTED,XAUUSD,SELL,CLOSED,42.52,Evening 16:00-19:59,WIN,TP,duplicate,true,3800001,920201,4445.60,4434.02,4453.30,4434.02,[tp 4434.02]
2026-06-03 19:10:00,2026-06-03 19:37:34,session_extreme_retest_v0,PROVISIONAL,XAUUSD,SELL,CLOSED,35.36,Evening 16:00-19:59,WIN,TP,unique,false,3799878,920501,4448.99,4439.36,4455.44,4439.36,[tp 4439.36]
2026-06-03 18:20:01,2026-06-04 02:57:02,swing_breakout_retest_v0,ACCEPTED,USDJPY,BUY,CLOSED,-1.97,Evening 16:00-19:59,LOSS,SL,unique,false,3799285,920203,159.99,159.89,159.90,160.11,[sl 159.896]
2026-06-03 18:20:00,2026-06-03 18:49:19,session_extreme_retest_v0,PROVISIONAL,XAUUSD,SELL,CLOSED,-27.41,Evening 16:00-19:59,LOSS,SL,unique,false,3799276,920501,4447.84,4455.30,4455.02,4437.04,[sl 4455.02]
2026-06-03 17:45:01,2026-06-03 18:59:49,session_extreme_retest_v0,PROVISIONAL,EURUSD,SELL,CLOSED,-3.64,Evening 16:00-19:59,LOSS,SL,unique,false,3798338,920502,1.16026,1.16125,1.16128,1.15878,[sl 1.16128]
2026-06-03 17:30:01,2026-06-03 17:44:31,swing_breakout_retest_v0,ACCEPTED,XAUUSD,SELL,CLOSED,63.92,Evening 16:00-19:59,WIN,TP,kept,false,3798039,920201,4448.14,4430.73,4459.98,4430.73,[tp 4430.73]
2026-06-03 17:30:01,2026-06-03 17:44:31,session_extreme_retest_v0,PROVISIONAL,XAUUSD,SELL,CLOSED,63.70,Evening 16:00-19:59,WIN,TP,duplicate,true,3798040,920501,4448.08,4430.73,4459.98,4430.73,[tp 4430.73]
2026-06-03 17:25:01,2026-06-03 17:42:51,breakout_retest,ACCEPTED,XAUUSD,SELL,CLOSED,46.48,Evening 16:00-19:59,WIN,TP,unique,false,3797950,920101,4449.79,4437.13,4458.40,4437.13,[tp 4437.13]
2026-06-03 17:05:01,,symbol_normalized_round_retest_v0,ACCEPTED,EURUSD,BUY,OPEN,2.90,Evening 16:00-19:59,OPEN,OPEN,unique,false,3797719,920302,1.16023,,1.15923,1.16173,
2026-06-03 17:00:01,2026-06-03 17:24:18,breakout_retest,ACCEPTED,XAUUSD,SELL,CLOSED,39.65,Evening 16:00-19:59,WIN,TP,unique,false,3797624,920101,4459.54,4448.74,4466.84,4448.74,[tp 4448.74]
2026-06-03 16:40:01,2026-06-03 16:41:16,session_extreme_retest_v0,PROVISIONAL,XAUUSD,SELL,CLOSED,-23.29,Evening 16:00-19:59,LOSS,SL,unique,false,3797375,920501,4450.05,4456.39,4456.52,4440.40,[sl 4456.52]
2026-06-03 16:30:00,2026-06-03 16:44:02,breakout_retest,ACCEPTED,XAUUSD,SELL,CLOSED,-24.51,Evening 16:00-19:59,LOSS,SL,unique,false,3797251,920101,4453.24,4459.91,4459.80,4442.58,[sl 4459.80]
2026-06-03 15:50:02,2026-06-03 16:20:00,breakout_retest,ACCEPTED,EURUSD,BUY,CLOSED,-3.67,Afternoon 12:00-15:59,LOSS,SL,kept,false,3796764,920102,1.16207,1.16107,1.16108,1.16358,[sl 1.16108]
2026-06-03 15:50:02,2026-06-03 16:20:00,swing_breakout_retest_v0,ACCEPTED,EURUSD,BUY,CLOSED,-3.67,Afternoon 12:00-15:59,LOSS,SL,duplicate,true,3796766,920202,1.16207,1.16107,1.16108,1.16358,[sl 1.16108]
2026-06-03 15:20:00,2026-06-03 15:20:54,breakout_retest,ACCEPTED,XAUUSD,SELL,CLOSED,-16.17,Afternoon 12:00-15:59,LOSS,SL,unique,false,3796571,920101,4460.87,4465.27,4464.78,4455.00,[sl 4464.78]
2026-06-03 15:00:01,2026-06-03 15:45:09,session_extreme_retest_v0,PROVISIONAL,USDJPY,SELL,CLOSED,-1.24,Afternoon 12:00-15:59,LOSS,SL,unique,false,3796441,920503,159.78,159.84,159.84,159.70,[sl 159.839]
2026-06-03 14:40:00,2026-06-03 15:02:58,breakout_retest,ACCEPTED,XAUUSD,SELL,CLOSED,-18.78,Afternoon 12:00-15:59,LOSS,SL,unique,false,3796311,920101,4458.71,4463.82,4463.82,4451.42,[sl 4463.82]
2026-06-03 14:15:00,2026-06-03 16:38:14,session_extreme_retest_v0,PROVISIONAL,EURUSD,SELL,CLOSED,5.51,Afternoon 12:00-15:59,WIN,TP,unique,false,3796077,920502,1.16152,1.16002,1.16252,1.16002,[tp 1.16002]
2026-06-03 14:05:01,2026-06-03 14:06:12,session_extreme_retest_v0,PROVISIONAL,USDJPY,SELL,CLOSED,1.72,Afternoon 12:00-15:59,WIN,TP,unique,false,3795860,920503,159.76,159.69,159.81,159.69,[tp 159.685]
2026-06-03 13:25:00,2026-06-03 13:36:12,breakout_retest,ACCEPTED,XAUUSD,SELL,CLOSED,29.74,Afternoon 12:00-15:59,WIN,TP,kept,false,3795528,920101,4447.47,4439.37,4452.97,4439.37,[tp 4439.37]
2026-06-03 13:25:00,2026-06-03 13:36:12,swing_breakout_retest_v0,ACCEPTED,XAUUSD,SELL,CLOSED,30.04,Afternoon 12:00-15:59,WIN,TP,duplicate,true,3795529,920201,4447.49,4439.31,4452.91,4439.31,[tp 4439.31]
2026-06-03 13:20:00,2026-06-03 13:29:57,session_extreme_retest_v0,PROVISIONAL,XAUUSD,SELL,CLOSED,34.88,Afternoon 12:00-15:59,WIN,TP,unique,false,3795493,920501,4449.95,4440.45,4456.28,4440.45,[tp 4440.45]
2026-06-03 13:15:01,2026-06-03 14:05:53,breakout_retest,ACCEPTED,EURUSD,SELL,CLOSED,-3.67,Afternoon 12:00-15:59,LOSS,SL,kept,false,3795452,920102,1.16116,1.16216,1.16216,1.15966,[sl 1.16216]
2026-06-03 13:15:01,2026-06-03 14:05:53,swing_breakout_retest_v0,ACCEPTED,EURUSD,SELL,CLOSED,-3.67,Afternoon 12:00-15:59,LOSS,SL,duplicate,true,3795453,920202,1.16116,1.16216,1.16216,1.15966,[sl 1.16216]
2026-06-03 13:05:01,2026-06-03 13:28:34,round_number_retest_v0,PROVISIONAL,XAUUSD,BUY,CLOSED,-24.36,Afternoon 12:00-15:59,LOSS,SL,duplicate,true,3795331,920401,4452.43,4445.80,4445.81,4461.45,[sl 4445.81]
2026-06-03 13:05:00,2026-06-03 13:29:05,symbol_normalized_round_retest_v0,ACCEPTED,XAUUSD,BUY,CLOSED,-24.40,Afternoon 12:00-15:59,LOSS,SL,kept,false,3795327,920301,4451.49,4444.85,4445.17,4460.81,[sl 4445.17]
2026-06-03 12:55:01,2026-06-03 13:03:36,session_extreme_retest_v0,PROVISIONAL,XAUUSD,SELL,CLOSED,-16.06,Afternoon 12:00-15:59,LOSS,SL,unique,false,3795216,920501,4444.59,4448.96,4449.04,4438.24,[sl 4449.04]
2026-06-03 12:50:01,2026-06-03 13:29:29,session_extreme_retest_v0,PROVISIONAL,USDJPY,SELL,CLOSED,-3.06,Afternoon 12:00-15:59,LOSS,SL,unique,false,3795132,920503,159.73,159.86,159.86,159.53,[sl 159.862]
2026-06-03 12:50:00,2026-06-03 12:51:48,session_extreme_retest_v0,PROVISIONAL,XAUUSD,SELL,CLOSED,23.17,Afternoon 12:00-15:59,WIN,TP,unique,false,3795129,920501,4454.05,4447.74,4458.14,4447.74,[tp 4447.74]
2026-06-03 12:40:01,,breakout_retest,ACCEPTED,USDJPY,BUY,OPEN,3.97,Afternoon 12:00-15:59,OPEN,OPEN,kept,false,3795082,920103,159.72,,159.28,160.36,
2026-06-03 12:40:01,,symbol_normalized_round_retest_v0,ACCEPTED,USDJPY,BUY,OPEN,3.97,Afternoon 12:00-15:59,OPEN,OPEN,duplicate,true,3795083,920303,159.72,,159.28,160.36,
2026-06-03 12:20:01,2026-06-03 12:30:02,session_extreme_retest_v0,PROVISIONAL,XAUUSD,SELL,CLOSED,-16.61,Afternoon 12:00-15:59,LOSS,SL,unique,false,3794920,920501,4453.73,4458.25,4458.07,4447.50,[sl 4458.07]
2026-06-03 12:00:01,2026-06-03 12:04:00,round_number_retest_v0,PROVISIONAL,XAUUSD,SELL,CLOSED,-22.48,Afternoon 12:00-15:59,LOSS,SL,duplicate,true,3794738,920401,4452.73,4458.85,4458.61,4443.91,[sl 4458.61]
2026-06-03 12:00:01,2026-06-03 12:04:00,breakout_retest,ACCEPTED,XAUUSD,SELL,CLOSED,-22.48,Afternoon 12:00-15:59,LOSS,SL,kept,false,3794739,920101,4452.73,4458.85,4458.61,4443.91,[sl 4458.61]
2026-06-03 12:00:01,2026-06-03 12:04:00,symbol_normalized_round_retest_v0,ACCEPTED,XAUUSD,SELL,CLOSED,-22.48,Afternoon 12:00-15:59,LOSS,SL,duplicate,true,3794741,920301,4452.73,4458.85,4458.61,4443.91,[sl 4458.61]
2026-06-03 11:50:01,2026-06-03 12:31:02,breakout_retest,ACCEPTED,USDJPY,BUY,CLOSED,-3.50,Morning 06:00-11:59,LOSS,SL,unique,false,3794628,920103,159.68,159.53,159.53,159.90,[sl 159.535]
2026-06-03 11:05:01,2026-06-03 11:26:48,symbol_normalized_round_retest_v0,ACCEPTED,XAUUSD,BUY,CLOSED,-18.30,Morning 06:00-11:59,LOSS,SL,kept,false,3794179,920301,4465.18,4460.20,4460.21,4473.46,[sl 4460.21]
2026-06-03 11:05:00,2026-06-03 11:26:48,round_number_retest_v0,PROVISIONAL,XAUUSD,BUY,CLOSED,-18.15,Morning 06:00-11:59,LOSS,SL,duplicate,true,3794178,920401,4465.14,4460.20,4460.29,4473.54,[sl 4460.29]
2026-06-03 10:50:00,2026-06-03 11:03:03,breakout_retest,ACCEPTED,XAUUSD,SELL,CLOSED,-22.89,Morning 06:00-11:59,LOSS,SL,unique,false,3794056,920101,4458.72,4464.95,4464.83,4449.51,[sl 4464.83]
2026-06-03 10:25:00,2026-06-03 11:03:34,round_number_retest_v0,PROVISIONAL,XAUUSD,SELL,CLOSED,-23.70,Morning 06:00-11:59,LOSS,SL,duplicate,true,3793833,920401,4459.96,4466.41,4465.91,4451.18,[sl 4465.91]
2026-06-03 10:25:00,2026-06-03 11:03:34,symbol_normalized_round_retest_v0,ACCEPTED,XAUUSD,SELL,CLOSED,-24.36,Morning 06:00-11:59,LOSS,SL,kept,false,3793835,920301,4459.98,4466.61,4465.85,4451.12,[sl 4465.85]
2026-06-03 09:40:00,2026-06-03 09:59:10,round_number_retest_v0,PROVISIONAL,XAUUSD,BUY,CLOSED,-38.54,Morning 06:00-11:59,LOSS,SL,duplicate,true,3793379,920401,4467.30,4456.81,4456.82,4482.72,[sl 4456.82]
2026-06-03 09:40:00,2026-06-03 09:59:10,symbol_normalized_round_retest_v0,ACCEPTED,XAUUSD,BUY,CLOSED,-38.43,Morning 06:00-11:59,LOSS,SL,kept,false,3793380,920301,4467.27,4456.81,4456.86,4482.76,[sl 4456.86]
2026-06-03 09:30:01,2026-06-03 12:40:19,breakout_retest,ACCEPTED,EURUSD,SELL,CLOSED,5.51,Morning 06:00-11:59,WIN,TP,kept,false,3793239,920102,1.16221,1.16071,1.16321,1.16071,[tp 1.16071]
2026-06-03 09:30:01,2026-06-03 12:40:19,swing_breakout_retest_v0,ACCEPTED,EURUSD,SELL,CLOSED,5.47,Morning 06:00-11:59,WIN,TP,duplicate,true,3793241,920202,1.16220,1.16071,1.16321,1.16071,[tp 1.16071]
2026-06-03 09:15:01,2026-06-03 09:24:53,round_number_retest_v0,PROVISIONAL,XAUUSD,BUY,CLOSED,-18.85,Morning 06:00-11:59,LOSS,SL,duplicate,true,3793146,920401,4473.75,4468.62,4468.63,4481.08,[sl 4468.63]
2026-06-03 09:15:00,2026-06-03 09:24:52,symbol_normalized_round_retest_v0,ACCEPTED,XAUUSD,BUY,CLOSED,-18.00,Morning 06:00-11:59,LOSS,SL,kept,false,3793144,920301,4473.61,4468.71,4468.75,4481.20,[sl 4468.75]
2026-06-03 06:25:01,2026-06-03 08:39:24,round_number_retest_v0,PROVISIONAL,XAUUSD,BUY,CLOSED,-28.11,Morning 06:00-11:59,LOSS,SL,duplicate,true,3792404,920401,4478.54,4470.89,4470.87,4489.55,[sl 4470.87]
2026-06-03 06:25:01,2026-06-03 08:39:18,symbol_normalized_round_retest_v0,ACCEPTED,XAUUSD,BUY,CLOSED,-26.56,Morning 06:00-11:59,LOSS,SL,kept,false,3792405,920301,4478.43,4471.20,4471.07,4489.75,[sl 4471.07]
2026-06-03 06:15:01,2026-06-03 06:19:21,round_number_retest_v0,PROVISIONAL,XAUUSD,BUY,CLOSED,-24.40,Morning 06:00-11:59,LOSS,SL,duplicate,true,3792369,920401,4480.98,4474.34,4474.29,4490.90,[sl 4474.29]
2026-06-03 06:15:01,2026-06-03 06:19:21,symbol_normalized_round_retest_v0,ACCEPTED,XAUUSD,BUY,CLOSED,-24.40,Morning 06:00-11:59,LOSS,SL,kept,false,3792370,920301,4480.98,4474.34,4474.29,4490.90,[sl 4474.29]
2026-06-03 05:50:01,2026-06-03 09:27:14,swing_breakout_retest_v0,ACCEPTED,EURUSD,BUY,CLOSED,-3.67,Night 20:00-05:59,LOSS,SL,duplicate,true,3792262,920202,1.16336,1.16236,1.16236,1.16486,[sl 1.16236]
2026-06-03 05:50:00,2026-06-03 09:27:14,breakout_retest,ACCEPTED,EURUSD,BUY,CLOSED,-3.67,Night 20:00-05:59,LOSS,SL,kept,false,3792261,920102,1.16336,1.16236,1.16236,1.16486,[sl 1.16236]
2026-06-03 05:15:00,2026-06-03 06:13:04,round_number_retest_v0,PROVISIONAL,XAUUSD,SELL,CLOSED,-33.84,Night 20:00-05:59,LOSS,SL,duplicate,true,3791960,920401,4471.00,4480.21,4480.11,4457.38,[sl 4480.11]
2026-06-03 05:15:00,2026-06-03 06:13:04,symbol_normalized_round_retest_v0,ACCEPTED,XAUUSD,SELL,CLOSED,-32.96,Night 20:00-05:59,LOSS,SL,kept,false,3791961,920301,4471.24,4480.21,4480.09,4457.36,[sl 4480.09]
2026-06-03 05:05:00,2026-06-03 05:07:51,breakout_retest,ACCEPTED,XAUUSD,SELL,CLOSED,19.31,Night 20:00-05:59,WIN,TP,kept,false,3791836,920101,4473.81,4468.55,4477.97,4468.55,[tp 4468.55]
2026-06-03 05:05:00,2026-06-03 05:07:51,swing_breakout_retest_v0,ACCEPTED,XAUUSD,SELL,CLOSED,19.72,Night 20:00-05:59,WIN,TP,duplicate,true,3791837,920201,4473.91,4468.54,4477.96,4468.54,[tp 4468.54]
2026-06-03 05:00:00,2026-06-03 05:01:24,round_number_retest_v0,PROVISIONAL,XAUUSD,SELL,CLOSED,24.34,Night 20:00-05:59,WIN,TP,duplicate,true,3791721,920401,4486.14,4479.51,4490.31,4479.51,[tp 4479.51]
2026-06-03 05:00:00,2026-06-03 05:01:22,symbol_normalized_round_retest_v0,ACCEPTED,XAUUSD,SELL,CLOSED,23.61,Night 20:00-05:59,WIN,TP,kept,false,3791722,920301,4486.17,4479.74,4490.54,4479.74,[tp 4479.74]
2026-06-03 04:35:00,2026-06-03 04:40:41,round_number_retest_v0,PROVISIONAL,XAUUSD,BUY,CLOSED,28.71,Night 20:00-05:59,WIN,TP,duplicate,true,3791514,920401,4485.40,4493.22,4480.17,4493.22,[tp 4493.22]
2026-06-03 04:35:00,2026-06-03 04:40:41,symbol_normalized_round_retest_v0,ACCEPTED,XAUUSD,BUY,CLOSED,28.45,Night 20:00-05:59,WIN,TP,kept,false,3791515,920301,4485.47,4493.22,4480.17,4493.22,[tp 4493.22]
2026-06-03 04:20:01,2026-06-03 04:29:40,round_number_retest_v0,PROVISIONAL,XAUUSD,BUY,CLOSED,19.09,Night 20:00-05:59,WIN,TP,duplicate,true,3791408,920401,4477.82,4483.02,4474.59,4483.02,[tp 4483.02]
2026-06-03 04:20:01,2026-06-03 04:28:57,symbol_normalized_round_retest_v0,ACCEPTED,XAUUSD,BUY,CLOSED,18.61,Night 20:00-05:59,WIN,TP,kept,false,3791409,920301,4477.81,4482.88,4474.45,4482.88,[tp 4482.88]
2026-06-03 03:10:00,2026-06-03 03:19:31,breakout_retest,ACCEPTED,XAUUSD,SELL,CLOSED,36.64,Night 20:00-05:59,WIN,TP,kept,false,3790262,920101,4482.16,4472.18,4488.91,4472.18,[tp 4472.18]
2026-06-03 03:10:00,2026-06-03 03:19:31,swing_breakout_retest_v0,ACCEPTED,XAUUSD,SELL,CLOSED,36.86,Night 20:00-05:59,WIN,TP,duplicate,true,3790264,920201,4482.16,4472.12,4488.85,4472.12,[tp 4472.12]
2026-06-03 02:20:02,2026-06-03 12:15:18,session_extreme_retest_v0,PROVISIONAL,EURUSD,SELL,CLOSED,5.51,Night 20:00-05:59,WIN,TP,unique,false,3789861,920502,1.16271,1.16121,1.16371,1.16121,[tp 1.16121]
2026-06-03 00:45:01,2026-06-03 03:31:26,breakout_retest,ACCEPTED,EURUSD,BUY,CLOSED,-4.09,Night 20:00-05:59,LOSS,SL,kept,false,3789410,920102,1.16319,1.16219,1.16219,1.16469,[sl 1.16219]
2026-06-03 00:45:01,2026-06-03 03:31:26,swing_breakout_retest_v0,ACCEPTED,EURUSD,BUY,CLOSED,-4.09,Night 20:00-05:59,LOSS,SL,duplicate,true,3789411,920202,1.16319,1.16219,1.16219,1.16469,[sl 1.16219]
2026-06-02 20:25:01,2026-06-02 22:11:13,session_extreme_retest_v0,PROVISIONAL,EURUSD,SELL,CLOSED,5.47,Night 20:00-05:59,WIN,TP,unique,false,3785596,920502,1.16337,1.16188,1.16438,1.16188,[tp 1.16188]
2026-06-02 17:45:00,2026-06-02 20:39:46,breakout_retest,ACCEPTED,EURUSD,SELL,CLOSED,5.51,Evening 16:00-19:59,WIN,TP,kept,false,3781514,920102,1.16440,1.16290,1.16540,1.16290,[tp 1.16290]
2026-06-02 17:45:00,2026-06-02 20:39:46,swing_breakout_retest_v0,ACCEPTED,EURUSD,SELL,CLOSED,5.51,Evening 16:00-19:59,WIN,TP,duplicate,true,3781515,920202,1.16440,1.16290,1.16540,1.16290,[tp 1.16290]
2026-06-02 17:15:00,2026-06-02 18:17:50,breakout_retest,ACCEPTED,XAUUSD,SELL,CLOSED,65.72,Evening 16:00-19:59,WIN,TP,kept,false,3780511,920101,4513.87,4495.97,4525.84,4495.97,[tp 4495.97]
2026-06-02 17:15:00,2026-06-02 18:17:50,swing_breakout_retest_v0,ACCEPTED,XAUUSD,SELL,CLOSED,65.83,Evening 16:00-19:59,WIN,TP,duplicate,true,3780514,920201,4513.88,4495.95,4525.82,4495.95,[tp 4495.95]
2026-06-02 15:30:00,2026-06-02 15:36:50,session_extreme_retest_v0,PROVISIONAL,XAUUSD,BUY,CLOSED,-10.51,Afternoon 12:00-15:59,LOSS,SL,unique,false,3778847,920501,4530.57,4527.71,4527.71,4535.21,[sl 4527.71]
2026-06-02 14:50:01,2026-06-02 15:15:37,session_extreme_retest_v0,PROVISIONAL,XAUUSD,BUY,CLOSED,-11.02,Afternoon 12:00-15:59,LOSS,SL,unique,false,3778440,920501,4530.95,4527.95,4527.95,4535.45,[sl 4527.95]
2026-06-02 14:10:01,2026-06-02 14:21:49,session_extreme_retest_v0,PROVISIONAL,XAUUSD,BUY,CLOSED,-14.40,Afternoon 12:00-15:59,LOSS,SL,unique,false,3778086,920501,4529.70,4525.78,4526.14,4535.04,[sl 4526.14]
2026-06-02 13:35:01,2026-06-02 13:51:59,swing_breakout_retest_v0,ACCEPTED,XAUUSD,SELL,CLOSED,-19.99,Afternoon 12:00-15:59,LOSS,SL,duplicate,true,3777321,920201,4525.04,4530.48,4530.37,4517.68,[sl 4530.37]
2026-06-02 13:35:00,2026-06-02 13:51:59,breakout_retest,ACCEPTED,XAUUSD,SELL,CLOSED,-19.07,Afternoon 12:00-15:59,LOSS,SL,kept,false,3777320,920101,4525.29,4530.48,4530.37,4517.68,[sl 4530.37]
2026-06-02 13:15:01,2026-06-02 13:21:49,session_extreme_retest_v0,PROVISIONAL,XAUUSD,BUY,CLOSED,-14.48,Afternoon 12:00-15:59,LOSS,SL,unique,false,3777144,920501,4534.30,4530.36,4530.41,4540.03,[sl 4530.41]
2026-06-02 13:10:01,2026-06-02 20:21:34,session_extreme_retest_v0,PROVISIONAL,EURUSD,BUY,CLOSED,-3.67,Afternoon 12:00-15:59,LOSS,SL,unique,false,3777095,920502,1.16422,1.16322,1.16322,1.16572,[sl 1.16322]
2026-06-02 13:05:00,2026-06-02 15:47:06,breakout_retest,ACCEPTED,EURUSD,SELL,CLOSED,-3.60,Afternoon 12:00-15:59,LOSS,SL,kept,false,3777053,920102,1.16411,1.16509,1.16511,1.16261,[sl 1.16511]
2026-06-02 13:05:00,2026-06-02 15:43:40,swing_breakout_retest_v0,ACCEPTED,EURUSD,SELL,CLOSED,-3.64,Afternoon 12:00-15:59,LOSS,SL,duplicate,true,3777054,920202,1.16411,1.16510,1.16510,1.16260,[sl 1.16510]
2026-06-02 12:50:00,2026-06-02 12:56:55,session_extreme_retest_v0,PROVISIONAL,XAUUSD,BUY,CLOSED,-11.46,Afternoon 12:00-15:59,LOSS,SL,unique,false,3776706,920501,4529.73,4526.61,4526.98,4534.48,[sl 4526.98]
2026-06-02 12:35:00,2026-06-02 12:48:52,round_number_retest_v0,PROVISIONAL,XAUUSD,BUY,CLOSED,-18.15,Afternoon 12:00-15:59,LOSS,SL,duplicate,true,3776263,920401,4532.34,4527.40,4527.43,4539.75,[sl 4527.43]
2026-06-02 12:35:00,2026-06-02 12:48:52,symbol_normalized_round_retest_v0,ACCEPTED,XAUUSD,BUY,CLOSED,-18.15,Afternoon 12:00-15:59,LOSS,SL,kept,false,3776264,920301,4532.34,4527.40,4527.43,4539.75,[sl 4527.43]
2026-06-02 12:15:03,2026-06-02 16:21:27,breakout_retest,ACCEPTED,USDJPY,BUY,CLOSED,1.47,Afternoon 12:00-15:59,WIN,TP,unique,false,3776056,920103,159.70,159.76,159.66,159.76,[tp 159.764]
2026-06-02 12:00:00,2026-06-02 12:23:12,round_number_retest_v0,PROVISIONAL,XAUUSD,BUY,CLOSED,-20.91,Afternoon 12:00-15:59,LOSS,SL,duplicate,true,3775798,920401,4535.64,4529.95,4531.14,4542.57,[sl 4531.14]
2026-06-02 12:00:00,2026-06-02 12:23:12,breakout_retest,ACCEPTED,XAUUSD,BUY,CLOSED,-20.91,Afternoon 12:00-15:59,LOSS,SL,kept,false,3775799,920101,4535.64,4529.95,4530.94,4542.37,[sl 4530.94]
2026-06-02 12:00:00,2026-06-02 12:23:12,swing_breakout_retest_v0,ACCEPTED,XAUUSD,BUY,CLOSED,-20.65,Afternoon 12:00-15:59,LOSS,SL,duplicate,true,3775803,920201,4535.57,4529.95,4531.14,4542.57,[sl 4531.14]
2026-06-02 12:00:00,2026-06-02 12:23:12,symbol_normalized_round_retest_v0,ACCEPTED,XAUUSD,BUY,CLOSED,-20.65,Afternoon 12:00-15:59,LOSS,SL,duplicate,true,3775804,920301,4535.57,4529.95,4531.14,4542.57,[sl 4531.14]
2026-06-02 12:00:00,2026-06-02 12:23:12,session_extreme_retest_v0,PROVISIONAL,XAUUSD,BUY,CLOSED,-20.65,Afternoon 12:00-15:59,LOSS,SL,duplicate,true,3775805,920501,4535.57,4529.95,4531.14,4542.57,[sl 4531.14]
2026-06-02 11:20:01,2026-06-02 11:30:40,round_number_retest_v0,PROVISIONAL,XAUUSD,SELL,CLOSED,22.47,Morning 06:00-11:59,WIN,TP,duplicate,true,3775423,920401,4538.78,4532.66,4542.86,4532.66,[tp 4532.66]
2026-06-02 11:20:01,2026-06-02 11:30:40,symbol_normalized_round_retest_v0,ACCEPTED,XAUUSD,SELL,CLOSED,22.40,Morning 06:00-11:59,WIN,TP,kept,false,3775424,920301,4538.76,4532.66,4542.86,4532.66,[tp 4532.66]
2026-06-02 10:55:00,2026-06-02 20:21:17,symbol_normalized_round_retest_v0,ACCEPTED,EURUSD,SELL,CLOSED,5.51,Morning 06:00-11:59,WIN,TP,unique,false,3775152,920302,1.16490,1.16340,1.16590,1.16340,[tp 1.16340]
2026-06-02 09:50:01,2026-06-02 10:21:22,round_number_retest_v0,PROVISIONAL,XAUUSD,SELL,CLOSED,-16.90,Morning 06:00-11:59,LOSS,SL,duplicate,true,3774511,920401,4522.97,4527.57,4527.50,4516.12,[sl 4527.50]
2026-06-02 09:50:01,2026-06-02 10:21:22,symbol_normalized_round_retest_v0,ACCEPTED,XAUUSD,SELL,CLOSED,-16.90,Morning 06:00-11:59,LOSS,SL,kept,false,3774512,920301,4522.97,4527.57,4527.50,4516.12,[sl 4527.50]
2026-06-02 08:25:01,2026-06-02 08:46:41,symbol_normalized_round_retest_v0,ACCEPTED,XAUUSD,SELL,CLOSED,-24.80,Morning 06:00-11:59,LOSS,SL,kept,false,3773884,920301,4505.66,4512.41,4512.14,4495.82,[sl 4512.14]
2026-06-02 08:25:00,2026-06-02 08:46:41,round_number_retest_v0,PROVISIONAL,XAUUSD,SELL,CLOSED,-24.99,Morning 06:00-11:59,LOSS,SL,duplicate,true,3773883,920401,4505.61,4512.41,4512.14,4495.82,[sl 4512.14]
2026-06-02 07:15:00,2026-06-02 07:28:25,breakout_retest,ACCEPTED,XAUUSD,BUY,CLOSED,23.42,Morning 06:00-11:59,WIN,TP,kept,false,3773369,920101,4488.75,4495.13,4484.31,4495.13,[tp 4495.13]
2026-06-02 07:15:00,2026-06-02 07:28:26,swing_breakout_retest_v0,ACCEPTED,XAUUSD,BUY,CLOSED,23.90,Morning 06:00-11:59,WIN,TP,duplicate,true,3773371,920201,4488.75,4495.26,4484.44,4495.26,[tp 4495.26]
2026-06-02 07:00:00,2026-06-02 07:29:08,round_number_retest_v0,PROVISIONAL,XAUUSD,BUY,CLOSED,35.24,Morning 06:00-11:59,WIN,TP,duplicate,true,3773262,920401,4486.40,4496.00,4480.17,4496.00,[tp 4496.00]
2026-06-02 07:00:00,2026-06-02 07:28:29,symbol_normalized_round_retest_v0,ACCEPTED,XAUUSD,BUY,CLOSED,34.43,Morning 06:00-11:59,WIN,TP,kept,false,3773263,920301,4486.40,4495.78,4479.95,4495.78,[tp 4495.78]
2026-06-02 06:45:00,2026-06-02 06:56:11,round_number_retest_v0,PROVISIONAL,XAUUSD,SELL,CLOSED,-21.79,Morning 06:00-11:59,LOSS,SL,duplicate,true,3773088,920401,4476.93,4482.86,4482.56,4468.39,[sl 4482.56]
2026-06-02 06:45:00,2026-06-02 06:56:11,symbol_normalized_round_retest_v0,ACCEPTED,XAUUSD,SELL,CLOSED,-22.08,Morning 06:00-11:59,LOSS,SL,kept,false,3773090,920301,4476.95,4482.96,4482.42,4468.25,[sl 4482.42]
2026-06-02 06:25:01,2026-06-02 06:33:17,round_number_retest_v0,PROVISIONAL,XAUUSD,BUY,CLOSED,-14.92,Morning 06:00-11:59,LOSS,SL,duplicate,true,3772957,920401,4484.08,4480.02,4480.05,4490.14,[sl 4480.05]
2026-06-02 06:25:00,2026-06-02 06:33:11,symbol_normalized_round_retest_v0,ACCEPTED,XAUUSD,BUY,CLOSED,-13.26,Morning 06:00-11:59,LOSS,SL,kept,false,3772956,920301,4483.97,4480.36,4480.24,4490.33,[sl 4480.24]
2026-06-02 05:55:00,2026-06-02 06:23:58,round_number_retest_v0,PROVISIONAL,XAUUSD,SELL,CLOSED,-40.86,Night 20:00-05:59,LOSS,SL,duplicate,true,3772509,920401,4473.38,4484.50,4484.78,4456.28,[sl 4484.78]
2026-06-02 05:55:00,2026-06-02 06:23:58,symbol_normalized_round_retest_v0,ACCEPTED,XAUUSD,SELL,CLOSED,-42.33,Night 20:00-05:59,LOSS,SL,kept,false,3772510,920301,4472.98,4484.50,4484.82,4456.32,[sl 4484.82]
2026-06-02 05:45:00,2026-06-02 05:51:45,session_extreme_retest_v0,PROVISIONAL,XAUUSD,SELL,CLOSED,50.19,Night 20:00-05:59,WIN,TP,unique,false,3772325,920501,4479.51,4465.84,4488.60,4465.84,[tp 4465.84]
2026-06-02 05:40:00,2026-06-02 05:43:25,session_extreme_retest_v0,PROVISIONAL,XAUUSD,SELL,CLOSED,-16.17,Night 20:00-05:59,LOSS,SL,unique,false,3772294,920501,4481.03,4485.43,4485.37,4474.79,[sl 4485.37]
2026-06-02 05:25:00,2026-06-02 05:29:17,session_extreme_retest_v0,PROVISIONAL,XAUUSD,SELL,CLOSED,-35.53,Night 20:00-05:59,LOSS,SL,unique,false,3772002,920501,4483.03,4492.70,4492.16,4469.43,[sl 4492.16]
2026-06-02 05:20:00,2026-06-02 05:51:45,round_number_retest_v0,PROVISIONAL,XAUUSD,SELL,CLOSED,74.12,Night 20:00-05:59,WIN,TP,duplicate,true,3771959,920401,4485.61,4465.42,4499.70,4465.42,[tp 4465.42]
2026-06-02 05:20:00,2026-06-02 05:51:45,symbol_normalized_round_retest_v0,ACCEPTED,XAUUSD,SELL,CLOSED,74.78,Night 20:00-05:59,WIN,TP,kept,false,3771961,920301,4485.50,4465.13,4499.41,4465.13,[tp 4465.13]
2026-06-02 04:50:00,2026-06-02 05:03:32,session_extreme_retest_v0,PROVISIONAL,XAUUSD,SELL,CLOSED,-18.74,Night 20:00-05:59,LOSS,SL,unique,false,3771345,920501,4481.26,4486.36,4486.11,4473.94,[sl 4486.11]
2026-06-02 04:40:01,2026-06-02 05:01:19,round_number_retest_v0,PROVISIONAL,XAUUSD,SELL,CLOSED,46.05,Night 20:00-05:59,WIN,TP,duplicate,true,3771243,920401,4488.52,4475.98,4497.16,4475.98,[tp 4475.98]
2026-06-02 04:40:01,2026-06-02 05:01:19,symbol_normalized_round_retest_v0,ACCEPTED,XAUUSD,SELL,CLOSED,46.01,Night 20:00-05:59,WIN,TP,kept,false,3771245,920301,4488.50,4475.97,4497.15,4475.97,[tp 4475.97]
2026-06-02 04:20:01,2026-06-02 04:26:02,round_number_retest_v0,PROVISIONAL,XAUUSD,BUY,CLOSED,21.00,Night 20:00-05:59,WIN,TP,duplicate,true,3771064,920401,4485.47,4491.19,4481.72,4491.19,[tp 4491.19]
2026-06-02 04:20:01,2026-06-02 04:26:02,symbol_normalized_round_retest_v0,ACCEPTED,XAUUSD,BUY,CLOSED,20.85,Night 20:00-05:59,WIN,TP,kept,false,3771065,920301,4485.47,4491.15,4481.68,4491.15,[tp 4491.15]
2026-06-02 03:55:01,2026-06-02 04:05:49,round_number_retest_v0,PROVISIONAL,XAUUSD,BUY,CLOSED,-16.54,Night 20:00-05:59,LOSS,SL,duplicate,true,3770909,920401,4485.22,4480.72,4480.72,4491.96,[sl 4480.72]
2026-06-02 03:55:01,2026-06-02 04:05:49,symbol_normalized_round_retest_v0,ACCEPTED,XAUUSD,BUY,CLOSED,-16.54,Night 20:00-05:59,LOSS,SL,kept,false,3770912,920301,4485.22,4480.72,4480.72,4491.96,[sl 4480.72]
2026-06-02 03:20:27,2026-06-02 10:33:22,breakout_retest,ACCEPTED,EURUSD,BUY,CLOSED,5.51,Night 20:00-05:59,WIN,TP,kept,false,3770060,920102,1.16359,1.16509,1.16259,1.16509,[tp 1.16509]
2026-06-02 03:20:27,2026-06-02 10:33:22,swing_breakout_retest_v0,ACCEPTED,EURUSD,BUY,CLOSED,5.51,Night 20:00-05:59,WIN,TP,duplicate,true,3770061,920202,1.16359,1.16509,1.16259,1.16509,[tp 1.16509]
2026-06-02 02:05:00,2026-06-02 02:48:18,breakout_retest,ACCEPTED,XAUUSD,SELL,CLOSED,-12.12,Night 20:00-05:59,LOSS,SL,kept,false,3769237,920101,4482.95,4486.25,4486.24,4478.01,[sl 4486.24]
2026-06-02 02:05:00,2026-06-02 02:48:18,swing_breakout_retest_v0,ACCEPTED,XAUUSD,SELL,CLOSED,-12.12,Night 20:00-05:59,LOSS,SL,duplicate,true,3769238,920201,4482.95,4486.25,4486.24,4478.01,[sl 4486.24]
2026-06-02 00:00:00,2026-06-02 03:26:50,round_number_retest_v0,PROVISIONAL,XAUUSD,BUY,CLOSED,20.71,Night 20:00-05:59,WIN,TP,duplicate,true,3768646,920401,4481.61,4487.97,4477.29,4487.97,[tp 4487.97]
2026-06-02 00:00:00,2026-06-02 03:26:50,symbol_normalized_round_retest_v0,ACCEPTED,XAUUSD,BUY,CLOSED,20.71,Night 20:00-05:59,WIN,TP,kept,false,3768648,920301,4481.62,4487.98,4477.30,4487.98,[tp 4487.98]
2026-06-01 23:45:00,2026-06-02 00:55:46,breakout_retest,ACCEPTED,XAUUSD,SELL,CLOSED,-10.51,Night 20:00-05:59,LOSS,SL,kept,false,3768444,920101,4483.24,4486.10,4486.26,4478.76,[sl 4486.26]
2026-06-01 23:45:00,2026-06-02 00:55:46,swing_breakout_retest_v0,ACCEPTED,XAUUSD,SELL,CLOSED,-10.51,Night 20:00-05:59,LOSS,SL,duplicate,true,3768445,920201,4483.24,4486.10,4486.24,4478.74,[sl 4486.24]
2026-06-01 22:05:01,2026-06-01 23:57:45,round_number_retest_v0,PROVISIONAL,XAUUSD,SELL,CLOSED,25.96,Night 20:00-05:59,WIN,TP,duplicate,true,3767476,920401,4486.77,4479.70,4491.68,4479.70,[tp 4479.70]
2026-06-01 22:05:01,2026-06-01 23:57:46,symbol_normalized_round_retest_v0,ACCEPTED,XAUUSD,SELL,CLOSED,26.84,Night 20:00-05:59,WIN,TP,kept,false,3767477,920301,4486.89,4479.58,4491.56,4479.58,[tp 4479.58]
2026-06-01 22:05:01,2026-06-01 23:57:46,session_extreme_retest_v0,PROVISIONAL,XAUUSD,SELL,CLOSED,26.84,Night 20:00-05:59,WIN,TP,duplicate,true,3767478,920501,4486.89,4479.58,4491.56,4479.58,[tp 4479.58]
2026-06-01 21:45:01,2026-06-02 01:16:12,breakout_retest,ACCEPTED,EURUSD,BUY,CLOSED,-4.13,Night 20:00-05:59,LOSS,SL,kept,false,3767237,920102,1.16358,1.16257,1.16257,1.16507,[sl 1.16257]
2026-06-01 21:45:01,2026-06-02 01:16:12,swing_breakout_retest_v0,ACCEPTED,EURUSD,BUY,CLOSED,-4.13,Night 20:00-05:59,LOSS,SL,duplicate,true,3767239,920202,1.16358,1.16257,1.16258,1.16508,[sl 1.16258]
2026-06-01 21:10:01,2026-06-01 21:29:55,symbol_normalized_round_retest_v0,ACCEPTED,XAUUSD,SELL,CLOSED,-23.96,Night 20:00-05:59,LOSS,SL,kept,false,3766771,920301,4473.21,4479.73,4479.18,4464.48,[sl 4479.18]
2026-06-01 21:10:00,2026-06-01 21:29:55,round_number_retest_v0,PROVISIONAL,XAUUSD,SELL,CLOSED,-23.96,Night 20:00-05:59,LOSS,SL,duplicate,true,3766770,920401,4473.21,4479.73,4479.18,4464.48,[sl 4479.18]
2026-06-01 20:55:00,2026-06-01 21:06:27,round_number_retest_v0,PROVISIONAL,XAUUSD,BUY,CLOSED,-17.71,Night 20:00-05:59,LOSS,SL,duplicate,true,3766580,920401,4480.08,4475.26,4475.29,4487.69,[sl 4475.29]
2026-06-01 20:55:00,2026-06-01 21:06:27,symbol_normalized_round_retest_v0,ACCEPTED,XAUUSD,BUY,CLOSED,-17.05,Night 20:00-05:59,LOSS,SL,kept,false,3766583,920301,4479.90,4475.26,4475.26,4487.66,[sl 4475.26]
2026-06-01 20:25:00,2026-06-01 20:53:03,breakout_retest,ACCEPTED,XAUUSD,BUY,CLOSED,28.53,Night 20:00-05:59,WIN,TP,kept,false,3766151,920101,4468.70,4476.47,4463.67,4476.47,[tp 4476.47]
2026-06-01 20:25:00,2026-06-01 20:53:03,swing_breakout_retest_v0,ACCEPTED,XAUUSD,BUY,CLOSED,28.20,Night 20:00-05:59,WIN,TP,duplicate,true,3766152,920201,4468.70,4476.38,4463.58,4476.38,[tp 4476.38]
2026-06-01 20:15:01,2026-06-01 21:30:12,breakout_retest,ACCEPTED,EURUSD,BUY,CLOSED,5.51,Night 20:00-05:59,WIN,TP,kept,false,3766020,920102,1.16190,1.16340,1.16090,1.16340,[tp 1.16340]
2026-06-01 20:15:01,2026-06-01 21:30:12,swing_breakout_retest_v0,ACCEPTED,EURUSD,BUY,CLOSED,5.51,Night 20:00-05:59,WIN,TP,duplicate,true,3766021,920202,1.16190,1.16340,1.16090,1.16340,[tp 1.16340]
2026-06-01 20:15:00,2026-06-01 20:50:13,round_number_retest_v0,PROVISIONAL,XAUUSD,SELL,CLOSED,-25.39,Night 20:00-05:59,LOSS,SL,duplicate,true,3766017,920401,4466.75,4473.66,4473.57,4456.79,[sl 4473.57]
2026-06-01 20:15:00,2026-06-01 20:50:13,symbol_normalized_round_retest_v0,ACCEPTED,XAUUSD,SELL,CLOSED,-25.24,Night 20:00-05:59,LOSS,SL,kept,false,3766018,920301,4466.79,4473.66,4473.46,4456.68,[sl 4473.46]
2026-06-01 20:05:00,2026-06-01 20:10:27,round_number_retest_v0,PROVISIONAL,XAUUSD,SELL,CLOSED,25.99,Night 20:00-05:59,WIN,TP,duplicate,true,3765894,920401,4473.00,4465.92,4477.91,4465.92,[tp 4465.92]
2026-06-01 20:05:00,2026-06-01 20:10:27,symbol_normalized_round_retest_v0,ACCEPTED,XAUUSD,SELL,CLOSED,25.88,Night 20:00-05:59,WIN,TP,kept,false,3765897,920301,4473.00,4465.95,4477.94,4465.95,[tp 4465.95]
2026-06-01 19:50:00,2026-06-01 20:00:24,round_number_retest_v0,PROVISIONAL,XAUUSD,SELL,CLOSED,-23.77,Evening 16:00-19:59,LOSS,SL,duplicate,true,3765725,920401,4469.76,4476.23,4476.50,4459.44,[sl 4476.50]
2026-06-01 19:50:00,2026-06-01 20:00:24,symbol_normalized_round_retest_v0,ACCEPTED,XAUUSD,SELL,CLOSED,-23.55,Evening 16:00-19:59,LOSS,SL,kept,false,3765726,920301,4469.82,4476.23,4476.56,4459.50,[sl 4476.56]
2026-06-01 18:05:01,2026-06-01 19:16:00,round_number_retest_v0,PROVISIONAL,XAUUSD,BUY,CLOSED,43.17,Evening 16:00-19:59,WIN,TP,duplicate,true,3763577,920401,4454.36,4466.12,4446.32,4466.12,[tp 4466.12]
2026-06-01 18:05:00,2026-06-01 19:16:01,symbol_normalized_round_retest_v0,ACCEPTED,XAUUSD,BUY,CLOSED,43.65,Evening 16:00-19:59,WIN,TP,kept,false,3763576,920301,4454.32,4466.21,4446.41,4466.21,[tp 4466.21]
2026-06-01 17:40:01,2026-06-01 17:51:25,round_number_retest_v0,PROVISIONAL,XAUUSD,BUY,CLOSED,-45.34,Evening 16:00-19:59,LOSS,SL,duplicate,true,3762684,920401,4473.57,4461.23,4461.45,4491.60,[sl 4461.45]
2026-06-01 17:40:00,2026-06-01 17:51:25,symbol_normalized_round_retest_v0,ACCEPTED,XAUUSD,BUY,CLOSED,-45.78,Evening 16:00-19:59,LOSS,SL,kept,false,3762680,920301,4473.69,4461.23,4461.22,4491.37,[sl 4461.22]
2026-06-01 16:55:01,2026-06-01 17:03:12,session_extreme_retest_v0,PROVISIONAL,XAUUSD,SELL,CLOSED,29.29,Evening 16:00-19:59,WIN,TP,unique,false,3760118,920501,4505.74,4497.76,4511.01,4497.76,[tp 4497.76]
2026-06-01 16:40:01,2026-06-01 17:03:44,round_number_retest_v0,PROVISIONAL,XAUUSD,BUY,CLOSED,-31.05,Evening 16:00-19:59,LOSS,SL,duplicate,true,3759907,920401,4504.07,4495.62,4495.67,4516.62,[sl 4495.67]
2026-06-01 16:40:01,2026-06-01 17:03:44,symbol_normalized_round_retest_v0,ACCEPTED,XAUUSD,BUY,CLOSED,-31.05,Evening 16:00-19:59,LOSS,SL,kept,false,3759908,920301,4504.07,4495.62,4495.67,4516.62,[sl 4495.67]
2026-06-01 16:35:02,2026-06-01 17:12:21,symbol_normalized_round_retest_v0,ACCEPTED,EURUSD,SELL,CLOSED,5.51,Evening 16:00-19:59,WIN,TP,unique,false,3759826,920302,1.16492,1.16342,1.16592,1.16342,[tp 1.16342]
2026-06-01 16:30:01,2026-06-01 16:30:54,round_number_retest_v0,PROVISIONAL,XAUUSD,BUY,CLOSED,-22.01,Evening 16:00-19:59,LOSS,SL,duplicate,true,3759754,920401,4505.42,4499.43,4499.42,4515.59,[sl 4499.42]
2026-06-01 16:30:01,2026-06-01 16:30:58,symbol_normalized_round_retest_v0,ACCEPTED,XAUUSD,BUY,CLOSED,-23.77,Evening 16:00-19:59,LOSS,SL,kept,false,3759756,920301,4505.76,4499.29,4499.33,4515.50,[sl 4499.33]
2026-06-01 15:55:01,2026-06-01 16:18:26,session_extreme_retest_v0,PROVISIONAL,XAUUSD,SELL,CLOSED,19.61,Afternoon 12:00-15:59,WIN,TP,unique,false,3759190,920501,4506.99,4501.65,4510.55,4501.65,[tp 4501.65]
2026-06-01 15:11:32,2026-06-01 17:23:26,breakout_retest,ACCEPTED,EURUSD,SELL,CLOSED,5.51,Afternoon 12:00-15:59,WIN,TP,kept,false,3758457,920102,1.16418,1.16268,1.16518,1.16268,[tp 1.16268]
2026-06-01 15:11:32,2026-06-01 17:23:26,swing_breakout_retest_v0,ACCEPTED,EURUSD,SELL,CLOSED,5.51,Afternoon 12:00-15:59,WIN,TP,duplicate,true,3758458,920202,1.16418,1.16268,1.16518,1.16268,[tp 1.16268]
2026-06-01 15:10:00,2026-06-01 16:22:00,round_number_retest_v0,PROVISIONAL,XAUUSD,BUY,CLOSED,-25.28,Afternoon 12:00-15:59,LOSS,SL,duplicate,true,3758424,920401,4505.72,4498.84,4498.90,4516.13,[sl 4498.90]
2026-06-01 15:10:00,2026-06-01 16:22:00,symbol_normalized_round_retest_v0,ACCEPTED,XAUUSD,BUY,CLOSED,-25.28,Afternoon 12:00-15:59,LOSS,SL,kept,false,3758425,920301,4505.72,4498.84,4498.90,4516.13,[sl 4498.90]
