candidate_id,archetype,direction,signal_time,entry_time,exit_time,entry,exit,stop,target,spread_pips,net_pips,stress_net_pips,exit_reason,net_r,stress_r,specialist_id,owned_regime,stage
EURV2_TREND_UP,range_breakout_long,long,2016-11-01T14:00:00+00:00,2016-11-01T15:00:00+00:00,2016-11-02T08:00:00+00:00,1.10398,1.1080902095188792,1.1019148952405604,1.108110209518879,0.20000000000131024,41.10209518879193,40.60209518879193,target,1.9903152612919564,1.9661034145217375,EURV2_TREND_UP,trend_up,train
EURV2_TREND_UP,range_breakout_long,long,2016-11-02T14:00:00+00:00,2016-11-02T15:00:00+00:00,2016-11-02T18:00:00+00:00,1.11092,1.1088058846764495,1.1088258846764494,1.1151082306471007,0.10000000000065512,-21.141153235504362,-21.641153235504362,stop,-1.009550572394456,-1.0334270033807047,EURV2_TREND_UP,trend_up,train
EURV2_TREND_UP,range_breakout_long,long,2016-11-04T19:00:00+00:00,2016-11-04T20:00:00+00:00,2016-11-06T22:00:00+00:00,1.11384,1.1117917309069367,1.1118117309069366,1.1178965381861263,0.20000000000131024,-20.482690930632153,-20.982690930632153,stop,-1.009860624543513,-1.0345121859024078,EURV2_TREND_UP,trend_up,train
EURV2_TREND_UP,range_breakout_long,long,2017-03-13T06:00:00+00:00,2017-03-13T07:00:00+00:00,2017-03-13T08:00:00+00:00,1.07127,1.06917941463688,1.06919941463688,1.0754111707262402,0.40000000000040004,-20.90585363119901,-21.40585363119901,stop,-1.0096591043074759,-1.0338068650762757,EURV2_TREND_UP,trend_up,train
EURV2_TREND_UP,range_breakout_long,long,2017-03-21T08:00:00+00:00,2017-03-21T09:00:00+00:00,2017-03-22T02:00:00+00:00,1.0796,1.0793700000000002,1.0776364881343252,1.083527023731349,0.10000000000065512,-2.299999999997304,-2.799999999997304,time,-0.11713705632265244,-0.14260163378412846,EURV2_TREND_UP,trend_up,train
EURV2_TREND_UP,range_breakout_long,long,2017-04-20T06:00:00+00:00,2017-04-20T07:00:00+00:00,2017-04-20T08:00:00+00:00,1.07415,1.0771851987348284,1.0726224006325857,1.0772051987348283,0.10000000000065512,30.351987348284926,29.851987348284926,target,1.9869075620044518,1.9541764670154325,EURV2_TREND_UP,trend_up,train
EURV2_TREND_UP,range_breakout_long,long,2017-04-20T08:00:00+00:00,2017-04-20T09:00:00+00:00,2017-04-20T11:00:00+00:00,1.07703,1.0752676311576888,1.0752876311576887,1.0805147376846225,0.2999999999997449,-17.623688423111794,-18.123688423111794,stop,-1.01147862583067,-1.040175190407476,EURV2_TREND_UP,trend_up,train
EURV2_TREND_UP,range_breakout_long,long,2017-04-25T14:00:00+00:00,2017-04-25T15:00:00+00:00,2017-04-26T08:00:00+00:00,1.09283,1.0902908197449932,1.090310819744993,1.0978683605100135,0.20000000000131024,-25.391802550067677,-25.891802550067677,stop,-1.007939090487931,-1.0277868167078494,EURV2_TREND_UP,trend_up,train
EURV2_TREND_UP,range_breakout_long,long,2017-05-15T12:00:00+00:00,2017-05-15T13:00:00+00:00,2017-05-16T06:00:00+00:00,1.09788,1.1011306711261872,1.0962446644369064,1.1011506711261871,0.10000000000065512,32.50671126187265,32.00671126187265,target,1.987770094131583,1.9571953294604019,EURV2_TREND_UP,trend_up,train
EURV2_TREND_UP,range_breakout_long,long,2017-05-16T06:00:00+00:00,2017-05-16T07:00:00+00:00,2017-05-16T08:00:00+00:00,1.10144,1.1043015556899096,1.0999992221550452,1.1043215556899095,0.40000000000040004,28.61555689909645,28.11555689909645,target,1.986118609423414,1.9514151329817915,EURV2_TREND_UP,trend_up,train
EURV2_TREND_UP,range_breakout_long,long,2017-05-16T08:00:00+00:00,2017-05-16T09:00:00+00:00,2017-05-16T12:00:00+00:00,1.10463,1.1080439689367079,1.102913015531646,1.1080639689367078,0.8000000000008001,34.139689367078674,33.639689367078674,target,1.988351670985525,1.9592308484495278,EURV2_TREND_UP,trend_up,train
EURV2_TREND_UP,range_breakout_long,long,2017-05-16T12:00:00+00:00,2017-05-16T13:00:00+00:00,2017-05-17T06:00:00+00:00,1.10781,1.1120731742451404,1.10566841287743,1.1120931742451403,0.2999999999997449,42.63174245140444,42.13174245140444,target,1.9906611317424783,1.9673139610983084,EURV2_TREND_UP,trend_up,train
EURV2_TREND_UP,range_breakout_long,long,2017-05-17T14:00:00+00:00,2017-05-17T15:00:00+00:00,2017-05-18T06:00:00+00:00,1.1147099999999999,1.1123144886505496,1.1123344886505495,1.1194610226989008,0.1999999999990898,-23.955113494502633,-24.455113494502633,stop,-1.008419239926821,-1.0294673397439695,EURV2_TREND_UP,trend_up,train
EURV2_TREND_UP,range_breakout_long,long,2017-05-19T11:00:00+00:00,2017-05-19T12:00:00+00:00,2017-05-22T05:00:00+00:00,1.11784,1.1193600000000001,1.1154654985192825,1.1225890029614347,0.2999999999997449,15.200000000001879,14.700000000001879,time,0.6401343660315996,0.6190773145174048,EURV2_TREND_UP,trend_up,train
EURV2_TREND_UP,range_breakout_long,long,2017-05-22T10:00:00+00:00,2017-05-22T11:00:00+00:00,2017-05-23T04:00:00+00:00,1.1227699999999998,1.1250200000000001,1.120178048875728,1.1279539022485436,0.1999999999990898,22.500000000003073,22.000000000003073,time,0.8680719242468126,0.8487814370413305,EURV2_TREND_UP,trend_up,train
EURV2_TREND_UP,range_breakout_long,long,2017-05-25T02:00:00+00:00,2017-05-25T03:00:00+00:00,2017-05-25T10:00:00+00:00,1.1239599999999998,1.1216632763362893,1.1216832763362892,1.128513447327421,0.40000000000040004,-22.96723663710587,-23.46723663710587,stop,-1.0087845531360238,-1.0307459359761828,EURV2_TREND_UP,trend_up,train
EURV2_TREND_UP,range_breakout_long,long,2017-06-27T15:00:00+00:00,2017-06-27T16:00:00+00:00,2017-06-28T07:00:00+00:00,1.13269,1.1380001891871265,1.1300249054064369,1.1380201891871264,0.40000000000040004,53.10189187126557,52.60189187126557,target,1.992495575936407,1.9737345157771304,EURV2_TREND_UP,trend_up,train
EURV2_TREND_UP,range_breakout_long,long,2017-06-29T01:00:00+00:00,2017-06-29T02:00:00+00:00,2017-06-29T19:00:00+00:00,1.1405699999999999,1.14391,1.1380341529340114,1.1456416941319765,0.2999999999997449,33.40000000000121,32.90000000000121,time,1.3171141291591506,1.2973968517765293,EURV2_TREND_UP,trend_up,train
EURV2_TREND_UP,range_breakout_long,long,2017-07-21T06:00:00+00:00,2017-07-21T07:00:00+00:00,2017-07-21T07:00:00+00:00,1.1663,1.1637812314933724,1.1638012314933723,1.171297537013255,0.2999999999997449,-25.187685066274668,-25.687685066274668,stop,-1.0080039427209293,-1.0280137995233436,EURV2_TREND_UP,trend_up,train
EURV2_TREND_UP,range_breakout_long,long,2017-07-25T12:00:00+00:00,2017-07-25T13:00:00+00:00,2017-07-25T14:00:00+00:00,1.16891,1.1668935640700953,1.1669135640700952,1.1729028718598091,0.2999999999997449,-20.164359299046364,-20.664359299046364,stop,-1.010017852163612,-1.0350624825727563,EURV2_TREND_UP,trend_up,train
EURV2_TREND_UP,range_breakout_long,long,2017-08-02T08:00:00+00:00,2017-08-02T09:00:00+00:00,2017-08-02T11:00:00+00:00,1.1855,1.1828949674422597,1.1829149674422597,1.1906700651154807,0.10000000000065512,-26.0503255774025,-26.5503255774025,stop,-1.0077368464625418,-1.0270789626189847,EURV2_TREND_UP,trend_up,train
EURV2_TREND_UP,range_breakout_long,long,2017-08-28T15:00:00+00:00,2017-08-28T16:00:00+00:00,2017-08-29T07:00:00+00:00,1.19723,1.2021489769856182,1.1947605115071909,1.202168976985618,0.20000000000131024,49.18976985618162,48.68976985618162,target,1.9919011568353655,1.9716540489239118,EURV2_TREND_UP,trend_up,train
EURV2_TREND_UP,range_breakout_long,long,2017-08-29T07:00:00+00:00,2017-08-29T08:00:00+00:00,2017-08-29T13:00:00+00:00,1.20474,1.202320266499501,1.2023402664995009,1.2095394670009982,0.2999999999997449,-24.19733500498955,-24.69733500498955,stop,-1.008334258781548,-1.0291699057355126,EURV2_TREND_UP,trend_up,train
EURV2_TREND_UP,range_breakout_long,long,2017-10-11T13:00:00+00:00,2017-10-11T14:00:00+00:00,2017-10-12T07:00:00+00:00,1.1855099999999998,1.1866700000000001,1.1831887870458166,1.1901524259083662,0.1999999999990898,11.60000000000272,11.10000000000272,time,0.49973872406224856,0.4781982618181912,EURV2_TREND_UP,trend_up,train
EURV2_TREND_UP,range_breakout_long,long,2017-11-14T08:00:00+00:00,2017-11-14T09:00:00+00:00,2017-11-14T12:00:00+00:00,1.17102,1.1742302701679432,1.1694048649160282,1.1742502701679431,0.2999999999997449,32.102701679432855,31.602701679432855,target,1.9876171348151574,1.9566599718532538,EURV2_TREND_UP,trend_up,train
EURV2_TREND_UP,range_breakout_long,long,2017-11-14T12:00:00+00:00,2017-11-14T13:00:00+00:00,2017-11-14T17:00:00+00:00,1.17471,1.1783603315354705,1.1728748342322648,1.1783803315354704,0.40000000000040004,36.503315354705634,36.003315354705634,target,1.9891018019454614,1.961856306808688,EURV2_TREND_UP,trend_up,train
EURV2_TREND_UP,range_breakout_long,long,2017-11-14T17:00:00+00:00,2017-11-14T18:00:00+00:00,2017-11-15T08:00:00+00:00,1.17818,1.1825607242644425,1.175979637867779,1.1825807242644424,0.30000000000196536,43.807242644424704,43.307242644424704,target,1.9909105870770922,1.9681870547694675,EURV2_TREND_UP,trend_up,train
EURV2_TREND_UP,range_breakout_long,long,2017-11-15T08:00:00+00:00,2017-11-15T09:00:00+00:00,2017-11-15T14:00:00+00:00,1.1838799999999998,1.1817994684941882,1.181819468494188,1.1880010630116233,0.09999999999843467,-20.80531505811667,-21.30531505811667,stop,-1.0097062335341627,-1.0339718173696801,EURV2_TREND_UP,trend_up,train
EURV2_TREND_UP,range_breakout_long,long,2017-11-17T01:00:00+00:00,2017-11-17T02:00:00+00:00,2017-11-17T07:00:00+00:00,1.18132,1.1792113965729722,1.1792313965729722,1.1854972068540552,0.1999999999990898,-21.086034270276777,-21.586034270276777,stop,-1.0095757766846003,-1.0335152183962104,EURV2_TREND_UP,trend_up,train
EURV2_TREND_UP,range_breakout_long,long,2017-11-24T09:00:00+00:00,2017-11-24T10:00:00+00:00,2017-11-24T14:00:00+00:00,1.1868699999999999,1.190268069491991,1.1851609652540045,1.1902880694919908,0.2999999999997449,33.980694919910626,33.480694919910626,target,1.9882974877798412,1.959041207228986,EURV2_TREND_UP,trend_up,train
EURV2_TREND_UP,range_breakout_long,long,2017-12-29T08:00:00+00:00,2017-12-29T09:00:00+00:00,2017-12-29T13:00:00+00:00,1.1967899999999998,1.1996283507791687,1.1953608246104155,1.1996483507791686,0.2999999999997449,28.38350779168941,27.88350779168941,target,1.9860059163168882,1.9510207071085608,EURV2_TREND_UP,trend_up,train
EURV2_TREND_UP,range_breakout_long,long,2017-12-29T15:00:00+00:00,2017-12-29T16:00:00+00:00,2017-12-29T21:00:00+00:00,1.2010299999999998,1.1992631857554577,1.1992831857554576,1.2045236284890846,0.2999999999997449,-17.668142445421697,-18.168142445421697,stop,-1.011449414305154,-1.0400729500681694,EURV2_TREND_UP,trend_up,train
EURV2_TREND_UP,range_breakout_long,long,2018-01-02T06:00:00+00:00,2018-01-02T07:00:00+00:00,2018-01-02T09:00:00+00:00,1.2028999999999999,1.2061141996955416,1.2012829001522292,1.2061341996955415,0.2999999999997449,32.141996955417085,31.641996955417085,target,1.9876321799007906,1.956712629652283,EURV2_TREND_UP,trend_up,train
EURV2_TREND_UP,range_breakout_long,long,2018-01-02T09:00:00+00:00,2018-01-02T10:00:00+00:00,2018-01-02T14:00:00+00:00,1.20708,1.2051737296408338,1.2051937296408337,1.2108525407183326,0.20000000000131024,-19.06270359166129,-19.56270359166129,stop,-1.0106029339340037,-1.0371102687691338,EURV2_TREND_UP,trend_up,train
EURV2_TREND_UP,range_breakout_long,long,2018-01-04T10:00:00+00:00,2018-01-04T11:00:00+00:00,2018-01-05T04:00:00+00:00,1.2051699999999999,1.20737,1.2032820798750907,1.2089458402498183,0.09999999999843467,22.000000000002018,21.500000000002018,time,1.1653035374608858,1.138819366154959,EURV2_TREND_UP,trend_up,train
EURV2_TREND_UP,range_breakout_long,long,2018-01-24T18:00:00+00:00,2018-01-24T19:00:00+00:00,2018-01-25T12:00:00+00:00,1.2412599999999998,1.24042,1.2382878671211295,1.2472042657577405,0.2999999999997449,-8.399999999997299,-8.899999999997299,time,-0.28262531799015805,-0.29944825358481575,EURV2_TREND_UP,trend_up,train
EURV2_TREND_UP,range_breakout_long,long,2018-01-25T13:00:00+00:00,2018-01-25T14:00:00+00:00,2018-01-25T19:00:00+00:00,1.24969,1.2455722869850954,1.2455922869850953,1.2578854260298091,0.20000000000131024,-41.177130149046,-41.677130149046,stop,-1.0048807712807515,-1.017082699482686,EURV2_TREND_UP,trend_up,train
EURV2_TREND_UP,range_breakout_long,long,2018-03-26T13:00:00+00:00,2018-03-26T14:00:00+00:00,2018-03-27T07:00:00+00:00,1.24369,1.2465000000000002,1.2410136730557377,1.2490426538885246,0.20000000000131024,28.100000000002012,27.600000000002012,time,1.0499464596523052,1.03126413830618,EURV2_TREND_UP,trend_up,train
EURV2_TREND_UP,range_breakout_long,long,2018-08-21T16:00:00+00:00,2018-08-21T17:00:00+00:00,2018-08-22T10:00:00+00:00,1.156,1.1591,1.1529723270215915,1.1620553459568166,0.40000000000040004,31.000000000001027,30.500000000001027,time,1.0238886504941085,1.0073743174216234,EURV2_TREND_UP,trend_up,train
EURV2_TREND_UP,range_breakout_long,long,2018-08-22T11:00:00+00:00,2018-08-22T12:00:00+00:00,2018-08-22T14:00:00+00:00,1.16112,1.1585954104936866,1.1586154104936865,1.1661291790126267,0.40000000000040004,-25.245895063132906,-25.745895063132906,stop,-1.0079853404917232,-1.0279486917211216,EURV2_TREND_UP,trend_up,train
EURV2_TREND_UP,range_breakout_long,long,2018-08-24T14:00:00+00:00,2018-08-24T15:00:00+00:00,2018-08-27T06:00:00+00:00,1.1627999999999998,1.1600654827203474,1.1600854827203473,1.1682290345593052,0.2999999999997449,-27.345172796524597,-27.845172796524597,stop,-1.0073677924800202,-1.0257872736801545,EURV2_TREND_UP,trend_up,train
EURV2_TREND_UP,range_breakout_long,long,2018-12-20T09:00:00+00:00,2018-12-20T10:00:00+00:00,2018-12-20T12:00:00+00:00,1.1478599999999999,1.1450839384243745,1.1451039384243744,1.153372123151251,0.2999999999997449,-27.76061575625377,-28.26061575625377,stop,-1.0072567319165828,-1.0253985617081225,EURV2_TREND_UP,trend_up,train
EURV2_TREND_UP,range_breakout_long,long,2019-03-18T11:00:00+00:00,2019-03-18T12:00:00+00:00,2019-03-18T13:00:00+00:00,1.1357499999999998,1.13441085231791,1.1344308523179099,1.1383882953641797,0.09999999999843467,-13.391476820898696,-13.891476820898696,stop,-1.015161304735966,-1.0530645665760532,EURV2_TREND_UP,trend_up,train
EURV2_TREND_UP,range_breakout_long,long,2019-04-12T08:00:00+00:00,2019-04-12T09:00:00+00:00,2019-04-15T02:00:00+00:00,1.13058,1.13135,1.1290722127104027,1.1335955745791946,0.1999999999990898,7.7000000000015945,7.2000000000015945,time,0.5106821136593167,0.47752093744767965,EURV2_TREND_UP,trend_up,train
EURV2_TREND_UP,range_breakout_long,long,2019-05-01T09:00:00+00:00,2019-05-01T10:00:00+00:00,2019-05-01T12:00:00+00:00,1.1234899999999999,1.1223270404751222,1.1223470404751221,1.1257759190497552,0.2999999999997449,-11.629595248776603,-12.129595248776603,stop,-1.0174984324156606,-1.0612445134550115,EURV2_TREND_UP,trend_up,train
EURV2_TREND_UP,range_breakout_long,long,2019-05-13T12:00:00+00:00,2019-05-13T13:00:00+00:00,2019-05-13T14:00:00+00:00,1.12578,1.1242903046416168,1.1243103046416167,1.1287193907167667,0.20000000000131024,-14.896953583831696,-15.396953583831696,stop,-1.0136082623421427,-1.0476289181976546,EURV2_TREND_UP,trend_up,train
EURV2_TREND_UP,range_breakout_long,long,2019-06-05T08:00:00+00:00,2019-06-05T09:00:00+00:00,2019-06-05T10:00:00+00:00,1.12797,1.1262979758181295,1.1263179758181294,1.131274048363741,0.40000000000040004,-16.720241818704018,-17.220241818704018,stop,-1.0121063603180822,-1.0423722611134252,EURV2_TREND_UP,trend_up,train
EURV2_TREND_UP,range_breakout_long,long,2019-06-05T12:00:00+00:00,2019-06-05T13:00:00+00:00,2019-06-05T13:00:00+00:00,1.1293199999999999,1.12700077278586,1.1270207727858599,1.1339184544282799,0.2999999999997449,-23.192272141399073,-23.692272141399073,stop,-1.008698574841543,-1.030445011945499,EURV2_TREND_UP,trend_up,train
EURV2_TREND_UP,range_breakout_long,long,2019-06-21T17:00:00+00:00,2019-06-21T18:00:00+00:00,2019-06-24T11:00:00+00:00,1.13621,1.13938,1.1338696225186145,1.140890754962771,0.40000000000040004,31.70000000000117,31.20000000000117,time,1.3544823538993775,1.3331182789167382,EURV2_TREND_UP,trend_up,train
EURV2_TREND_UP,range_breakout_long,long,2019-10-18T11:00:00+00:00,2019-10-18T12:00:00+00:00,2019-10-21T05:00:00+00:00,1.11435,1.11525,1.1128459839314766,1.1173580321370464,0.2999999999997449,9.00000000000123,8.50000000000123,time,0.5983978621210788,0.5651535364476901,EURV2_TREND_UP,trend_up,train
EURV2_TREND_UP,range_breakout_long,long,2019-12-04T13:00:00+00:00,2019-12-04T14:00:00+00:00,2019-12-04T15:00:00+00:00,1.11075,1.1093189548679514,1.1093389548679513,1.1135720902640973,0.1999999999990898,-14.31045132048503,-14.81045132048503,stop,-1.0141738910724085,-1.049608618753591,EURV2_TREND_UP,trend_up,train
EURV2_TREND_UP,range_breakout_long,long,2019-12-27T12:00:00+00:00,2019-12-27T13:00:00+00:00,2019-12-27T15:00:00+00:00,1.1153099999999998,1.1174337681689905,1.1142381159155046,1.1174537681689904,0.1999999999990898,21.23768168990736,20.73768168990736,target,1.9813412660109553,1.934694431037613,EURV2_TREND_UP,trend_up,train
EURV2_TREND_UP,range_breakout_long,long,2019-12-27T17:00:00+00:00,2019-12-27T18:00:00+00:00,2019-12-30T11:00:00+00:00,1.11839,1.11914,1.1169703981741526,1.1212292036516947,0.10000000000065512,7.500000000000284,7.000000000000284,time,0.528317156504298,0.49309601273734616,EURV2_TREND_UP,trend_up,train
EURV2_TREND_UP,range_breakout_long,long,2019-12-30T16:00:00+00:00,2019-12-30T17:00:00+00:00,2019-12-30T20:00:00+00:00,1.1216499999999998,1.1199283479758984,1.1199483479758983,1.1250533040482027,0.09999999999843467,-17.21652024101461,-17.71652024101461,stop,-1.0117532842888186,-1.0411364950109985,EURV2_TREND_UP,trend_up,train
EURV2_TREND_UP,range_breakout_long,long,2019-12-31T11:00:00+00:00,2019-12-31T12:00:00+00:00,2019-12-31T20:00:00+00:00,1.12282,1.121545152437406,1.121565152437406,1.125329695125188,0.2999999999997449,-12.748475625938838,-13.248475625938838,stop,-1.015938190897519,-1.0557836681414972,EURV2_TREND_UP,trend_up,train
EURV2_TREND_UP,range_breakout_long,long,2020-03-26T16:00:00+00:00,2020-03-26T17:00:00+00:00,2020-03-27T09:00:00+00:00,1.10441,1.0998935366241527,1.0999135366241526,1.1134029267516945,0.5999999999994898,-45.16463375847213,-45.66463375847213,stop,-1.0044479401538862,-1.0155677905386518,EURV2_TREND_UP,trend_up,train
EURV2_TREND_UP,range_breakout_long,long,2020-03-27T17:00:00+00:00,2020-03-27T18:00:00+00:00,2020-03-30T11:00:00+00:00,1.10988,1.1049384251996723,1.1049584251996722,1.1197231496006557,0.5000000000010552,-49.41574800327641,-49.91574800327641,stop,-1.0040637399229566,-1.0142230897303943,EURV2_TREND_UP,trend_up,train
EURV2_TREND_UP,range_breakout_long,long,2020-05-20T13:00:00+00:00,2020-05-20T14:00:00+00:00,2020-05-21T01:00:00+00:00,1.09815,1.0960074874861157,1.0960274874861156,1.1023950250277688,0.2999999999997449,-21.425125138843093,-21.925125138843093,stop,-1.0094227948570758,-1.0329797819998725,EURV2_TREND_UP,trend_up,train
EURV2_TREND_UP,range_breakout_long,long,2020-05-28T16:00:00+00:00,2020-05-28T17:00:00+00:00,2020-05-29T10:00:00+00:00,1.10825,1.1138367306283048,1.1054466346858476,1.1138567306283047,0.2999999999997449,55.867306283048364,55.367306283048364,target,1.9928657175363689,1.97503001137721,EURV2_TREND_UP,trend_up,train
EURV2_TREND_UP,range_breakout_long,long,2020-06-03T03:00:00+00:00,2020-06-03T04:00:00+00:00,2020-06-03T11:00:00+00:00,1.1208099999999999,1.1184651672805128,1.1184851672805127,1.1254596654389744,0.2999999999997449,-23.448327194870444,-23.948327194870444,stop,-1.0086027694948827,-1.0301096932321872,EURV2_TREND_UP,trend_up,train
EURV2_TREND_UP,range_breakout_long,long,2020-06-03T15:00:00+00:00,2020-06-03T16:00:00+00:00,2020-06-04T00:00:00+00:00,1.12465,1.1216788297800226,1.1216988297800226,1.1305523404399547,0.40000000000040004,-29.711702199772816,-30.211702199772816,stop,-1.0067769726952795,-1.0237194044335558,EURV2_TREND_UP,trend_up,train
EURV2_TREND_UP,range_breakout_long,long,2020-06-04T14:00:00+00:00,2020-06-04T15:00:00+00:00,2020-06-05T08:00:00+00:00,1.13439,1.13321,1.1303297155106482,1.1425105689787036,0.10000000000065512,-11.799999999999589,-12.299999999999589,time,-0.2906200299743866,-0.30293443802414916,EURV2_TREND_UP,trend_up,train
EURV2_TREND_DOWN,trend_pullback_short,short,2016-11-16T02:00:00+00:00,2016-11-16T03:00:00+00:00,2016-11-16T07:00:00+00:00,1.07566,1.0719206701477664,1.0775396649261169,1.0719006701477665,0.20000000000131024,37.393298522336856,36.893298522336856,target,1.9893598057174864,1.9627593200110818,EURV2_TREND_DOWN,trend_down,train
EURV2_TREND_DOWN,trend_pullback_short,short,2016-11-17T07:00:00+00:00,2016-11-17T08:00:00+00:00,2016-11-17T08:00:00+00:00,1.07148,1.0733206179085237,1.0733006179085238,1.0678387641829523,0.20000000000131024,-18.40617908523745,-18.90617908523745,stop,-1.010985281374127,-1.0384484848095696,EURV2_TREND_DOWN,trend_down,train
EURV2_TREND_DOWN,trend_pullback_short,short,2016-12-16T16:00:00+00:00,2016-12-16T17:00:00+00:00,2016-12-19T16:00:00+00:00,1.04535,1.04452,1.048075440580291,1.0398991188394178,0.30000000000196536,8.300000000001084,7.800000000001084,time,0.30453791801672164,0.2861922603048733,EURV2_TREND_DOWN,trend_down,train
EURV2_TREND_DOWN,trend_pullback_short,short,2016-12-20T17:00:00+00:00,2016-12-20T18:00:00+00:00,2016-12-21T02:00:00+00:00,1.03974,1.041495750335628,1.041475750335628,1.0362684993287445,0.10000000000065512,-17.557503356278037,-18.057503356278037,stop,-1.0115223944304605,-1.0403283805067431,EURV2_TREND_DOWN,trend_down,train
EURV2_TREND_DOWN,trend_pullback_short,short,2017-02-15T15:00:00+00:00,2017-02-15T16:00:00+00:00,2017-02-15T16:00:00+00:00,1.05735,1.0589544934265496,1.0589344934265497,1.054181013146901,0.10000000000065512,-16.04493426549558,-16.54493426549558,stop,-1.01262233068613,-1.0441781574015987,EURV2_TREND_DOWN,trend_down,train
EURV2_TREND_DOWN,trend_pullback_short,short,2017-02-22T15:00:00+00:00,2017-02-22T16:00:00+00:00,2017-02-22T17:00:00+00:00,1.05484,1.0564629964428502,1.0564429964428503,1.051634007114299,0.10000000000065512,-16.22996442850244,-16.72996442850244,stop,-1.0124766340493847,-1.0436682191729882,EURV2_TREND_DOWN,trend_down,train
EURV2_TREND_DOWN,trend_pullback_short,short,2017-03-31T14:00:00+00:00,2017-03-31T15:00:00+00:00,2017-03-31T19:00:00+00:00,1.06938,1.0666268529165537,1.070766573541723,1.0666068529165538,0.30000000000196536,27.531470834463168,27.031470834463168,target,1.9855759543954266,1.949515840383829,EURV2_TREND_DOWN,trend_down,train
EURV2_TREND_DOWN,trend_pullback_short,short,2017-04-03T19:00:00+00:00,2017-04-03T20:00:00+00:00,2017-04-04T07:00:00+00:00,1.0672000000000001,1.0647885185075265,1.068415740746237,1.0647685185075266,0.4999999999988347,24.114814924736105,23.614814924736105,target,1.9835491242176282,1.9424219347615115,EURV2_TREND_DOWN,trend_down,train
EURV2_TREND_DOWN,trend_pullback_short,short,2017-04-04T14:00:00+00:00,2017-04-04T15:00:00+00:00,2017-04-04T20:00:00+00:00,1.06634,1.067535144303174,1.067515144303174,1.063989711393652,0.5000000000010552,-11.951443031739117,-12.451443031739117,stop,-1.0170191864487537,-1.0595671525708312,EURV2_TREND_DOWN,trend_down,train
EURV2_TREND_DOWN,trend_pullback_short,short,2017-04-10T13:00:00+00:00,2017-04-10T14:00:00+00:00,2017-04-11T09:00:00+00:00,1.05969,1.0608708248433472,1.0608508248433473,1.0573683503133058,0.20000000000131024,-11.808248433471391,-12.308248433471391,stop,-1.017229128162212,-1.0603019485679377,EURV2_TREND_DOWN,trend_down,train
EURV2_TREND_DOWN,trend_pullback_short,short,2017-05-11T02:00:00+00:00,2017-05-11T03:00:00+00:00,2017-05-11T07:00:00+00:00,1.08772,1.088758082599229,1.088738082599229,1.085683834801542,0.5000000000010552,-10.380825992288845,-10.880825992288845,stop,-1.0196447714704637,-1.0687567001468468,EURV2_TREND_DOWN,trend_down,train
EURV2_TREND_DOWN,trend_pullback_short,short,2017-05-12T01:00:00+00:00,2017-05-12T02:00:00+00:00,2017-05-12T12:00:00+00:00,1.0870000000000002,1.0879226073328407,1.0879026073328408,1.0851947853343187,0.2999999999997449,-9.226073328405526,-9.726073328405526,stop,-1.022158029601827,-1.0775531036066461,EURV2_TREND_DOWN,trend_down,train
EURV2_TREND_DOWN,trend_pullback_short,short,2017-09-14T07:00:00+00:00,2017-09-14T08:00:00+00:00,2017-09-14T12:00:00+00:00,1.19053,1.187540093623982,1.192034953188009,1.187520093623982,0.2999999999997449,29.899063760181477,29.399063760181477,target,1.986710550096148,1.9534869253359979,EURV2_TREND_DOWN,trend_down,train
EURV2_TREND_DOWN,trend_pullback_short,short,2017-09-14T18:00:00+00:00,2017-09-14T19:00:00+00:00,2017-09-15T08:00:00+00:00,1.1912800000000001,1.193323220211338,1.193303220211338,1.1872335595773242,0.2999999999997449,-20.432202113378484,-20.932202113378484,stop,-1.009885231418622,-1.0345983099652898,EURV2_TREND_DOWN,trend_down,train
EURV2_TREND_DOWN,trend_pullback_short,short,2017-09-28T07:00:00+00:00,2017-09-28T08:00:00+00:00,2017-09-28T08:00:00+00:00,1.17521,1.1768435225988363,1.1768235225988364,1.1719829548023275,0.40000000000040004,-16.335225988362012,-16.835225988362012,stop,-1.0123952400879501,-1.0433833403079662,EURV2_TREND_DOWN,trend_down,train
EURV2_TREND_DOWN,trend_pullback_short,short,2017-09-28T08:00:00+00:00,2017-09-28T09:00:00+00:00,2017-09-28T10:00:00+00:00,1.17662,1.1783007709846336,1.1782807709846337,1.1732984580307326,0.6000000000017103,-16.80770984633595,-17.30770984633595,stop,-1.0120425996028106,-1.0421490986099742,EURV2_TREND_DOWN,trend_down,train
EURV2_TREND_DOWN,trend_pullback_short,short,2017-10-18T12:00:00+00:00,2017-10-18T13:00:00+00:00,2017-10-18T13:00:00+00:00,1.17645,1.1777482047636267,1.1777282047636268,1.173893590472746,0.30000000000196536,-12.982047636267424,-13.482047636267424,stop,-1.0156469452853236,-1.0547643084988105,EURV2_TREND_DOWN,trend_down,train
EURV2_TREND_DOWN,trend_pullback_short,short,2017-10-18T13:00:00+00:00,2017-10-18T14:00:00+00:00,2017-10-18T14:00:00+00:00,1.1764400000000002,1.1777604758519393,1.1777404758519394,1.1738390482961216,0.2999999999997449,-13.204758519391735,-13.704758519391735,stop,-1.0153789860612061,-1.053826451214396,EURV2_TREND_DOWN,trend_down,train
EURV2_TREND_DOWN,trend_pullback_short,short,2017-10-30T04:00:00+00:00,2017-10-30T05:00:00+00:00,2017-10-30T08:00:00+00:00,1.1616900000000001,1.163078932985528,1.163058932985528,1.158952134028944,0.1999999999990898,-13.889329855278909,-14.389329855278909,stop,-1.014609918974372,-1.0511347164104683,EURV2_TREND_DOWN,trend_down,train
EURV2_TREND_DOWN,trend_pullback_short,short,2018-01-10T08:00:00+00:00,2018-01-10T09:00:00+00:00,2018-01-10T10:00:00+00:00,1.1946,1.1957987879974268,1.1957787879974269,1.1922424240051466,0.1999999999990898,-11.987879974266757,-12.487879974266757,stop,-1.0169665792691882,-1.0593830274423521,EURV2_TREND_DOWN,trend_down,train
EURV2_TREND_DOWN,trend_pullback_short,short,2018-02-08T13:00:00+00:00,2018-02-08T14:00:00+00:00,2018-02-09T12:00:00+00:00,1.22753,1.2228679103395734,1.2298710448302133,1.2228479103395735,0.10000000000065512,46.62089660426582,46.12089660426582,target,1.9914568060629203,1.9700988212201247,EURV2_TREND_DOWN,trend_down,train
EURV2_TREND_DOWN,trend_pullback_short,short,2018-03-01T16:00:00+00:00,2018-03-01T17:00:00+00:00,2018-03-01T19:00:00+00:00,1.2215,1.22357948098263,1.22355948098263,1.21738103803474,0.20000000000131024,-20.794809826298888,-21.294809826298888,stop,-1.0097111845987374,-1.0339891460956916,EURV2_TREND_DOWN,trend_down,train
EURV2_TREND_DOWN,trend_pullback_short,short,2018-04-06T12:00:00+00:00,2018-04-06T13:00:00+00:00,2018-04-06T13:00:00+00:00,1.2247700000000001,1.226186413867555,1.226166413867555,1.2219771722648902,0.2999999999997449,-14.164138675547555,-14.664138675547555,stop,-1.0143224014488839,-1.0501284050712563,EURV2_TREND_DOWN,trend_down,train
EURV2_TREND_DOWN,trend_pullback_short,short,2018-04-24T11:00:00+00:00,2018-04-24T12:00:00+00:00,2018-04-24T13:00:00+00:00,1.2221000000000002,1.2234656480937196,1.2234456480937197,1.2194087038125614,0.09999999999843467,-13.656480937194182,-14.156480937194182,stop,-1.0148627268104151,-1.052019543836622,EURV2_TREND_DOWN,trend_down,train
EURV2_TREND_DOWN,trend_pullback_short,short,2018-04-26T10:00:00+00:00,2018-04-26T11:00:00+00:00,2018-04-26T11:00:00+00:00,1.21828,1.2154805744715942,1.2196897127642028,1.2154605744715943,0.40000000000040004,27.99425528405841,27.49425528405841,target,1.985812712697542,1.9503444944408417,EURV2_TREND_DOWN,trend_down,train
EURV2_TREND_DOWN,trend_pullback_short,short,2018-04-27T15:00:00+00:00,2018-04-27T16:00:00+00:00,2018-04-27T19:00:00+00:00,1.21076,1.2127476016054954,1.2127276016054955,1.2068247967890091,0.20000000000131024,-19.876016054953816,-20.376016054953816,stop,-1.0101646593213023,-1.0355763076246738,EURV2_TREND_DOWN,trend_down,train
EURV2_TREND_DOWN,trend_pullback_short,short,2018-05-02T07:00:00+00:00,2018-05-02T08:00:00+00:00,2018-05-02T13:00:00+00:00,1.2016,1.1988417112145289,1.2029891443927354,1.198821711214529,0.5000000000010552,27.582887854711302,27.082887854711302,target,1.9856026485768665,1.9496092700184697,EURV2_TREND_DOWN,trend_down,train
EURV2_TREND_DOWN,trend_pullback_short,short,2018-05-03T16:00:00+00:00,2018-05-03T17:00:00+00:00,2018-05-04T13:00:00+00:00,1.1988100000000002,1.1945836246779358,1.2009331876610323,1.1945636246779359,0.2999999999997449,42.26375322064379,41.76375322064379,target,1.9905802014739542,1.9670307051587328,EURV2_TREND_DOWN,trend_down,train
EURV2_TREND_DOWN,trend_pullback_short,short,2018-05-07T00:00:00+00:00,2018-05-07T01:00:00+00:00,2018-05-07T06:00:00+00:00,1.1969500000000002,1.1937702356577404,1.19854988217113,1.1937502356577405,0.2999999999997449,31.7976434225975,31.2976434225975,target,1.9874990793942124,1.9562467778796013,EURV2_TREND_DOWN,trend_down,train
EURV2_TREND_DOWN,trend_pullback_short,short,2018-05-09T10:00:00+00:00,2018-05-09T11:00:00+00:00,2018-05-09T12:00:00+00:00,1.1875,1.1890771145028507,1.1890571145028508,1.1843857709942984,0.10000000000065512,-15.771145028506961,-16.27114502850696,stop,-1.0128442705808036,-1.0449549470329587,EURV2_TREND_DOWN,trend_down,train
EURV2_TREND_DOWN,trend_pullback_short,short,2018-05-10T01:00:00+00:00,2018-05-10T02:00:00+00:00,2018-05-10T06:00:00+00:00,1.18632,1.1877520919548257,1.1877320919548258,1.1834958160903486,0.5000000000010552,-14.320919548256317,-14.820919548256317,stop,-1.014163383575383,-1.0495718425140013,EURV2_TREND_DOWN,trend_down,train
EURV2_TREND_DOWN,trend_pullback_short,short,2018-05-18T00:00:00+00:00,2018-05-18T01:00:00+00:00,2018-05-18T07:00:00+00:00,1.1805100000000002,1.1820085260236588,1.181988526023659,1.1775529479526827,0.2999999999997449,-14.985260236586306,-15.485260236586306,stop,-1.013526985443528,-1.0473444490525021,EURV2_TREND_DOWN,trend_down,train
EURV2_TREND_DOWN,trend_pullback_short,short,2018-05-21T11:00:00+00:00,2018-05-21T12:00:00+00:00,2018-05-21T13:00:00+00:00,1.17612,1.1776011540941764,1.1775811540941765,1.173197691811647,0.10000000000065512,-14.811540941763734,-15.311540941763734,stop,-1.0136878102587676,-1.0479073359058426,EURV2_TREND_DOWN,trend_down,train
EURV2_TREND_DOWN,trend_pullback_short,short,2018-05-27T21:00:00+00:00,2018-05-27T22:00:00+00:00,2018-05-28T01:00:00+00:00,1.16876,1.1707198978202966,1.1706998978202967,1.1648802043594066,0.40000000000040004,-19.598978202965966,-20.098978202965966,stop,-1.0103098213682462,-1.036084374788979,EURV2_TREND_DOWN,trend_down,train
EURV2_TREND_DOWN,trend_pullback_short,short,2018-05-30T06:00:00+00:00,2018-05-30T07:00:00+00:00,2018-05-30T07:00:00+00:00,1.1580000000000001,1.1599271014444563,1.1599071014444564,1.1541857971110876,0.09999999999843467,-19.271014444561807,-19.771014444561807,stop,-1.0104871191084495,-1.0367049168796925,EURV2_TREND_DOWN,trend_down,train
EURV2_TREND_DOWN,trend_pullback_short,short,2018-06-18T10:00:00+00:00,2018-06-18T11:00:00+00:00,2018-06-18T23:00:00+00:00,1.1618300000000001,1.1635021977806381,1.1634821977806382,1.1585256044387242,0.40000000000040004,-16.72197780637985,-17.22197780637985,stop,-1.0121050882856077,-1.0423678089997646,EURV2_TREND_DOWN,trend_down,train
EURV2_TREND_DOWN,trend_pullback_short,short,2018-07-13T14:00:00+00:00,2018-07-13T15:00:00+00:00,2018-07-13T18:00:00+00:00,1.16663,1.1682345410760375,1.1682145410760376,1.1634609178479252,0.40000000000040004,-16.04541076037469,-16.54541076037469,stop,-1.012621951114024,-1.0441768288992275,EURV2_TREND_DOWN,trend_down,train
EURV2_TREND_DOWN,trend_pullback_short,short,2018-08-03T11:00:00+00:00,2018-08-03T12:00:00+00:00,2018-08-03T12:00:00+00:00,1.15958,1.1608516181406459,1.160831618140646,1.1570767637187083,0.2999999999997449,-12.716181406458027,-13.216181406458027,stop,-1.0159793145771985,-1.0559276010203764,EURV2_TREND_DOWN,trend_down,train
EURV2_TREND_DOWN,trend_pullback_short,short,2018-08-07T00:00:00+00:00,2018-08-07T01:00:00+00:00,2018-08-07T06:00:00+00:00,1.15609,1.1570948348074925,1.1570748348074926,1.1541203303850147,0.2999999999997449,-10.048348074924718,-10.548348074924718,stop,-1.0203079743402144,-1.0710779101909815,EURV2_TREND_DOWN,trend_down,train
EURV2_TREND_DOWN,trend_pullback_short,short,2018-08-13T12:00:00+00:00,2018-08-13T13:00:00+00:00,2018-08-14T12:00:00+00:00,1.14164,1.13905,1.1440141960082353,1.1368916079835294,0.40000000000040004,25.900000000000922,25.400000000000922,time,1.0908956088782238,1.0698358480890697,EURV2_TREND_DOWN,trend_down,train
EURV2_TREND_DOWN,trend_pullback_short,short,2018-08-15T16:00:00+00:00,2018-08-15T17:00:00+00:00,2018-08-16T01:00:00+00:00,1.1343100000000002,1.1360168385364522,1.1359968385364523,1.130936322927096,0.2999999999997449,-17.068385364520378,-17.568385364520378,stop,-1.0118564993434251,-1.041497747702123,EURV2_TREND_DOWN,trend_down,train
EURV2_TREND_DOWN,trend_pullback_short,short,2018-09-04T19:00:00+00:00,2018-09-04T20:00:00+00:00,2018-09-05T01:00:00+00:00,1.1585100000000002,1.1599009655164778,1.159880965516478,1.1557680689670446,0.40000000000040004,-13.909655164776602,-14.409655164776602,stop,-1.014588258974808,-1.0510589064119944,EURV2_TREND_DOWN,trend_down,train
EURV2_TREND_DOWN,trend_pullback_short,short,2018-10-01T09:00:00+00:00,2018-10-01T10:00:00+00:00,2018-10-01T14:00:00+00:00,1.16155,1.1588213984398033,1.1629243007800985,1.1588013984398033,0.2999999999997449,27.286015601968305,26.786015601968305,target,1.985447144984901,1.949065007446988,EURV2_TREND_DOWN,trend_down,train
EURV2_TREND_DOWN,trend_pullback_short,short,2018-10-02T14:00:00+00:00,2018-10-02T15:00:00+00:00,2018-10-03T01:00:00+00:00,1.15564,1.157191352047133,1.1571713520471332,1.1525772959057337,0.10000000000065512,-15.51352047133081,-16.01352047133081,stop,-1.0130603541082215,-1.0457112393789234,EURV2_TREND_DOWN,trend_down,train
EURV2_TREND_DOWN,trend_pullback_short,short,2018-10-09T15:00:00+00:00,2018-10-09T16:00:00+00:00,2018-10-09T18:00:00+00:00,1.1480700000000001,1.149793303388096,1.1497733033880961,1.1446633932238084,0.40000000000040004,-17.23303388095898,-17.73303388095898,stop,-1.0117418894013155,-1.0410966129047377,EURV2_TREND_DOWN,trend_down,train
EURV2_TREND_DOWN,trend_pullback_short,short,2018-11-13T11:00:00+00:00,2018-11-13T12:00:00+00:00,2018-11-13T12:00:00+00:00,1.12532,1.1268268428760004,1.1268068428760005,1.122346314247999,0.10000000000065512,-15.06842876000336,-15.56842876000336,stop,-1.0134513204607796,-1.0470796216128817,EURV2_TREND_DOWN,trend_down,train
EURV2_TREND_DOWN,trend_pullback_short,short,2018-11-13T12:00:00+00:00,2018-11-13T13:00:00+00:00,2018-11-13T14:00:00+00:00,1.12592,1.1274899255277147,1.1274699255277147,1.1228201489445706,0.40000000000040004,-15.699255277146218,-16.199255277146218,stop,-1.0129038457927704,-1.0451634602748434,EURV2_TREND_DOWN,trend_down,train
EURV2_TREND_DOWN,trend_pullback_short,short,2019-01-16T08:00:00+00:00,2019-01-16T09:00:00+00:00,2019-01-16T11:00:00+00:00,1.14212,1.1390930225759093,1.1436434887120452,1.1390730225759094,0.40000000000040004,30.269774240907488,29.769774240907488,target,1.9868722361763758,1.9540528266168018,EURV2_TREND_DOWN,trend_down,train
EURV2_TREND_DOWN,trend_pullback_short,short,2019-01-17T10:00:00+00:00,2019-01-17T11:00:00+00:00,2019-01-17T15:00:00+00:00,1.13998,1.137692186785427,1.1411339066072865,1.1376721867854271,0.30000000000196536,22.878132145729424,22.378132145729424,target,1.9826675747639908,1.9393365116742514,EURV2_TREND_DOWN,trend_down,train
EURV2_TREND_DOWN,trend_pullback_short,short,2019-02-08T12:00:00+00:00,2019-02-08T13:00:00+00:00,2019-02-08T15:00:00+00:00,1.1347200000000002,1.1329729152902046,1.1356035423548978,1.1329529152902047,0.3999999999981796,17.470847097955655,16.970847097955655,target,1.9773638469182337,1.9207734642129322,EURV2_TREND_DOWN,trend_down,train
EURV2_TREND_DOWN,trend_pullback_short,short,2019-02-12T12:00:00+00:00,2019-02-12T13:00:00+00:00,2019-02-12T14:00:00+00:00,1.12891,1.1300142155259385,1.1299942155259386,1.1267415689481228,0.10000000000065512,-11.042155259384234,-11.542155259384234,stop,-1.018446516879194,-1.0645628090773889,EURV2_TREND_DOWN,trend_down,train
EURV2_TREND_DOWN,trend_pullback_short,short,2019-03-06T14:00:00+00:00,2019-03-06T15:00:00+00:00,2019-03-06T15:00:00+00:00,1.13097,1.132026780348956,1.1320067803489562,1.1288964393020877,0.20000000000131024,-10.567803489560657,-11.067803489560657,stop,-1.0192904890800112,-1.0675167117802589,EURV2_TREND_DOWN,trend_down,train
EURV2_TREND_DOWN,trend_pullback_short,short,2019-03-08T12:00:00+00:00,2019-03-08T13:00:00+00:00,2019-03-08T13:00:00+00:00,1.12213,1.1232927271674422,1.1232727271674423,1.1198445456651158,0.10000000000065512,-11.627271674421458,-12.127271674421458,stop,-1.0175019904748348,-1.061256966662121,EURV2_TREND_DOWN,trend_down,train
EURV2_TREND_DOWN,trend_pullback_short,short,2019-03-27T08:00:00+00:00,2019-03-27T09:00:00+00:00,2019-03-27T13:00:00+00:00,1.12755,1.1252156369925037,1.128727181503748,1.1251956369925038,0.2999999999997449,23.34363007496343,22.84363007496343,target,1.9830102665255875,1.9405359328388914,EURV2_TREND_DOWN,trend_down,train
EURV2_TREND_DOWN,trend_pullback_short,short,2019-03-29T13:00:00+00:00,2019-03-29T14:00:00+00:00,2019-04-01T08:00:00+00:00,1.1234700000000002,1.1246669946013872,1.1246469946013873,1.1211160107972262,0.4999999999988347,-11.969946013870025,-12.469946013870025,stop,-1.0169924313810266,-1.0594735098337866,EURV2_TREND_DOWN,trend_down,train
EURV2_TREND_DOWN,trend_pullback_short,short,2019-04-19T08:00:00+00:00,2019-04-19T09:00:00+00:00,2019-04-22T08:00:00+00:00,1.1246200000000002,1.1246399999999999,1.1252591456182937,1.123341708763413,0.1999999999990898,-0.19999999999686935,-0.6999999999968693,time,-0.03129177362286702,-0.1095212076812591,EURV2_TREND_DOWN,trend_down,train
EURV2_TREND_DOWN,trend_pullback_short,short,2019-04-22T08:00:00+00:00,2019-04-22T09:00:00+00:00,2019-04-22T10:00:00+00:00,1.12457,1.125060904130261,1.1250409041302611,1.1236281917394777,0.20000000000131024,-4.909041302609829,-5.409041302609829,stop,-1.0424714898737897,-1.1486502145587474,EURV2_TREND_DOWN,trend_down,train
EURV2_TREND_DOWN,trend_pullback_short,short,2019-04-26T06:00:00+00:00,2019-04-26T07:00:00+00:00,2019-04-26T12:00:00+00:00,1.1144200000000002,1.1153869645559185,1.1153669645559185,1.1125260708881637,0.1999999999990898,-9.669645559182705,-10.169645559182705,stop,-1.021120114659955,-1.073920401310082,EURV2_TREND_DOWN,trend_down,train
EURV2_TREND_DOWN,trend_pullback_short,short,2019-05-30T15:00:00+00:00,2019-05-30T16:00:00+00:00,2019-05-31T07:00:00+00:00,1.11389,1.1147990918344506,1.1147790918344507,1.1121118163310986,0.10000000000065512,-9.090918344505372,-9.590918344505372,stop,-1.0224948641129596,-1.078732024395615,EURV2_TREND_DOWN,trend_down,train
EURV2_TREND_DOWN,trend_pullback_short,short,2019-06-17T11:00:00+00:00,2019-06-17T12:00:00+00:00,2019-06-17T12:00:00+00:00,1.12293,1.1238168170141771,1.1237968170141772,1.1211963659716455,0.10000000000065512,-8.868170141771436,-9.368170141771436,stop,-1.0230729204351077,-1.0807552215231395,EURV2_TREND_DOWN,trend_down,train
EURV2_TREND_DOWN,trend_pullback_short,short,2019-06-17T12:00:00+00:00,2019-06-17T13:00:00+00:00,2019-06-17T18:00:00+00:00,1.1236400000000002,1.121798054116528,1.1245709729417364,1.121778054116528,0.2999999999997449,18.419458834721958,17.919458834721958,target,1.9785170985068232,1.924809844774233,EURV2_TREND_DOWN,trend_down,train
EURV2_TREND_DOWN,trend_pullback_short,short,2019-06-19T09:00:00+00:00,2019-06-19T10:00:00+00:00,2019-06-19T14:00:00+00:00,1.1202500000000002,1.1211296247114855,1.1211096247114856,1.1185307505770294,0.1999999999990898,-8.796247114852829,-9.296247114852829,stop,-1.0232659668023623,-1.0814308838085327,EURV2_TREND_DOWN,trend_down,train
EURV2_TREND_DOWN,trend_pullback_short,short,2019-07-03T10:00:00+00:00,2019-07-03T11:00:00+00:00,2019-07-03T12:00:00+00:00,1.12972,1.1277545156470001,1.1307127421765,1.1277345156470002,0.2999999999997449,19.654843529999244,19.154843529999244,target,1.9798537823078874,1.9294882380773768,EURV2_TREND_DOWN,trend_down,train
EURV2_TREND_DOWN,trend_pullback_short,short,2019-07-10T02:00:00+00:00,2019-07-10T03:00:00+00:00,2019-07-10T06:00:00+00:00,1.12098,1.121583182573466,1.121563182573466,1.1198136348530683,0.40000000000040004,-6.031825734658103,-6.531825734658103,stop,-1.0342945775643593,-1.1200310214756475,EURV2_TREND_DOWN,trend_down,train
EURV2_TREND_DOWN,trend_pullback_short,short,2019-07-25T10:00:00+00:00,2019-07-25T11:00:00+00:00,2019-07-25T11:00:00+00:00,1.11395,1.1147550225941996,1.1147350225941997,1.112379954811601,0.30000000000196536,-8.05022594199567,-8.55022594199567,stop,-1.025476973717297,-1.0891694080108294,EURV2_TREND_DOWN,trend_down,train
EURV2_TREND_DOWN,trend_pullback_short,short,2019-07-29T00:00:00+00:00,2019-07-29T01:00:00+00:00,2019-07-29T08:00:00+00:00,1.11361,1.1118264012309942,1.1145117993845028,1.1118064012309943,0.40000000000040004,17.83598769005801,17.33598769005801,target,1.9778221183739944,1.9223774143087282,EURV2_TREND_DOWN,trend_down,train
EURV2_TREND_DOWN,trend_pullback_short,short,2019-08-16T14:00:00+00:00,2019-08-16T15:00:00+00:00,2019-08-19T14:00:00+00:00,1.11051,1.1095599999999999,1.111737210812063,1.1080555783758748,0.1999999999990898,9.500000000002284,9.000000000002284,time,0.7741131276405558,0.7333703314489574,EURV2_TREND_DOWN,trend_down,train
EURV2_TREND_DOWN,trend_pullback_short,short,2019-09-03T14:00:00+00:00,2019-09-03T15:00:00+00:00,2019-09-03T16:00:00+00:00,1.0958800000000002,1.0972128097299607,1.0971928097299608,1.093254380540079,0.3999999999981796,-13.328097299605268,-13.828097299605268,stop,-1.0152345001285974,-1.0533207504502644,EURV2_TREND_DOWN,trend_down,train
EURV2_TREND_DOWN,trend_pullback_short,short,2019-10-01T10:00:00+00:00,2019-10-01T11:00:00+00:00,2019-10-01T14:00:00+00:00,1.09002,1.0909449906340725,1.0909249906340726,1.0882100187318549,0.40000000000040004,-9.249906340724756,-9.749906340724756,stop,-1.0220996762252739,-1.07734886678871,EURV2_TREND_DOWN,trend_down,train
EURV2_TREND_DOWN,trend_pullback_short,short,2019-11-06T08:00:00+00:00,2019-11-06T09:00:00+00:00,2019-11-06T16:00:00+00:00,1.1088,1.1072267584825228,1.1095966207587384,1.107206758482523,0.10000000000065512,15.732415174771752,15.232415174771752,target,1.9748939507534804,1.9121288276361985,EURV2_TREND_DOWN,trend_down,train
EURV2_TREND_DOWN,trend_pullback_short,short,2019-11-07T07:00:00+00:00,2019-11-07T08:00:00+00:00,2019-11-07T08:00:00+00:00,1.10759,1.1083829331892563,1.1083629331892564,1.1060441336214872,0.10000000000065512,-7.929331892562175,-8.429331892562175,stop,-1.0258754576435674,-1.0905641017527798,EURV2_TREND_DOWN,trend_down,train
EURV2_TREND_DOWN,trend_pullback_short,short,2019-11-07T08:00:00+00:00,2019-11-07T09:00:00+00:00,2019-11-07T10:00:00+00:00,1.1083,1.1091348665328808,1.109114866532881,1.106670266934238,0.20000000000131024,-8.348665328807847,-8.848665328807847,stop,-1.0245438966909108,-1.0859036384184675,EURV2_TREND_DOWN,trend_down,train
EURV2_TREND_DOWN,trend_pullback_short,short,2019-11-11T07:00:00+00:00,2019-11-11T08:00:00+00:00,2019-11-11T10:00:00+00:00,1.1029600000000002,1.1035341996602346,1.1035141996602347,1.1018516006795314,0.09999999999843467,-5.7419966023442015,-6.2419966023442015,stop,-1.036088076978333,-1.1263082694245758,EURV2_TREND_DOWN,trend_down,train
EURV2_TREND_DOWN,trend_pullback_short,short,2019-11-14T07:00:00+00:00,2019-11-14T08:00:00+00:00,2019-11-14T11:00:00+00:00,1.10104,1.099606467411836,1.101766766294082,1.099586467411836,0.2999999999997449,14.335325881640326,13.835325881640326,target,1.9724808371511335,1.903682930028654,EURV2_TREND_DOWN,trend_down,train
EURV2_TREND_DOWN,trend_pullback_short,short,2019-12-23T14:00:00+00:00,2019-12-23T15:00:00+00:00,2019-12-23T15:00:00+00:00,1.1086900000000002,1.1094639694115367,1.1094439694115368,1.107182061176927,0.3999999999981796,-7.7396941153651255,-8.239694115365126,stop,-1.0265262750635316,-1.0928419627226622,EURV2_TREND_DOWN,trend_down,train
EURV2_TREND_DOWN,trend_pullback_short,short,2019-12-23T15:00:00+00:00,2019-12-23T16:00:00+00:00,2019-12-23T20:00:00+00:00,1.1087,1.1094940430249982,1.1094740430249983,1.1071519139500035,0.10000000000065512,-7.940430249981922,-8.440430249981922,stop,-1.0258383569827443,-1.0904342494398993,EURV2_TREND_DOWN,trend_down,train
EURV2_TREND_DOWN,trend_pullback_short,short,2020-01-10T15:00:00+00:00,2020-01-10T16:00:00+00:00,2020-01-10T17:00:00+00:00,1.1112600000000001,1.112291962711573,1.1122719627115731,1.1092360745768544,0.2999999999997449,-10.31962711572909,-10.81962711572909,stop,-1.019763574063733,-1.06917250922329,EURV2_TREND_DOWN,trend_down,train
EURV2_TREND_DOWN,trend_pullback_short,short,2020-01-28T19:00:00+00:00,2020-01-28T20:00:00+00:00,2020-01-28T22:00:00+00:00,1.10163,1.1023543158844615,1.1023343158844616,1.100221368231077,0.1999999999990898,-7.243158844614239,-7.743158844614239,stop,-1.0283963494806028,-1.0993872231824326,EURV2_TREND_DOWN,trend_down,train
EURV2_TREND_DOWN,trend_pullback_short,short,2020-02-11T14:00:00+00:00,2020-02-11T15:00:00+00:00,2020-02-12T14:00:00+00:00,1.09199,1.0902011628636923,1.0928944185681537,1.0901811628636924,0.40000000000040004,17.888371363077304,17.388371363077304,target,1.9778863452123554,1.9226022082423786,EURV2_TREND_DOWN,trend_down,train
EURV2_TREND_DOWN,trend_pullback_short,short,2020-02-13T08:00:00+00:00,2020-02-13T09:00:00+00:00,2020-02-13T11:00:00+00:00,1.08867,1.0872489687378426,1.0893905156310786,1.0872289687378427,0.20000000000131024,14.21031262157424,13.71031262157424,target,1.9722421011605973,1.9028473540610042,EURV2_TREND_DOWN,trend_down,train
EURV2_TREND_DOWN,trend_pullback_short,short,2020-02-14T13:00:00+00:00,2020-02-14T14:00:00+00:00,2020-02-14T17:00:00+00:00,1.08549,1.0836432525756514,1.0864233737121742,1.0836232525756515,0.20000000000131024,18.467474243486492,17.967474243486492,target,1.9785723555968813,1.9250032445882461,EURV2_TREND_DOWN,trend_down,train
EURV2_TREND_DOWN,trend_pullback_short,short,2020-02-21T07:00:00+00:00,2020-02-21T08:00:00+00:00,2020-02-21T08:00:00+00:00,1.07958,1.0803835886016042,1.0803635886016043,1.0780128227967913,0.30000000000196536,-8.035886016042326,-8.535886016042326,stop,-1.0255235974068035,-1.089332590924103,EURV2_TREND_DOWN,trend_down,train
EURV2_TREND_DOWN,trend_pullback_short,short,2020-04-07T01:00:00+00:00,2020-04-07T02:00:00+00:00,2020-04-07T04:00:00+00:00,1.0806300000000002,1.0824734977080217,1.0824534977080218,1.0769830045839568,0.4999999999988347,-18.43497708021502,-18.93497708021502,stop,-1.0109679326230732,-1.0383877641808805,EURV2_TREND_DOWN,trend_down,train
EURV2_TREND_DOWN,trend_pullback_short,short,2020-05-07T15:00:00+00:00,2020-05-07T16:00:00+00:00,2020-05-07T17:00:00+00:00,1.08139,1.0831327281008618,1.083112728100862,1.0779445437982764,0.2999999999997449,-17.427281008617346,-17.927281008617346,stop,-1.011609493099871,-1.04063322584968,EURV2_TREND_DOWN,trend_down,train
EURV2_TREND_DOWN,trend_pullback_short,short,2020-06-22T04:00:00+00:00,2020-06-22T05:00:00+00:00,2020-06-22T08:00:00+00:00,1.1203,1.1218128700307972,1.1217928700307973,1.1173142599384058,0.10000000000065512,-15.128700307971421,-15.628700307971421,stop,-1.0133970135291874,-1.0468895473523083,EURV2_TREND_DOWN,trend_down,train
EURV2_COMPRESSION_UP,compression_breakout_long,long,2016-12-28T05:00:00+00:00,2016-12-28T06:00:00+00:00,2016-12-28T07:00:00+00:00,1.0478699999999999,1.0466795971739,1.0466995971739,1.049333003532625,0.40000000000040004,-11.904028260998345,-12.404028260998345,stop,-1.017088133721066,-1.059808468023925,EURV2_COMPRESSION_UP,compression,train
EURV2_COMPRESSION_UP,compression_breakout_long,long,2017-04-18T11:00:00+00:00,2017-04-18T12:00:00+00:00,2017-04-18T12:00:00+00:00,1.06785,1.0698064981739996,1.0662688014608004,1.0698264981739996,0.2999999999997449,19.564981739996767,19.064981739996767,target,1.2373513670143395,1.205729784549869,EURV2_COMPRESSION_UP,compression,train
EURV2_COMPRESSION_UP,compression_breakout_long,long,2017-12-27T09:00:00+00:00,2017-12-27T10:00:00+00:00,2017-12-27T15:00:00+00:00,1.18882,1.190664836528134,1.1873281307774928,1.190684836528134,0.20000000000131024,18.44836528134053,17.94836528134053,target,1.236593999193607,1.2030789971775653,EURV2_COMPRESSION_UP,compression,train
EURV2_COMPRESSION_UP,compression_breakout_long,long,2018-04-16T07:00:00+00:00,2018-04-16T08:00:00+00:00,2018-04-16T12:00:00+00:00,1.23572,1.237950648617358,1.2339194811061136,1.2379706486173578,0.20000000000131024,22.306486173579998,21.806486173579998,target,1.2388920910145298,1.2111223185507276,EURV2_COMPRESSION_UP,compression,train
EURV2_COMPRESSION_UP,compression_breakout_long,long,2018-04-17T06:00:00+00:00,2018-04-17T07:00:00+00:00,2018-04-17T08:00:00+00:00,1.2402,1.2387011847190676,1.2387211847190676,1.2420485191011654,0.20000000000131024,-14.988152809323196,-15.488152809323196,stop,-1.0135243395559848,-1.0473351884461006,EURV2_COMPRESSION_UP,compression,train
EURV2_COMPRESSION_UP,compression_breakout_long,long,2019-04-08T12:00:00+00:00,2019-04-08T13:00:00+00:00,2019-04-09T08:00:00+00:00,1.1261599999999998,1.127767279808517,1.1248581761531862,1.127787279808517,0.1999999999990898,16.07279808517159,15.572798085171591,target,1.2346369383623899,1.1962292842681896,EURV2_COMPRESSION_UP,compression,train
EURV2_COMPRESSION_UP,compression_breakout_long,long,2019-12-27T01:00:00+00:00,2019-12-27T02:00:00+00:00,2019-12-27T04:00:00+00:00,1.11096,1.1120923528487237,1.110038117721021,1.1121123528487236,0.40000000000040004,11.323528487237056,10.823528487237056,target,1.2283052560440622,1.1740683961541212,EURV2_COMPRESSION_UP,compression,train
EURV2_COMPRESSION_UP,compression_breakout_long,long,2019-12-27T07:00:00+00:00,2019-12-27T08:00:00+00:00,2019-12-27T08:00:00+00:00,1.11299,1.114109541744524,1.112078366604381,1.1141295417445238,0.1999999999990898,11.195417445239997,10.695417445239997,target,1.2280613565762277,1.1732147480159383,EURV2_COMPRESSION_UP,compression,train
EURV2_COMPRESSION_DOWN,compression_breakout_short,short,2016-12-28T10:00:00+00:00,2016-12-28T11:00:00+00:00,2016-12-28T12:00:00+00:00,1.0431700000000002,1.040781380888509,1.0443743095557456,1.040761380888509,0.1999999999990898,23.886191114912414,23.386191114912414,target,1.9833929740868768,1.9418754093034185,EURV2_COMPRESSION_DOWN,compression,train
EURV2_COMPRESSION_DOWN,compression_breakout_short,short,2019-04-18T07:00:00+00:00,2019-04-18T08:00:00+00:00,2019-04-18T08:00:00+00:00,1.12708,1.1248488487787038,1.1282055756106482,1.124828848778704,0.40000000000040004,22.31151221296246,21.81151221296246,target,1.9822313136401442,1.9378095977403023,EURV2_COMPRESSION_DOWN,compression,train
EURV2_COMPRESSION_DOWN,compression_breakout_short,short,2019-05-23T06:00:00+00:00,2019-05-23T07:00:00+00:00,2019-05-23T13:00:00+00:00,1.1142100000000001,1.1125539916401108,1.1150480041799449,1.112533991640111,0.2999999999997449,16.56008359889327,16.06008359889327,target,1.9761337705959294,1.9164681970861435,EURV2_COMPRESSION_DOWN,compression,train
EURV2_CHOP_ROTATION,failed_break_reversion_long,long,2016-11-08T23:00:00+00:00,2016-11-09T00:00:00+00:00,2016-11-09T00:00:00+00:00,1.10184,1.099782597593302,1.099802597593302,1.105914804813396,0.40000000000040004,-20.57402406697939,-21.07402406697939,stop,-1.0098164211125689,-1.0343574738941024,EURV2_CHOP_ROTATION,chop,train
EURV2_CHOP_ROTATION,failed_break_reversion_long,long,2016-11-30T15:00:00+00:00,2016-11-30T16:00:00+00:00,2016-11-30T16:00:00+00:00,1.06093,1.0575699363709354,1.0575899363709353,1.0676101272581293,0.10000000000065512,-33.600636290644914,-34.100636290644914,stop,-1.0059879098786841,-1.0209576845754622,EURV2_CHOP_ROTATION,chop,train
EURV2_CHOP_ROTATION,failed_break_reversion_long,long,2016-12-04T23:00:00+00:00,2016-12-05T00:00:00+00:00,2016-12-05T08:00:00+00:00,1.0568,1.065908967014685,1.0522355164926573,1.065928967014685,0.2999999999997449,91.08967014685109,90.58967014685109,target,1.9956183432434451,1.9846642013521298,EURV2_CHOP_ROTATION,chop,train
EURV2_CHOP_ROTATION,failed_break_reversion_long,long,2017-01-09T10:00:00+00:00,2017-01-09T11:00:00+00:00,2017-01-09T16:00:00+00:00,1.0518699999999999,1.0570452829748571,1.0492723585125714,1.057065282974857,0.2999999999997449,51.75282974857254,51.25282974857254,target,1.9923007081244741,1.9730524784353582,EURV2_CHOP_ROTATION,chop,train
EURV2_CHOP_ROTATION,failed_break_reversion_long,long,2017-01-10T17:00:00+00:00,2017-01-10T18:00:00+00:00,2017-01-11T05:00:00+00:00,1.05615,1.05495,1.0528930223355455,1.0626639553289086,0.2999999999997449,-11.999999999998678,-12.499999999998678,time,-0.36843973880947,-0.38379139459319966,EURV2_CHOP_ROTATION,chop,train
EURV2_CHOP_ROTATION,failed_break_reversion_long,long,2017-01-11T13:00:00+00:00,2017-01-11T14:00:00+00:00,2017-01-11T14:00:00+00:00,1.05134,1.0488530703888277,1.0488730703888276,1.0562738592223448,0.20000000000131024,-24.869296111722505,-25.369296111722505,stop,-1.008107243882976,-1.0283753535905078,EURV2_CHOP_ROTATION,chop,train
EURV2_CHOP_ROTATION,failed_break_reversion_long,long,2017-01-26T09:00:00+00:00,2017-01-26T10:00:00+00:00,2017-01-26T13:00:00+00:00,1.07216,1.0699802077034601,1.07000020770346,1.07647958459308,0.10000000000065512,-21.79792296539862,-22.29792296539862,stop,-1.0092601497060387,-1.0324105239712407,EURV2_CHOP_ROTATION,chop,train
EURV2_CHOP_ROTATION,failed_break_reversion_long,long,2017-01-30T13:00:00+00:00,2017-01-30T14:00:00+00:00,2017-01-30T16:00:00+00:00,1.06449,1.069508788340454,1.061970605829773,1.0695287883404538,0.20000000000131024,50.187883404539946,49.687883404539946,target,1.9920615835997246,1.9722155425987256,EURV2_CHOP_ROTATION,chop,train
EURV2_CHOP_ROTATION,failed_break_reversion_long,long,2017-02-01T19:00:00+00:00,2017-02-01T20:00:00+00:00,2017-02-02T07:00:00+00:00,1.07767,1.0792400000000002,1.0747847367686798,1.08344052646264,0.1999999999990898,15.700000000002934,15.200000000002934,time,0.5441444589726282,0.5268150176040765,EURV2_CHOP_ROTATION,chop,train
EURV2_CHOP_ROTATION,failed_break_reversion_long,long,2017-02-03T03:00:00+00:00,2017-02-03T04:00:00+00:00,2017-02-03T11:00:00+00:00,1.07557,1.073312257037293,1.073332257037293,1.0800454859254136,0.40000000000040004,-22.577429627068657,-23.077429627068657,stop,-1.008937576984139,-1.0312815194445886,EURV2_CHOP_ROTATION,chop,train
EURV2_CHOP_ROTATION,failed_break_reversion_long,long,2017-02-03T13:00:00+00:00,2017-02-03T14:00:00+00:00,2017-02-06T01:00:00+00:00,1.0756299999999999,1.0779500000000002,1.0730563465339669,1.080777306932066,0.1999999999990898,23.200000000003218,22.700000000003218,time,0.9014422612133343,0.8820146262733944,EURV2_CHOP_ROTATION,chop,train
EURV2_CHOP_ROTATION,failed_break_reversion_long,long,2017-02-06T13:00:00+00:00,2017-02-06T14:00:00+00:00,2017-02-07T01:00:00+00:00,1.0713599999999999,1.07301,1.069212793330407,1.0756544133391854,0.1999999999990898,16.500000000001513,16.000000000001513,time,0.7684402360360534,0.7451541682773872,EURV2_CHOP_ROTATION,chop,train
EURV2_CHOP_ROTATION,failed_break_reversion_long,long,2017-02-21T02:00:00+00:00,2017-02-21T03:00:00+00:00,2017-02-21T08:00:00+00:00,1.05826,1.056648698486605,1.056668698486605,1.06144260302679,0.20000000000131024,-16.11301513394947,-16.61301513394947,stop,-1.0125683283975764,-1.04398914939166,EURV2_CHOP_ROTATION,chop,train
EURV2_CHOP_ROTATION,failed_break_reversion_long,long,2017-04-14T05:00:00+00:00,2017-04-14T06:00:00+00:00,2017-04-14T17:00:00+00:00,1.0613,1.06172,1.0597529413578135,1.0643941172843727,0.8000000000008001,4.20000000000087,3.7000000000008697,time,0.271482921556558,0.23916352613316494,EURV2_CHOP_ROTATION,chop,train
EURV2_CHOP_ROTATION,failed_break_reversion_long,long,2017-05-04T06:00:00+00:00,2017-05-04T07:00:00+00:00,2017-05-04T07:00:00+00:00,1.0883699999999998,1.0914437812088515,1.086823109395574,1.0914637812088515,0.3999999999981796,30.737812088517114,30.237812088517114,target,1.9870708374964028,1.9547479312372626,EURV2_CHOP_ROTATION,chop,train
EURV2_CHOP_ROTATION,failed_break_reversion_long,long,2017-05-08T12:00:00+00:00,2017-05-08T13:00:00+00:00,2017-05-08T15:00:00+00:00,1.0947399999999998,1.0920635836314938,1.0920835836314937,1.100052832737012,0.3999999999981796,-26.764163685060183,-27.264163685060183,stop,-1.007528940205694,-1.0263512907200143,EURV2_CHOP_ROTATION,chop,train
EURV2_CHOP_ROTATION,failed_break_reversion_long,long,2017-05-09T10:00:00+00:00,2017-05-09T11:00:00+00:00,2017-05-09T12:00:00+00:00,1.08965,1.0875506435335311,1.087570643533531,1.093808712932938,0.40000000000040004,-20.993564664688602,-21.493564664688602,stop,-1.00961836045066,-1.0336642615774192,EURV2_CHOP_ROTATION,chop,train
EURV2_CHOP_ROTATION,failed_break_reversion_long,long,2017-05-30T06:00:00+00:00,2017-05-30T07:00:00+00:00,2017-05-30T09:00:00+00:00,1.11314,1.1164819339490726,1.111459033025464,1.1165019339490725,0.10000000000065512,33.41933949072562,32.91933949072562,target,1.9881020862975574,1.958357302040985,EURV2_CHOP_ROTATION,chop,train
EURV2_CHOP_ROTATION,failed_break_reversion_long,long,2017-06-15T07:00:00+00:00,2017-06-15T08:00:00+00:00,2017-06-15T09:00:00+00:00,1.1194199999999999,1.1171126767928685,1.1171326767928684,1.1239946464142627,0.09999999999843467,-23.0732320713134,-23.5732320713134,stop,-1.0087438451800572,-1.0306034581302994,EURV2_CHOP_ROTATION,chop,train
EURV2_CHOP_ROTATION,failed_break_reversion_long,long,2017-06-19T18:00:00+00:00,2017-06-19T19:00:00+00:00,2017-06-20T06:00:00+00:00,1.1148799999999999,1.11524,1.1130350941705198,1.1185698116589602,0.1999999999990898,3.60000000000138,3.10000000000138,time,0.19513191093422758,0.16803025663781748,EURV2_CHOP_ROTATION,chop,train
EURV2_CHOP_ROTATION,failed_break_reversion_long,long,2017-07-13T09:00:00+00:00,2017-07-13T10:00:00+00:00,2017-07-13T11:00:00+00:00,1.1396499999999998,1.1372340676981672,1.137254067698167,1.1444418646036654,0.09999999999843467,-24.159323018326795,-24.659323018326795,stop,-1.0083474812642286,-1.0292161844248948,EURV2_CHOP_ROTATION,chop,train
EURV2_CHOP_ROTATION,failed_break_reversion_long,long,2017-07-13T11:00:00+00:00,2017-07-13T12:00:00+00:00,2017-07-13T16:00:00+00:00,1.14109,1.1382574104132157,1.1382774104132156,1.1467151791735688,0.2999999999997449,-28.325895867842288,-28.825895867842288,stop,-1.0071108846075105,-1.0248880961263678,EURV2_CHOP_ROTATION,chop,train
EURV2_CHOP_ROTATION,failed_break_reversion_long,long,2017-07-20T08:00:00+00:00,2017-07-20T09:00:00+00:00,2017-07-20T11:00:00+00:00,1.1504999999999999,1.1487401209685306,1.1487601209685305,1.1539797580629383,0.2999999999997449,-17.59879031469236,-18.09879031469236,stop,-1.0114950520341746,-1.0402326821197414,EURV2_CHOP_ROTATION,chop,train
EURV2_CHOP_ROTATION,failed_break_reversion_long,long,2017-08-23T07:00:00+00:00,2017-08-23T08:00:00+00:00,2017-08-23T14:00:00+00:00,1.17818,1.18185857048662,1.1763307147566902,1.18187857048662,0.10000000000065512,36.78570486620014,36.28570486620014,target,1.9891850107645421,1.9621475376754747,EURV2_CHOP_ROTATION,chop,train
EURV2_CHOP_ROTATION,failed_break_reversion_long,long,2017-10-17T14:00:00+00:00,2017-10-17T15:00:00+00:00,2017-10-18T02:00:00+00:00,1.17512,1.17721,1.1732970727709264,1.178765854458147,0.20000000000131024,20.900000000001473,20.400000000001473,time,1.1465076425801006,1.1190792300781862,EURV2_CHOP_ROTATION,chop,train
EURV2_CHOP_ROTATION,failed_break_reversion_long,long,2017-11-03T15:00:00+00:00,2017-11-03T16:00:00+00:00,2017-11-06T04:00:00+00:00,1.16164,1.16093,1.159321778549485,1.1662764429010304,0.20000000000131024,-7.099999999999884,-7.599999999999884,time,-0.3062692737323415,-0.327837532445887,EURV2_CHOP_ROTATION,chop,train
EURV2_CHOP_ROTATION,failed_break_reversion_long,long,2017-12-04T15:00:00+00:00,2017-12-04T16:00:00+00:00,2017-12-05T03:00:00+00:00,1.18499,1.18748,1.1823104269056481,1.1903491461887037,0.20000000000131024,24.900000000001032,24.400000000001032,time,0.9292525011721682,0.9105928123936115,EURV2_CHOP_ROTATION,chop,train
EURV2_CHOP_ROTATION,failed_break_reversion_long,long,2017-12-05T14:00:00+00:00,2017-12-05T15:00:00+00:00,2017-12-05T16:00:00+00:00,1.1834799999999999,1.1812789507143866,1.1812989507143865,1.1878420985712266,0.1999999999990898,-22.010492856132657,-22.510492856132657,stop,-1.0091698982374369,-1.0320946438311336,EURV2_CHOP_ROTATION,chop,train
EURV2_CHOP_ROTATION,failed_break_reversion_long,long,2017-12-05T16:00:00+00:00,2017-12-05T17:00:00+00:00,2017-12-06T04:00:00+00:00,1.1821,1.18384,1.1797398222996496,1.1868203554007006,0.10000000000065512,17.400000000000748,16.900000000000748,time,0.7372326243662856,0.7160477788385197,EURV2_CHOP_ROTATION,chop,train
EURV2_CHOP_ROTATION,failed_break_reversion_long,long,2018-03-16T01:00:00+00:00,2018-03-16T02:00:00+00:00,2018-03-16T13:00:00+00:00,1.23014,1.2282582406127807,1.2282782406127806,1.233863518774439,0.40000000000040004,-18.817593872193505,-19.317593872193505,stop,-1.0107425267396015,-1.0375988435887276,EURV2_CHOP_ROTATION,chop,train
EURV2_CHOP_ROTATION,failed_break_reversion_long,long,2018-04-05T07:00:00+00:00,2018-04-05T08:00:00+00:00,2018-04-05T12:00:00+00:00,1.22579,1.2239529486316951,1.223972948631695,1.2294241027366097,0.40000000000040004,-18.370513683048095,-18.870513683048095,stop,-1.0110068434766193,-1.0385239521682927,EURV2_CHOP_ROTATION,chop,train
EURV2_CHOP_ROTATION,failed_break_reversion_long,long,2018-04-17T14:00:00+00:00,2018-04-17T15:00:00+00:00,2018-04-18T02:00:00+00:00,1.2346499999999998,1.23798,1.2326575091756502,1.2386349816486992,0.09999999999843467,33.30000000000277,32.80000000000277,time,1.6712749485746168,1.6461807301275526,EURV2_CHOP_ROTATION,chop,train
EURV2_CHOP_ROTATION,failed_break_reversion_long,long,2018-04-20T14:00:00+00:00,2018-04-20T15:00:00+00:00,2018-04-23T02:00:00+00:00,1.2279399999999998,1.2275,1.2254633358665503,1.2328933282668986,0.2999999999997449,-4.399999999997739,-4.899999999997739,time,-0.17765832437963364,-0.1978467703318751,EURV2_CHOP_ROTATION,chop,train
EURV2_CHOP_ROTATION,failed_break_reversion_long,long,2018-06-12T17:00:00+00:00,2018-06-12T18:00:00+00:00,2018-06-13T05:00:00+00:00,1.17515,1.1750900000000002,1.1724960329751903,1.180457934049619,0.40000000000040004,-0.5999999999972694,-1.0999999999972694,time,-0.02260766597280233,-0.041447387616890013,EURV2_CHOP_ROTATION,chop,train
EURV2_CHOP_ROTATION,failed_break_reversion_long,long,2018-06-13T06:00:00+00:00,2018-06-13T07:00:00+00:00,2018-06-13T13:00:00+00:00,1.174,1.1776956119711273,1.1721421940144363,1.1777156119711272,0.20000000000131024,36.956119711273324,36.456119711273324,target,1.9892346132183218,1.9623211462640042,EURV2_CHOP_ROTATION,chop,train
EURV2_CHOP_ROTATION,failed_break_reversion_long,long,2018-06-13T18:00:00+00:00,2018-06-13T19:00:00+00:00,2018-06-14T06:00:00+00:00,1.17726,1.1813900000000002,1.1746382823736772,1.1825034352526458,0.20000000000131024,41.30000000000189,40.80000000000189,time,1.575303136590229,1.556231670045554,EURV2_CHOP_ROTATION,chop,train
EURV2_CHOP_ROTATION,failed_break_reversion_long,long,2018-07-04T08:00:00+00:00,2018-07-04T09:00:00+00:00,2018-07-04T20:00:00+00:00,1.16447,1.16554,1.1623517513083161,1.1687064973833676,0.2999999999997449,10.700000000001264,10.200000000001264,time,0.5051342669068777,0.481529861911232,EURV2_CHOP_ROTATION,chop,train
EURV2_CHOP_ROTATION,failed_break_reversion_long,long,2018-07-17T12:00:00+00:00,2018-07-17T13:00:00+00:00,2018-07-17T15:00:00+00:00,1.1697799999999998,1.1678273211449264,1.1678473211449263,1.173645357710147,0.3999999999981796,-19.52678855073442,-20.02678855073442,stop,-1.0103483307365868,-1.0362191575781718,EURV2_CHOP_ROTATION,chop,train
EURV2_CHOP_ROTATION,failed_break_reversion_long,long,2018-07-17T17:00:00+00:00,2018-07-17T18:00:00+00:00,2018-07-18T04:00:00+00:00,1.16652,1.16420236086501,1.16422236086501,1.17111527826998,0.40000000000040004,-23.17639134989946,-23.67639134989946,stop,-1.0087045871108893,-1.0304660548882114,EURV2_CHOP_ROTATION,chop,train
EURV2_CHOP_ROTATION,failed_break_reversion_long,long,2018-07-18T06:00:00+00:00,2018-07-18T07:00:00+00:00,2018-07-18T08:00:00+00:00,1.16322,1.1615059744971648,1.1615259744971647,1.1666080510056704,0.1999999999990898,-17.140255028351703,-17.640255028351703,stop,-1.011806197702712,-1.0413216919596258,EURV2_CHOP_ROTATION,chop,train
EURV2_CHOP_ROTATION,failed_break_reversion_long,long,2018-07-24T07:00:00+00:00,2018-07-24T08:00:00+00:00,2018-07-24T19:00:00+00:00,1.16969,1.16869,1.1672861209739211,1.1744977580521574,0.700000000000145,-9.999999999998899,-10.499999999998899,time,-0.41599431134066195,-0.4367940269076973,EURV2_CHOP_ROTATION,chop,train
EURV2_CHOP_ROTATION,failed_break_reversion_long,long,2018-07-31T17:00:00+00:00,2018-07-31T18:00:00+00:00,2018-08-01T04:00:00+00:00,1.1697099999999998,1.1676044558065657,1.1676244558065656,1.173881088386868,0.2999999999997449,-21.055441934341168,-21.555441934341168,stop,-1.0095898231564087,-1.0335643810475394,EURV2_CHOP_ROTATION,chop,train
EURV2_CHOP_ROTATION,failed_break_reversion_long,long,2018-08-01T14:00:00+00:00,2018-08-01T15:00:00+00:00,2018-08-02T02:00:00+00:00,1.1673,1.1655786002887911,1.165598600288791,1.1707027994224177,0.30000000000196536,-17.21399711208882,-17.71399711208882,stop,-1.0117550272685174,-1.0411425954399445,EURV2_CHOP_ROTATION,chop,train
EURV2_CHOP_ROTATION,failed_break_reversion_long,long,2018-09-07T11:00:00+00:00,2018-09-07T12:00:00+00:00,2018-09-07T12:00:00+00:00,1.1609999999999998,1.1588353424200863,1.1588553424200863,1.1652893151598271,0.09999999999843467,-21.64657579913465,-22.14657579913465,stop,-1.0093254980129347,-1.0326392430453772,EURV2_CHOP_ROTATION,chop,train
EURV2_CHOP_ROTATION,failed_break_reversion_long,long,2018-09-07T13:00:00+00:00,2018-09-07T14:00:00+00:00,2018-09-07T17:00:00+00:00,1.1578799999999998,1.1552078207601764,1.1552278207601763,1.1631843584796469,0.1999999999990898,-26.721792398234356,-27.221792398234356,stop,-1.0075409684608043,-1.0263933896129007,EURV2_CHOP_ROTATION,chop,train
EURV2_CHOP_ROTATION,failed_break_reversion_long,long,2018-09-17T07:00:00+00:00,2018-09-17T08:00:00+00:00,2018-09-17T12:00:00+00:00,1.16465,1.1683155681909083,1.162807215904546,1.1683355681909082,0.2999999999997449,36.655681909083526,36.155681909083526,target,1.9891468566236137,1.962013998182223,EURV2_CHOP_ROTATION,chop,train
EURV2_CHOP_ROTATION,failed_break_reversion_long,long,2018-10-12T14:00:00+00:00,2018-10-12T15:00:00+00:00,2018-10-14T21:00:00+00:00,1.1561599999999999,1.1537659761988093,1.1537859761988092,1.1609080476023812,0.09999999999843467,-23.940238011905812,-24.440238011905812,stop,-1.008424515369171,-1.029485803792195,EURV2_CHOP_ROTATION,chop,train
EURV2_CHOP_ROTATION,failed_break_reversion_long,long,2018-10-17T12:00:00+00:00,2018-10-17T13:00:00+00:00,2018-10-17T17:00:00+00:00,1.15357,1.1514152196773573,1.1514352196773572,1.1578395606452856,0.2999999999997449,-21.54780322642713,-22.04780322642713,stop,-1.009368645470345,-1.0327902591463138,EURV2_CHOP_ROTATION,chop,train
EURV2_CHOP_ROTATION,failed_break_reversion_long,long,2018-11-09T17:00:00+00:00,2018-11-09T18:00:00+00:00,2018-11-12T05:00:00+00:00,1.13327,1.1309500000000001,1.1307453143063873,1.1383193713872255,0.40000000000040004,-23.199999999998777,-23.699999999998777,time,-0.9189262670871429,-0.9387307124985047,EURV2_CHOP_ROTATION,chop,train
EURV2_CHOP_ROTATION,failed_break_reversion_long,long,2018-12-05T15:00:00+00:00,2018-12-05T16:00:00+00:00,2018-12-06T03:00:00+00:00,1.13424,1.1342400000000001,1.1318135704262062,1.139092859147587,0.2999999999997449,2.220446049250313e-12,-0.49999999999777955,time,9.151083852718949e-14,-0.0206064089144791,EURV2_CHOP_ROTATION,chop,train
EURV2_CHOP_ROTATION,failed_break_reversion_long,long,2019-01-30T14:00:00+00:00,2019-01-30T15:00:00+00:00,2019-01-30T19:00:00+00:00,1.14144,1.14477273557652,1.13976363221174,1.14479273557652,0.30000000000196536,33.327355765200295,32.827355765200295,target,1.9880694438653648,1.9582430535289725,EURV2_CHOP_ROTATION,chop,train
EURV2_CHOP_ROTATION,failed_break_reversion_long,long,2019-02-05T07:00:00+00:00,2019-02-05T08:00:00+00:00,2019-02-05T08:00:00+00:00,1.1425299999999998,1.1413895137902672,1.1414095137902671,1.1447709724194655,0.09999999999843467,-11.404862097326163,-11.904862097326163,stop,-1.0178493941524547,-1.062472879533794,EURV2_CHOP_ROTATION,chop,train
EURV2_CHOP_ROTATION,failed_break_reversion_long,long,2019-02-22T13:00:00+00:00,2019-02-22T14:00:00+00:00,2019-02-25T01:00:00+00:00,1.1336499999999998,1.13443,1.1320166504058322,1.136916699188335,0.1999999999990898,7.80000000000225,7.30000000000225,time,0.47754626614257045,0.44693432600523497,EURV2_CHOP_ROTATION,chop,train
EURV2_CHOP_ROTATION,failed_break_reversion_long,long,2019-03-01T08:00:00+00:00,2019-03-01T09:00:00+00:00,2019-03-01T14:00:00+00:00,1.13638,1.139464104720517,1.1348279476397414,1.1394841047205169,0.40000000000040004,30.841047205170113,30.341047205170113,target,1.9871138368058672,1.954898428820746,EURV2_CHOP_ROTATION,chop,train
EURV2_CHOP_ROTATION,failed_break_reversion_long,long,2019-03-07T12:00:00+00:00,2019-03-07T13:00:00+00:00,2019-03-07T13:00:00+00:00,1.1289,1.1273750121373103,1.1273950121373102,1.1319099757253797,0.20000000000131024,-15.249878626897306,-15.749878626897306,stop,-1.0132891437171883,-1.0465120030103099,EURV2_CHOP_ROTATION,chop,train
EURV2_CHOP_ROTATION,failed_break_reversion_long,long,2019-04-04T09:00:00+00:00,2019-04-04T10:00:00+00:00,2019-04-04T12:00:00+00:00,1.12276,1.1213811195593968,1.1214011195593967,1.1254777608812065,0.2999999999997449,-13.788804406031918,-14.288804406031918,stop,-1.0147179982891135,-1.0515129940120649,EURV2_CHOP_ROTATION,chop,train
EURV2_CHOP_ROTATION,failed_break_reversion_long,long,2019-04-04T13:00:00+00:00,2019-04-04T14:00:00+00:00,2019-04-05T01:00:00+00:00,1.12141,1.12243,1.1200129539966663,1.1242040920066674,0.20000000000131024,10.200000000000209,9.700000000000209,time,0.7301119630749894,0.694322160963471,EURV2_CHOP_ROTATION,chop,train
EURV2_CHOP_ROTATION,failed_break_reversion_long,long,2019-05-03T07:00:00+00:00,2019-05-03T08:00:00+00:00,2019-05-03T09:00:00+00:00,1.11685,1.1155890638740646,1.1156090638740646,1.1193318722518708,0.2999999999997449,-12.609361259352525,-13.109361259352525,stop,-1.0161168649875787,-1.056409027456709,EURV2_CHOP_ROTATION,chop,train
EURV2_CHOP_ROTATION,failed_break_reversion_long,long,2019-05-16T19:00:00+00:00,2019-05-16T20:00:00+00:00,2019-05-17T07:00:00+00:00,1.11774,1.1176700000000002,1.1163621517076985,1.1204956965846031,0.2999999999997449,-0.6999999999979245,-1.1999999999979245,time,-0.0508038514769058,-0.08709231681766039,EURV2_CHOP_ROTATION,chop,train
EURV2_CHOP_ROTATION,failed_break_reversion_long,long,2019-06-14T09:00:00+00:00,2019-06-14T10:00:00+00:00,2019-06-14T11:00:00+00:00,1.1270799999999999,1.1257363315175586,1.1257563315175585,1.1297273369648828,0.2999999999997449,-13.436684824412737,-13.936684824412737,stop,-1.0151095234684602,-1.0528833321397828,EURV2_CHOP_ROTATION,chop,train
EURV2_CHOP_ROTATION,failed_break_reversion_long,long,2019-07-01T01:00:00+00:00,2019-07-01T02:00:00+00:00,2019-07-01T05:00:00+00:00,1.1352,1.1335913743453478,1.1336113743453478,1.1383772513093044,0.40000000000040004,-16.086256546521405,-16.586256546521405,stop,-1.0125894983134256,-1.044063244097133,EURV2_CHOP_ROTATION,chop,train
EURV2_CHOP_ROTATION,failed_break_reversion_long,long,2019-07-05T06:00:00+00:00,2019-07-05T07:00:00+00:00,2019-07-05T07:00:00+00:00,1.1273799999999998,1.126594621286876,1.126614621286876,1.1289107574262476,0.2999999999997449,-7.853787131237855,-8.353787131237855,stop,-1.0261308547742063,-1.0914579917100196,EURV2_CHOP_ROTATION,chop,train
EURV2_CHOP_ROTATION,failed_break_reversion_long,long,2019-07-18T10:00:00+00:00,2019-07-18T11:00:00+00:00,2019-07-18T18:00:00+00:00,1.12134,1.1239261156062124,1.1200369421968939,1.1239461156062123,0.30000000000196536,25.86115606212358,25.36115606212358,target,1.9846514867166793,1.9462802035082034,EURV2_CHOP_ROTATION,chop,train
EURV2_CHOP_ROTATION,failed_break_reversion_long,long,2019-08-13T13:00:00+00:00,2019-08-13T14:00:00+00:00,2019-08-14T01:00:00+00:00,1.11851,1.11721,1.1162987681043932,1.1229324637912133,0.4999999999988347,-12.999999999998568,-13.499999999998568,time,-0.5879075833623434,-0.6105194134916667,EURV2_CHOP_ROTATION,chop,train
EURV2_CHOP_ROTATION,failed_break_reversion_long,long,2019-08-22T09:00:00+00:00,2019-08-22T10:00:00+00:00,2019-08-22T11:00:00+00:00,1.1082599999999998,1.1067287122351315,1.1067487122351314,1.1112825755297366,0.2999999999997449,-15.312877648683276,-15.812877648683276,stop,-1.0132337470499209,-1.0463181146748737,EURV2_CHOP_ROTATION,chop,train
EURV2_CHOP_ROTATION,failed_break_reversion_long,long,2019-08-22T11:00:00+00:00,2019-08-22T12:00:00+00:00,2019-08-22T23:00:00+00:00,1.10811,1.10834,1.1064260069782512,1.1114779860434976,0.10000000000065512,2.300000000001745,1.800000000001745,time,0.13658013841490604,0.10688880397690552,EURV2_CHOP_ROTATION,chop,train
EURV2_CHOP_ROTATION,failed_break_reversion_long,long,2019-08-27T15:00:00+00:00,2019-08-27T16:00:00+00:00,2019-08-28T03:00:00+00:00,1.10943,1.1087200000000001,1.1079933785913454,1.1123032428173087,0.5000000000010552,-7.099999999997664,-7.599999999997664,time,-0.49421510477469494,-0.5290189853926427,EURV2_CHOP_ROTATION,chop,train
EURV2_CHOP_ROTATION,failed_break_reversion_long,long,2019-08-28T08:00:00+00:00,2019-08-28T09:00:00+00:00,2019-08-28T13:00:00+00:00,1.10892,1.1078180113449017,1.1078380113449016,1.1110839773101966,0.1999999999990898,-11.019886550982516,-11.519886550982516,stop,-1.0184844821668588,-1.0646956875842166,EURV2_CHOP_ROTATION,chop,train
EURV2_CHOP_ROTATION,failed_break_reversion_long,long,2019-09-17T06:00:00+00:00,2019-09-17T07:00:00+00:00,2019-09-17T12:00:00+00:00,1.0996299999999999,1.1028398952293936,1.098015052385303,1.1028598952293935,0.2999999999997449,32.098952293937444,31.598952293937444,target,1.9876156973649672,1.9566549407775884,EURV2_CHOP_ROTATION,chop,train
EURV2_CHOP_ROTATION,failed_break_reversion_long,long,2019-09-20T12:00:00+00:00,2019-09-20T13:00:00+00:00,2019-09-20T14:00:00+00:00,1.1026099999999999,1.101020242835296,1.101040242835296,1.1057495143294078,0.40000000000040004,-15.897571647038866,-16.397571647038866,stop,-1.012740824153958,-1.0445928845389978,EURV2_CHOP_ROTATION,chop,train
EURV2_CHOP_ROTATION,failed_break_reversion_long,long,2019-10-25T13:00:00+00:00,2019-10-25T14:00:00+00:00,2019-10-25T15:00:00+00:00,1.10944,1.1080499123740937,1.1080699123740936,1.1121801752518128,0.20000000000131024,-13.90087625906311,-14.40087625906311,stop,-1.014597606475482,-1.051091622664353,EURV2_CHOP_ROTATION,chop,train
EURV2_CHOP_ROTATION,failed_break_reversion_long,long,2019-10-29T10:00:00+00:00,2019-10-29T11:00:00+00:00,2019-10-29T11:00:00+00:00,1.109,1.1079269980343915,1.1079469980343915,1.1111060039312173,0.20000000000131024,-10.730019656084444,-11.230019656084444,stop,-1.0189933168722538,-1.0664766090531044,EURV2_CHOP_ROTATION,chop,train
EURV2_CHOP_ROTATION,failed_break_reversion_long,long,2019-12-20T13:00:00+00:00,2019-12-20T14:00:00+00:00,2019-12-20T16:00:00+00:00,1.10917,1.1078385883267456,1.1078585883267456,1.111792823346509,0.2999999999997449,-13.314116732543457,-13.814116732543457,stop,-1.0152507411728893,-1.0533775941052859,EURV2_CHOP_ROTATION,chop,train
EURV2_CHOP_ROTATION,failed_break_reversion_long,long,2020-01-07T10:00:00+00:00,2020-01-07T11:00:00+00:00,2020-01-07T13:00:00+00:00,1.11767,1.1162732975359497,1.1162932975359496,1.1204234049281006,0.2999999999997449,-13.967024640502146,-14.467024640502146,stop,-1.0145274672793627,-1.050846135477935,EURV2_CHOP_ROTATION,chop,train
EURV2_CHOP_ROTATION,failed_break_reversion_long,long,2020-01-08T08:00:00+00:00,2020-01-08T09:00:00+00:00,2020-01-08T11:00:00+00:00,1.11353,1.1119660775079694,1.1119860775079693,1.116617844984061,0.1999999999990898,-15.639224920305228,-16.139224920305228,stop,-1.0129540181603316,-1.045339063561308,EURV2_CHOP_ROTATION,chop,train
EURV2_CHOP_ROTATION,failed_break_reversion_long,long,2020-02-04T15:00:00+00:00,2020-02-04T16:00:00+00:00,2020-02-05T03:00:00+00:00,1.10387,1.10339,1.1026752197335667,1.1062595605328662,0.10000000000065512,-4.799999999998139,-5.299999999998139,time,-0.401747512480084,-0.44359621169677566,EURV2_CHOP_ROTATION,chop,train
EURV2_CHOP_ROTATION,failed_break_reversion_long,long,2020-04-01T09:00:00+00:00,2020-04-01T10:00:00+00:00,2020-04-01T21:00:00+00:00,1.0934,1.09443,1.0892076324921958,1.1017847350156085,0.5000000000010552,10.300000000000864,9.800000000000864,time,0.24568456798759275,0.2337581326483902,EURV2_CHOP_ROTATION,chop,train
EURV2_CHOP_ROTATION,failed_break_reversion_long,long,2020-04-13T15:00:00+00:00,2020-04-13T16:00:00+00:00,2020-04-14T03:00:00+00:00,1.09059,1.0946600000000002,1.0882758344107997,1.0952183311784007,0.20000000000131024,40.7000000000024,40.2000000000024,time,1.75873326394363,1.7371272041900239,EURV2_CHOP_ROTATION,chop,train
EURV2_CHOP_ROTATION,failed_break_reversion_long,long,2020-04-30T13:00:00+00:00,2020-04-30T14:00:00+00:00,2020-04-30T14:00:00+00:00,1.0859299999999998,1.0914697824049826,1.0831501087975086,1.0914897824049825,0.2999999999997449,55.397824049827626,54.897824049827626,target,1.9928054738322982,1.9748191584127623,EURV2_CHOP_ROTATION,chop,train
EURV2_CHOP_ROTATION,failed_break_reversion_long,long,2020-05-11T08:00:00+00:00,2020-05-11T09:00:00+00:00,2020-05-11T20:00:00+00:00,1.08182,1.0805900000000002,1.0798581952843522,1.0857436094312953,0.30000000000196536,-12.299999999998423,-12.799999999998423,time,-0.6269737197536018,-0.6524604563289547,EURV2_CHOP_ROTATION,chop,train
EURV2_CHOP_ROTATION,failed_break_reversion_long,long,2020-06-18T14:00:00+00:00,2020-06-18T15:00:00+00:00,2020-06-18T16:00:00+00:00,1.12215,1.1194035410341814,1.1194235410341813,1.1276029179316374,0.2999999999997449,-27.46458965818599,-27.96458965818599,stop,-1.0073355221005145,-1.0256743273518842,EURV2_CHOP_ROTATION,chop,train
EURV2_CHOP_ROTATION,failed_break_reversion_long,long,2020-06-18T17:00:00+00:00,2020-06-18T18:00:00+00:00,2020-06-19T05:00:00+00:00,1.1204399999999999,1.1214300000000001,1.1176052167099475,1.1261095665801044,0.40000000000040004,9.900000000002684,9.400000000002684,time,0.3492330448942276,0.33159501232381683,EURV2_CHOP_ROTATION,chop,train
EURV2_CHOP_ROTATION,failed_break_reversion_long,long,2020-06-30T09:00:00+00:00,2020-06-30T10:00:00+00:00,2020-06-30T15:00:00+00:00,1.1205299999999998,1.1247345011009908,1.1184177494495042,1.1247545011009907,0.09999999999843467,42.045011009910205,41.545011009910205,target,1.9905314263047826,1.9668599920668939,EURV2_CHOP_ROTATION,chop,train
