entry_time,exit_time,candidate,status,symbol,direction,volume,entry_price,exit_price,sl,tp,state,profit_aed,position_ticket,magic,entry_order,exit_order,entry_deal,exit_deal,duplicate_key,duplicate_role,is_duplicate,entry_comment,exit_comment
2026-06-05 22:25:00,2026-06-05 22:32:31,round_number_retest_v0,PROVISIONAL,XAUUSD,BUY,0.01,4327.96,4321.93,4321.93,4336.08,CLOSED,-22.15,3840165,920401,3840165,3840313,3550049,3550202,2026-06-05 22:25|XAUUSD|BUY|0.01,duplicate,true,P2DEMO_round_XAUUSD,[sl 4321.93]
2026-06-05 22:25:00,2026-06-05 22:32:31,symbol_normalized_round_retest_v0,ACCEPTED,XAUUSD,BUY,0.01,4327.96,4321.93,4321.93,4336.08,CLOSED,-22.15,3840166,920301,3840166,3840314,3550050,3550203,2026-06-05 22:25|XAUUSD|BUY|0.01,kept,false,P2DEMO_sn_round_XAUUSD,[sl 4321.93]
2026-06-05 22:15:00,2026-06-05 22:20:13,symbol_normalized_round_retest_v0,ACCEPTED,XAUUSD,SELL,0.01,4322.94,4328.69,4328.15,4314.72,CLOSED,-21.13,3840009,920301,3840009,3840126,3549888,3549998,2026-06-05 22:15|XAUUSD|SELL|0.01,kept,false,P2DEMO_sn_round_XAUUSD,[sl 4328.15]
2026-06-05 22:15:00,2026-06-05 22:20:13,round_number_retest_v0,PROVISIONAL,XAUUSD,SELL,0.01,4322.94,4328.69,4328.15,4314.72,CLOSED,-21.13,3840010,920401,3840010,3840127,3549889,3549999,2026-06-05 22:15|XAUUSD|SELL|0.01,duplicate,true,P2DEMO_round_XAUUSD,[sl 4328.15]
2026-06-05 21:50:00,2026-06-05 22:12:34,breakout_retest,ACCEPTED,XAUUSD,SELL,0.01,4339.80,4327.95,4347.70,4327.95,CLOSED,43.51,3839359,920101,3839359,3839910,3549314,3549840,2026-06-05 21:50|XAUUSD|SELL|0.01,kept,false,P2DEMO_br_XAUUSD,[tp 4327.95]
2026-06-05 21:50:00,2026-06-05 22:12:34,swing_breakout_retest_v0,ACCEPTED,XAUUSD,SELL,0.01,4339.80,4327.95,4347.70,4327.95,CLOSED,43.51,3839360,920201,3839360,3839911,3549315,3549841,2026-06-05 21:50|XAUUSD|SELL|0.01,duplicate,true,P2DEMO_swing_br_XAUUSD,[tp 4327.95]
2026-06-05 21:10:00,2026-06-05 21:40:40,swing_breakout_retest_v0,ACCEPTED,XAUUSD,SELL,0.01,4338.92,4347.47,4347.10,4326.57,CLOSED,-31.42,3838298,920201,3838298,3838772,3548719,3549191,2026-06-05 21:10|XAUUSD|SELL|0.01,duplicate,true,P2DEMO_swing_br_XAUUSD,[sl 4347.10]
2026-06-05 21:10:00,2026-06-05 21:40:40,breakout_retest,ACCEPTED,XAUUSD,SELL,0.01,4338.92,4347.47,4347.10,4326.57,CLOSED,-31.42,3838299,920101,3838299,3838773,3548720,3549192,2026-06-05 21:10|XAUUSD|SELL|0.01,kept,false,P2DEMO_br_XAUUSD,[sl 4347.10]
2026-06-05 20:55:00,2026-06-05 22:11:44,round_number_retest_v0,PROVISIONAL,XAUUSD,BUY,0.01,4338.74,4328.34,4328.27,4353.95,CLOSED,-38.21,3837986,920401,3837986,3839829,3548412,3549770,2026-06-05 20:55|XAUUSD|BUY|0.01,duplicate,true,P2DEMO_round_XAUUSD,[sl 4328.27]
2026-06-05 20:55:00,2026-06-05 22:11:44,symbol_normalized_round_retest_v0,ACCEPTED,XAUUSD,BUY,0.01,4338.74,4328.34,4328.27,4353.95,CLOSED,-38.21,3837988,920301,3837988,3839830,3548413,3549771,2026-06-05 20:55|XAUUSD|BUY|0.01,kept,false,P2DEMO_sn_round_XAUUSD,[sl 4328.27]
2026-06-05 20:40:00,2026-06-05 20:45:45,symbol_normalized_round_retest_v0,ACCEPTED,XAUUSD,BUY,0.01,4332.11,4324.83,4324.69,4343.70,CLOSED,-26.75,3837696,920301,3837696,3837840,3548119,3548264,2026-06-05 20:40|XAUUSD|BUY|0.01,kept,false,P2DEMO_sn_round_XAUUSD,[sl 4324.69]
2026-06-05 20:40:00,2026-06-05 20:45:45,round_number_retest_v0,PROVISIONAL,XAUUSD,BUY,0.01,4332.11,4324.83,4324.69,4343.70,CLOSED,-26.75,3837697,920401,3837697,3837841,3548120,3548265,2026-06-05 20:40|XAUUSD|BUY|0.01,duplicate,true,P2DEMO_round_XAUUSD,[sl 4324.69]
2026-06-05 20:15:00,2026-06-05 20:16:32,symbol_normalized_round_retest_v0,ACCEPTED,XAUUSD,BUY,0.01,4333.49,4326.99,4327.54,4342.54,CLOSED,-23.88,3836640,920301,3836640,3836681,3547101,3547137,2026-06-05 20:15|XAUUSD|BUY|0.01,kept,false,P2DEMO_sn_round_XAUUSD,[sl 4327.54]
2026-06-05 20:15:00,2026-06-05 20:16:32,round_number_retest_v0,PROVISIONAL,XAUUSD,BUY,0.01,4333.49,4326.99,4327.54,4342.54,CLOSED,-23.88,3836641,920401,3836641,3836682,3547102,3547138,2026-06-05 20:15|XAUUSD|BUY|0.01,duplicate,true,P2DEMO_round_XAUUSD,[sl 4327.54]
2026-06-05 19:30:01,2026-06-05 20:00:39,breakout_retest,ACCEPTED,EURUSD,SELL,0.01,1.15457,1.15309,1.15559,1.15309,CLOSED,5.43,3835522,920102,3835522,3836163,3546069,3546648,2026-06-05 19:30|EURUSD|SELL|0.01,kept,false,P2DEMO_br_EURUSD,[tp 1.15309]
2026-06-05 19:30:01,2026-06-05 20:00:39,swing_breakout_retest_v0,ACCEPTED,EURUSD,SELL,0.01,1.15457,1.15308,1.15558,1.15308,CLOSED,5.47,3835523,920202,3835523,3836164,3546070,3546649,2026-06-05 19:30|EURUSD|SELL|0.01,duplicate,true,P2DEMO_swing_br_EURUSD,[tp 1.15308]
2026-06-05 19:30:01,2026-06-05 20:00:39,symbol_normalized_round_retest_v0,ACCEPTED,EURUSD,SELL,0.01,1.15457,1.15308,1.15558,1.15308,CLOSED,5.47,3835524,920302,3835524,3836165,3546071,3546650,2026-06-05 19:30|EURUSD|SELL|0.01,duplicate,true,P2DEMO_sn_round_EURUSD,[tp 1.15308]
2026-06-05 19:15:01,2026-06-05 19:38:29,breakout_retest,ACCEPTED,XAUUSD,SELL,0.01,4352.71,4339.48,4361.09,4339.48,CLOSED,48.58,3835238,920101,3835238,3835688,3545812,3546228,2026-06-05 19:15|XAUUSD|SELL|0.01,unique,false,P2DEMO_br_XAUUSD,[tp 4339.48]
2026-06-05 18:55:01,2026-06-05 22:36:52,swing_breakout_retest_v0,ACCEPTED,USDJPY,BUY,0.01,160.27,160.17,160.18,160.40,CLOSED,-2.20,3834775,920203,3834775,3840460,3545413,3550347,2026-06-05 18:55|USDJPY|BUY|0.01,unique,false,P2DEMO_swing_br_USDJPY,[sl 160.180]
2026-06-05 18:50:01,2026-06-05 19:11:55,symbol_normalized_round_retest_v0,ACCEPTED,EURUSD,BUY,0.01,1.15569,1.15470,1.15471,1.15721,CLOSED,-3.64,3834101,920302,3834101,3835198,3544752,3545781,2026-06-05 18:50|EURUSD|BUY|0.01,unique,false,P2DEMO_sn_round_EURUSD,[sl 1.15471]
2026-06-05 18:40:02,2026-06-05 18:47:06,swing_breakout_retest_v0,ACCEPTED,USDJPY,BUY,0.01,160.24,160.20,160.20,160.31,CLOSED,-1.06,3833190,920203,3833190,3833665,3543867,3544323,2026-06-05 18:40|USDJPY|BUY|0.01,unique,false,P2DEMO_swing_br_USDJPY,[sl 160.196]
2026-06-05 18:15:00,2026-06-05 19:37:46,symbol_normalized_round_retest_v0,ACCEPTED,XAUUSD,SELL,0.01,4365.95,4343.85,4380.83,4343.85,CLOSED,81.14,3832630,920301,3832630,3835657,3543379,3546194,2026-06-05 18:15|XAUUSD|SELL|0.01,kept,false,P2DEMO_sn_round_XAUUSD,[tp 4343.85]
2026-06-05 18:15:00,2026-06-05 19:37:46,round_number_retest_v0,PROVISIONAL,XAUUSD,SELL,0.01,4365.95,4343.85,4380.83,4343.85,CLOSED,81.14,3832631,920401,3832631,3835659,3543380,3546196,2026-06-05 18:15|XAUUSD|SELL|0.01,duplicate,true,P2DEMO_round_XAUUSD,[tp 4343.85]
2026-06-05 17:55:00,,round_number_retest_v0,PROVISIONAL,USDJPY,BUY,0.01,160.12,,159.94,160.40,OPEN,3.76,3831980,920403,3831980,,3542777,,2026-06-05 17:55|USDJPY|BUY|0.01,duplicate,true,P2DEMO_round_USDJPY,
2026-06-05 17:55:00,,session_extreme_retest_v0,PROVISIONAL,USDJPY,BUY,0.01,160.12,,159.94,160.40,OPEN,3.76,3831981,920503,3831981,,3542778,,2026-06-05 17:55|USDJPY|BUY|0.01,kept,false,P2DEMO_sess_ext_USDJPY,
2026-06-05 17:55:00,2026-06-05 18:12:48,swing_breakout_retest_v0,ACCEPTED,EURUSD,SELL,0.01,1.15778,1.15629,1.15879,1.15629,CLOSED,5.47,3831982,920202,3831982,3832612,3542779,3543367,2026-06-05 17:55|EURUSD|SELL|0.01,unique,false,P2DEMO_swing_br_EURUSD,[tp 1.15629]
2026-06-05 17:30:00,2026-06-05 18:06:40,breakout_retest,ACCEPTED,EURUSD,SELL,0.01,1.15845,1.15692,1.15943,1.15692,CLOSED,5.62,3831239,920102,3831239,3832466,3542173,3543237,2026-06-05 17:30|EURUSD|SELL|0.01,unique,false,P2DEMO_br_EURUSD,[tp 1.15692]
2026-06-05 17:15:00,2026-06-05 17:45:22,round_number_retest_v0,PROVISIONAL,USDJPY,BUY,0.01,160.07,159.96,159.96,160.22,CLOSED,-2.55,3831004,920403,3831004,3831762,3541989,3542618,2026-06-05 17:15|USDJPY|BUY|0.01,duplicate,true,P2DEMO_round_USDJPY,[sl 159.964]
2026-06-05 17:15:00,2026-06-05 17:45:22,session_extreme_retest_v0,PROVISIONAL,USDJPY,BUY,0.01,160.07,159.96,159.96,160.22,CLOSED,-2.55,3831005,920503,3831005,3831763,3541990,3542619,2026-06-05 17:15|USDJPY|BUY|0.01,kept,false,P2DEMO_sess_ext_USDJPY,[sl 159.964]
2026-06-05 17:10:00,2026-06-05 17:37:02,symbol_normalized_round_retest_v0,ACCEPTED,XAUUSD,BUY,0.01,4416.07,4396.70,4396.78,4446.08,CLOSED,-71.17,3830926,920301,3830926,3831410,3541926,3542307,2026-06-05 17:10|XAUUSD|BUY|0.01,kept,false,P2DEMO_sn_round_XAUUSD,[sl 4396.78]
2026-06-05 17:10:00,2026-06-05 17:37:02,round_number_retest_v0,PROVISIONAL,XAUUSD,BUY,0.01,4416.07,4396.70,4396.78,4446.08,CLOSED,-71.17,3830927,920401,3830927,3831411,3541927,3542308,2026-06-05 17:10|XAUUSD|BUY|0.01,duplicate,true,P2DEMO_round_XAUUSD,[sl 4396.78]
2026-06-05 16:35:00,2026-06-05 16:53:39,breakout_retest,ACCEPTED,EURUSD,SELL,0.01,1.16142,1.15991,1.16241,1.15991,CLOSED,5.54,3829758,920102,3829758,3830323,3540807,3541340,2026-06-05 16:35|EURUSD|SELL|0.01,kept,false,P2DEMO_br_EURUSD,[tp 1.15991]
2026-06-05 16:35:00,2026-06-05 16:53:39,swing_breakout_retest_v0,ACCEPTED,EURUSD,SELL,0.01,1.16142,1.15991,1.16241,1.15991,CLOSED,5.54,3829759,920202,3829759,3830324,3540808,3541341,2026-06-05 16:35|EURUSD|SELL|0.01,duplicate,true,P2DEMO_swing_br_EURUSD,[tp 1.15991]
2026-06-05 16:30:00,2026-06-05 16:30:06,session_extreme_retest_v0,PROVISIONAL,USDJPY,SELL,0.01,159.87,160.05,160.04,159.59,CLOSED,-4.09,3829527,920503,3829527,3829579,3540570,3540623,2026-06-05 16:30|USDJPY|SELL|0.01,unique,false,P2DEMO_sess_ext_USDJPY,[sl 160.045]
2026-06-05 16:15:00,2026-06-05 16:20:22,swing_breakout_retest_v0,ACCEPTED,XAUUSD,BUY,0.01,4469.74,4475.23,4466.08,4475.23,CLOSED,20.16,3829249,920201,3829249,3829349,3540367,3540428,2026-06-05 16:15|XAUUSD|BUY|0.01,duplicate,true,P2DEMO_swing_br_XAUUSD,[tp 4475.23]
2026-06-05 16:15:00,2026-06-05 16:20:22,breakout_retest,ACCEPTED,XAUUSD,BUY,0.01,4469.74,4475.23,4466.08,4475.23,CLOSED,20.16,3829250,920101,3829250,3829350,3540368,3540429,2026-06-05 16:15|XAUUSD|BUY|0.01,kept,false,P2DEMO_br_XAUUSD,[tp 4475.23]
2026-06-05 16:00:00,2026-06-05 16:30:01,symbol_normalized_round_retest_v0,ACCEPTED,XAUUSD,SELL,0.01,4470.00,4456.85,4479.55,4456.85,CLOSED,48.29,3828981,920301,3828981,3829541,3540163,3540581,2026-06-05 16:00|XAUUSD|SELL|0.01,kept,false,P2DEMO_sn_round_XAUUSD,[tp 4456.85]
2026-06-05 16:00:00,2026-06-05 16:30:01,round_number_retest_v0,PROVISIONAL,XAUUSD,SELL,0.01,4470.00,4456.85,4479.55,4456.85,CLOSED,48.29,3828982,920401,3828982,3829543,3540164,3540583,2026-06-05 16:00|XAUUSD|SELL|0.01,duplicate,true,P2DEMO_round_XAUUSD,[tp 4456.85]
2026-06-05 13:15:01,2026-06-05 16:30:01,breakout_retest,ACCEPTED,EURUSD,BUY,0.01,1.16428,1.16304,1.16328,1.16578,CLOSED,-4.56,3826802,920102,3826802,3829531,3538577,3540573,2026-06-05 13:15|EURUSD|BUY|0.01,kept,false,P2DEMO_br_EURUSD,[sl 1.16328]
2026-06-05 13:15:01,2026-06-05 16:30:01,swing_breakout_retest_v0,ACCEPTED,EURUSD,BUY,0.01,1.16428,1.16304,1.16328,1.16578,CLOSED,-4.56,3826803,920202,3826803,3829532,3538578,3540575,2026-06-05 13:15|EURUSD|BUY|0.01,duplicate,true,P2DEMO_swing_br_EURUSD,[sl 1.16328]
2026-06-05 11:50:00,2026-06-05 15:51:53,round_number_retest_v0,PROVISIONAL,XAUUSD,BUY,0.01,4463.04,4473.50,4456.05,4473.50,CLOSED,38.40,3825444,920401,3825444,3828845,3537604,3540044,2026-06-05 11:50|XAUUSD|BUY|0.01,duplicate,true,P2DEMO_round_XAUUSD,[tp 4473.50]
2026-06-05 11:50:00,2026-06-05 15:51:53,symbol_normalized_round_retest_v0,ACCEPTED,XAUUSD,BUY,0.01,4463.04,4473.50,4456.05,4473.50,CLOSED,38.40,3825445,920301,3825445,3828846,3537605,3540045,2026-06-05 11:50|XAUUSD|BUY|0.01,kept,false,P2DEMO_sn_round_XAUUSD,[tp 4473.50]
2026-06-05 11:00:00,2026-06-05 12:06:13,breakout_retest,ACCEPTED,EURUSD,BUY,0.01,1.16224,1.16374,1.16124,1.16374,CLOSED,5.51,3824434,920102,3824434,3825747,3536632,3537830,2026-06-05 11:00|EURUSD|BUY|0.01,kept,false,P2DEMO_br_EURUSD,[tp 1.16374]
2026-06-05 11:00:00,2026-06-05 12:06:13,swing_breakout_retest_v0,ACCEPTED,EURUSD,BUY,0.01,1.16222,1.16374,1.16124,1.16374,CLOSED,5.58,3824435,920202,3824435,3825748,3536633,3537831,2026-06-05 11:00|EURUSD|BUY|0.01,duplicate,true,P2DEMO_swing_br_EURUSD,[tp 1.16374]
2026-06-05 10:25:00,2026-06-05 11:08:38,symbol_normalized_round_retest_v0,ACCEPTED,XAUUSD,BUY,0.01,4444.72,4458.08,4435.43,4458.08,CLOSED,49.06,3823971,920301,3823971,3824989,3536175,3537184,2026-06-05 10:25|XAUUSD|BUY|0.01,kept,false,P2DEMO_sn_round_XAUUSD,[tp 4458.08]
2026-06-05 10:25:00,2026-06-05 11:08:38,round_number_retest_v0,PROVISIONAL,XAUUSD,BUY,0.01,4444.72,4458.08,4435.43,4458.08,CLOSED,49.06,3823972,920401,3823972,3824990,3536176,3537185,2026-06-05 10:25|XAUUSD|BUY|0.01,duplicate,true,P2DEMO_round_XAUUSD,[tp 4458.08]
2026-06-05 10:05:00,2026-06-05 10:24:20,breakout_retest,ACCEPTED,XAUUSD,SELL,0.01,4437.17,4443.99,4444.05,4427.00,CLOSED,-25.06,3823694,920101,3823694,3823965,3535887,3536170,2026-06-05 10:05|XAUUSD|SELL|0.01,unique,false,P2DEMO_br_XAUUSD,[sl 4444.05]
2026-06-05 08:35:01,2026-06-05 08:40:24,breakout_retest,ACCEPTED,XAUUSD,SELL,0.01,4439.02,4443.97,4443.69,4432.07,CLOSED,-18.19,3822876,920101,3822876,3822919,3535063,3535107,2026-06-05 08:35|XAUUSD|SELL|0.01,kept,false,P2DEMO_br_XAUUSD,[sl 4443.69]
2026-06-05 08:35:01,2026-06-05 08:40:24,swing_breakout_retest_v0,ACCEPTED,XAUUSD,SELL,0.01,4439.02,4443.97,4443.69,4432.07,CLOSED,-18.19,3822877,920201,3822877,3822920,3535064,3535108,2026-06-05 08:35|XAUUSD|SELL|0.01,duplicate,true,P2DEMO_swing_br_XAUUSD,[sl 4443.69]
2026-06-05 08:10:01,2026-06-05 08:18:01,breakout_retest,ACCEPTED,XAUUSD,SELL,0.01,4440.43,4444.14,4444.28,4434.75,CLOSED,-13.63,3822697,920101,3822697,3822767,3534882,3534953,2026-06-05 08:10|XAUUSD|SELL|0.01,unique,false,P2DEMO_br_XAUUSD,[sl 4444.28]
2026-06-05 07:25:00,2026-06-05 07:57:04,breakout_retest,ACCEPTED,XAUUSD,SELL,0.01,4437.29,4443.65,4443.58,4427.76,CLOSED,-23.37,3822354,920101,3822354,3822553,3534553,3534739,2026-06-05 07:25|XAUUSD|SELL|0.01,kept,false,P2DEMO_br_XAUUSD,[sl 4443.58]
2026-06-05 07:25:00,2026-06-05 07:57:04,swing_breakout_retest_v0,ACCEPTED,XAUUSD,SELL,0.01,4437.29,4443.65,4443.58,4427.76,CLOSED,-23.37,3822355,920201,3822355,3822554,3534554,3534740,2026-06-05 07:25|XAUUSD|SELL|0.01,duplicate,true,P2DEMO_swing_br_XAUUSD,[sl 4443.58]
2026-06-05 06:35:00,2026-06-05 07:22:09,swing_breakout_retest_v0,ACCEPTED,XAUUSD,SELL,0.01,4444.71,4436.24,4450.35,4436.24,CLOSED,31.09,3821896,920201,3821896,3822324,3534113,3534524,2026-06-05 06:35|XAUUSD|SELL|0.01,duplicate,true,P2DEMO_swing_br_XAUUSD,[tp 4436.24]
2026-06-05 06:35:00,2026-06-05 07:22:09,breakout_retest,ACCEPTED,XAUUSD,SELL,0.01,4444.71,4436.24,4450.35,4436.24,CLOSED,31.09,3821897,920101,3821897,3822325,3534114,3534525,2026-06-05 06:35|XAUUSD|SELL|0.01,kept,false,P2DEMO_br_XAUUSD,[tp 4436.24]
2026-06-05 06:10:00,2026-06-05 10:15:01,round_number_retest_v0,PROVISIONAL,XAUUSD,SELL,0.01,4447.65,4433.84,4456.87,4433.84,CLOSED,50.70,3821443,920401,3821443,3823837,3533657,3536032,2026-06-05 06:10|XAUUSD|SELL|0.01,duplicate,true,P2DEMO_round_XAUUSD,[tp 4433.84]
2026-06-05 06:10:00,2026-06-05 10:15:01,symbol_normalized_round_retest_v0,ACCEPTED,XAUUSD,SELL,0.01,4447.65,4433.84,4456.87,4433.84,CLOSED,50.70,3821444,920301,3821444,3823838,3533658,3536033,2026-06-05 06:10|XAUUSD|SELL|0.01,kept,false,P2DEMO_sn_round_XAUUSD,[tp 4433.84]
2026-06-05 05:25:00,2026-06-05 06:01:35,breakout_retest,ACCEPTED,XAUUSD,SELL,0.01,4454.64,4442.73,4462.67,4442.73,CLOSED,43.73,3820690,920101,3820690,3821295,3532895,3533509,2026-06-05 05:25|XAUUSD|SELL|0.01,kept,false,P2DEMO_br_XAUUSD,[tp 4442.73]
2026-06-05 05:25:00,2026-06-05 06:01:35,swing_breakout_retest_v0,ACCEPTED,XAUUSD,SELL,0.01,4454.64,4442.73,4462.67,4442.73,CLOSED,43.73,3820691,920201,3820691,3821296,3532896,3533510,2026-06-05 05:25|XAUUSD|SELL|0.01,duplicate,true,P2DEMO_swing_br_XAUUSD,[tp 4442.73]
2026-06-05 04:45:00,2026-06-05 05:05:11,breakout_retest,ACCEPTED,XAUUSD,SELL,0.01,4462.77,4470.21,4469.77,4452.72,CLOSED,-27.33,3820243,920101,3820243,3820528,3532460,3532746,2026-06-05 04:45|XAUUSD|SELL|0.01,kept,false,P2DEMO_br_XAUUSD,[sl 4469.77]
2026-06-05 04:45:00,2026-06-05 05:05:11,swing_breakout_retest_v0,ACCEPTED,XAUUSD,SELL,0.01,4462.77,4470.21,4469.77,4452.72,CLOSED,-27.33,3820244,920201,3820244,3820529,3532461,3532747,2026-06-05 04:45|XAUUSD|SELL|0.01,duplicate,true,P2DEMO_swing_br_XAUUSD,[sl 4469.77]
2026-06-05 04:40:00,2026-06-05 04:59:31,symbol_normalized_round_retest_v0,ACCEPTED,XAUUSD,BUY,0.01,4464.71,4459.07,4459.08,4472.86,CLOSED,-20.72,3820210,920301,3820210,3820403,3532426,3532623,2026-06-05 04:40|XAUUSD|BUY|0.01,kept,false,P2DEMO_sn_round_XAUUSD,[sl 4459.08]
2026-06-05 04:40:00,2026-06-05 04:59:31,round_number_retest_v0,PROVISIONAL,XAUUSD,BUY,0.01,4464.71,4459.07,4459.08,4472.86,CLOSED,-20.72,3820211,920401,3820211,3820404,3532427,3532624,2026-06-05 04:40|XAUUSD|BUY|0.01,duplicate,true,P2DEMO_round_XAUUSD,[sl 4459.08]
2026-06-05 04:15:01,2026-06-05 04:35:13,breakout_retest,ACCEPTED,XAUUSD,SELL,0.01,4455.66,4462.09,4461.79,4447.49,CLOSED,-23.62,3819923,920101,3819923,3820142,3532137,3532358,2026-06-05 04:15|XAUUSD|SELL|0.01,kept,false,P2DEMO_br_XAUUSD,[sl 4461.79]
2026-06-05 04:15:01,2026-06-05 04:35:13,swing_breakout_retest_v0,ACCEPTED,XAUUSD,SELL,0.01,4455.66,4462.09,4461.79,4447.49,CLOSED,-23.62,3819924,920201,3819924,3820143,3532138,3532359,2026-06-05 04:15|XAUUSD|SELL|0.01,duplicate,true,P2DEMO_swing_br_XAUUSD,[sl 4461.79]
2026-06-05 04:10:01,2026-06-05 11:23:18,session_extreme_retest_v0,PROVISIONAL,EURUSD,BUY,0.01,1.16140,1.16290,1.16040,1.16290,CLOSED,5.51,3819810,920502,3819810,3825200,3532021,3537377,2026-06-05 04:10|EURUSD|BUY|0.01,unique,false,P2DEMO_sess_ext_EURUSD,[tp 1.16290]
2026-06-05 03:15:01,2026-06-05 03:45:25,breakout_retest,ACCEPTED,XAUUSD,SELL,0.01,4470.82,4461.02,4477.35,4461.02,CLOSED,35.98,3819139,920101,3819139,3819454,3531366,3531656,2026-06-05 03:15|XAUUSD|SELL|0.01,kept,false,P2DEMO_br_XAUUSD,[tp 4461.02]
2026-06-05 03:15:01,2026-06-05 03:45:25,swing_breakout_retest_v0,ACCEPTED,XAUUSD,SELL,0.01,4470.82,4461.02,4477.35,4461.02,CLOSED,35.98,3819140,920201,3819140,3819455,3531367,3531657,2026-06-05 03:15|XAUUSD|SELL|0.01,duplicate,true,P2DEMO_swing_br_XAUUSD,[tp 4461.02]
2026-06-05 02:50:01,2026-06-05 03:02:18,round_number_retest_v0,PROVISIONAL,XAUUSD,SELL,0.01,4473.53,4466.44,4478.23,4466.44,CLOSED,26.03,3818894,920401,3818894,3818977,3531117,3531205,2026-06-05 02:50|XAUUSD|SELL|0.01,duplicate,true,P2DEMO_round_XAUUSD,[tp 4466.44]
2026-06-05 02:50:01,2026-06-05 03:02:18,symbol_normalized_round_retest_v0,ACCEPTED,XAUUSD,SELL,0.01,4473.53,4466.44,4478.23,4466.44,CLOSED,26.03,3818895,920301,3818895,3818978,3531118,3531206,2026-06-05 02:50|XAUUSD|SELL|0.01,duplicate,true,P2DEMO_sn_round_XAUUSD,[tp 4466.44]
2026-06-05 02:50:01,2026-06-05 03:02:18,swing_breakout_retest_v0,ACCEPTED,XAUUSD,SELL,0.01,4473.53,4466.44,4478.23,4466.44,CLOSED,26.03,3818896,920201,3818896,3818979,3531119,3531207,2026-06-05 02:50|XAUUSD|SELL|0.01,duplicate,true,P2DEMO_swing_br_XAUUSD,[tp 4466.44]
2026-06-05 02:50:01,2026-06-05 03:02:18,breakout_retest,ACCEPTED,XAUUSD,SELL,0.01,4473.53,4466.44,4478.23,4466.44,CLOSED,26.03,3818897,920101,3818897,3818980,3531120,3531208,2026-06-05 02:50|XAUUSD|SELL|0.01,kept,false,P2DEMO_br_XAUUSD,[tp 4466.44]
2026-06-05 02:25:00,2026-06-05 02:44:59,session_extreme_retest_v0,PROVISIONAL,XAUUSD,BUY,0.01,4479.57,4475.05,4475.17,4486.18,CLOSED,-16.61,3818620,920501,3818620,3818854,3530858,3531084,2026-06-05 02:25|XAUUSD|BUY|0.01,unique,false,P2DEMO_sess_ext_XAUUSD,[sl 4475.17]
2026-06-05 02:20:00,2026-06-05 02:44:55,round_number_retest_v0,PROVISIONAL,XAUUSD,BUY,0.01,4478.36,4475.25,4475.36,4482.86,CLOSED,-11.43,3818580,920401,3818580,3818852,3530819,3531082,2026-06-05 02:20|XAUUSD|BUY|0.01,duplicate,true,P2DEMO_round_XAUUSD,[sl 4475.36]
2026-06-05 02:20:00,2026-06-05 02:44:55,symbol_normalized_round_retest_v0,ACCEPTED,XAUUSD,BUY,0.01,4478.36,4475.25,4475.36,4482.86,CLOSED,-11.43,3818581,920301,3818581,3818853,3530820,3531083,2026-06-05 02:20|XAUUSD|BUY|0.01,kept,false,P2DEMO_sn_round_XAUUSD,[sl 4475.36]
2026-06-05 01:25:15,2026-06-05 16:57:32,round_number_retest_v0,PROVISIONAL,USDJPY,SELL,0.01,159.99,160.17,160.17,159.72,CLOSED,-4.11,3818303,920403,3818303,3830446,3530562,3541471,2026-06-05 01:25|USDJPY|SELL|0.01,duplicate,true,P2DEMO_round_USDJPY,[sl 160.171]
2026-06-05 01:25:15,2026-06-05 16:57:32,swing_breakout_retest_v0,ACCEPTED,USDJPY,SELL,0.01,159.99,160.17,160.17,159.72,CLOSED,-4.11,3818304,920203,3818304,3830447,3530563,3541472,2026-06-05 01:25|USDJPY|SELL|0.01,kept,false,P2DEMO_swing_br_USDJPY,[sl 160.171]
2026-06-05 01:21:08,2026-06-05 10:46:41,breakout_retest,ACCEPTED,EURUSD,SELL,0.01,1.16106,1.16227,1.16226,1.15926,CLOSED,-4.45,3818301,920102,3818301,3824249,3530560,3536448,2026-06-05 01:21|EURUSD|SELL|0.01,kept,false,P2DEMO_br_EURUSD,[sl 1.16226]
2026-06-05 01:21:08,2026-06-05 10:46:41,swing_breakout_retest_v0,ACCEPTED,EURUSD,SELL,0.01,1.16106,1.16227,1.16226,1.15926,CLOSED,-4.45,3818302,920202,3818302,3824250,3530561,3536449,2026-06-05 01:21|EURUSD|SELL|0.01,duplicate,true,P2DEMO_swing_br_EURUSD,[sl 1.16226]
2026-06-05 01:15:37,2026-06-05 15:46:57,session_extreme_retest_v0,PROVISIONAL,USDJPY,BUY,0.01,160.05,159.87,159.87,160.32,CLOSED,-4.16,3818291,920503,3818291,3828656,3530548,3539881,2026-06-05 01:15|USDJPY|BUY|0.01,unique,false,P2DEMO_sess_ext_USDJPY,[sl 159.872]
2026-06-05 00:50:00,2026-06-05 02:00:01,swing_breakout_retest_v0,ACCEPTED,XAUUSD,SELL,0.01,4474.76,4475.88,4477.74,4470.24,CLOSED,-2.84,3818215,920201,3818215,3818356,3530467,3530620,2026-06-05 00:50|XAUUSD|SELL|0.01,duplicate,true,P2DEMO_swing_br_XAUUSD,[sl 4477.74]
2026-06-05 00:50:00,2026-06-05 02:00:01,breakout_retest,ACCEPTED,XAUUSD,SELL,0.01,4474.76,4475.88,4477.74,4470.24,CLOSED,-2.84,3818216,920101,3818216,3818358,3530468,3530624,2026-06-05 00:50|XAUUSD|SELL|0.01,kept,false,P2DEMO_br_XAUUSD,[sl 4477.74]
2026-06-05 00:40:00,2026-06-05 02:00:04,session_extreme_retest_v0,PROVISIONAL,XAUUSD,BUY,0.01,4476.72,4473.06,4473.74,4481.24,CLOSED,-16.08,3818027,920501,3818027,3818372,3530404,3530635,2026-06-05 00:40|XAUUSD|BUY|0.01,unique,false,P2DEMO_sess_ext_XAUUSD,[sl 4473.74]
2026-06-04 21:35:00,2026-06-04 21:42:33,session_extreme_retest_v0,PROVISIONAL,XAUUSD,BUY,0.01,4480.43,4476.20,4476.10,4486.88,CLOSED,-15.54,3816382,920501,3816382,3816432,3528930,3528982,2026-06-04 21:35|XAUUSD|BUY|0.01,unique,false,P2DEMO_sess_ext_XAUUSD,[sl 4476.10]
2026-06-04 21:30:01,2026-06-04 22:33:44,breakout_retest,ACCEPTED,XAUUSD,BUY,0.01,4477.57,4474.99,4474.75,4482.25,CLOSED,-9.48,3816318,920101,3816318,3816851,3528867,3529405,2026-06-04 21:30|XAUUSD|BUY|0.01,kept,false,P2DEMO_br_XAUUSD,[sl 4474.75]
2026-06-04 21:30:00,2026-06-04 22:34:31,swing_breakout_retest_v0,ACCEPTED,XAUUSD,BUY,0.01,4477.24,4474.14,4474.24,4481.74,CLOSED,-11.39,3816316,920201,3816316,3816857,3528865,3529411,2026-06-04 21:30|XAUUSD|BUY|0.01,duplicate,true,P2DEMO_swing_br_XAUUSD,[sl 4474.24]
2026-06-04 20:05:03,2026-06-04 23:10:50,breakout_retest,ACCEPTED,EURUSD,SELL,0.01,1.16272,1.16123,1.16373,1.16123,CLOSED,5.47,3815537,920102,3815537,3817173,3528095,3529718,2026-06-04 20:05|EURUSD|SELL|0.01,kept,false,P2DEMO_br_EURUSD,[tp 1.16123]
2026-06-04 20:05:02,2026-06-04 23:10:50,swing_breakout_retest_v0,ACCEPTED,EURUSD,SELL,0.01,1.16273,1.16123,1.16373,1.16123,CLOSED,5.51,3815536,920202,3815536,3817172,3528094,3529717,2026-06-04 20:05|EURUSD|SELL|0.01,duplicate,true,P2DEMO_swing_br_EURUSD,[tp 1.16123]
2026-06-04 18:10:01,2026-06-04 18:58:32,swing_breakout_retest_v0,ACCEPTED,USDJPY,BUY,0.01,159.92,159.99,159.88,159.99,CLOSED,1.47,3813272,920203,3813272,3814475,3525898,3527051,2026-06-04 18:10|USDJPY|BUY|0.01,unique,false,P2DEMO_swing_br_USDJPY,[tp 159.988]
2026-06-04 18:05:00,2026-06-04 18:30:19,breakout_retest,ACCEPTED,XAUUSD,SELL,0.01,4495.50,4482.83,4503.68,4482.83,CLOSED,46.52,3813119,920101,3813119,3813751,3525747,3526333,2026-06-04 18:05|XAUUSD|SELL|0.01,kept,false,P2DEMO_br_XAUUSD,[tp 4482.83]
2026-06-04 18:05:00,2026-06-04 18:30:19,swing_breakout_retest_v0,ACCEPTED,XAUUSD,SELL,0.01,4495.50,4482.78,4503.63,4482.78,CLOSED,46.71,3813120,920201,3813120,3813752,3525748,3526334,2026-06-04 18:05|XAUUSD|SELL|0.01,duplicate,true,P2DEMO_swing_br_XAUUSD,[tp 4482.78]
2026-06-04 16:30:01,2026-06-04 17:37:43,breakout_retest,ACCEPTED,XAUUSD,BUY,0.01,4500.77,4511.11,4491.74,4511.11,CLOSED,37.97,3811214,920101,3811214,3812308,3523796,3524925,2026-06-04 16:30|XAUUSD|BUY|0.01,unique,false,P2DEMO_br_XAUUSD,[tp 4511.11]
2026-06-04 15:45:01,2026-06-04 15:48:07,session_extreme_retest_v0,PROVISIONAL,XAUUSD,BUY,0.01,4491.86,4502.28,4485.15,4502.28,CLOSED,38.26,3810574,920501,3810574,3810647,3523162,3523237,2026-06-04 15:45|XAUUSD|BUY|0.01,unique,false,P2DEMO_sess_ext_XAUUSD,[tp 4502.28]
2026-06-04 15:40:01,2026-06-04 16:11:25,swing_breakout_retest_v0,ACCEPTED,USDJPY,SELL,0.01,159.81,159.86,159.85,159.74,CLOSED,-1.15,3810524,920203,3810524,3811020,3523114,3523605,2026-06-04 15:40|USDJPY|SELL|0.01,unique,false,P2DEMO_swing_br_USDJPY,[sl 159.854]
2026-06-04 15:25:01,2026-06-04 15:27:13,breakout_retest,ACCEPTED,XAUUSD,BUY,0.01,4479.23,4488.55,4472.78,4488.55,CLOSED,34.22,3810242,920101,3810242,3810312,3522836,3522909,2026-06-04 15:25|XAUUSD|BUY|0.01,kept,false,P2DEMO_br_XAUUSD,[tp 4488.55]
2026-06-04 15:25:01,2026-06-04 15:27:13,swing_breakout_retest_v0,ACCEPTED,XAUUSD,BUY,0.01,4479.43,4488.69,4472.92,4488.69,CLOSED,34.00,3810243,920201,3810243,3810313,3522837,3522910,2026-06-04 15:25|XAUUSD|BUY|0.01,duplicate,true,P2DEMO_swing_br_XAUUSD,[tp 4488.69]
2026-06-04 15:10:01,2026-06-04 19:06:32,breakout_retest,ACCEPTED,EURUSD,BUY,0.01,1.16356,1.16256,1.16256,1.16506,CLOSED,-3.67,3810056,920102,3810056,3814691,3522642,3527267,2026-06-04 15:10|EURUSD|BUY|0.01,kept,false,P2DEMO_br_EURUSD,[sl 1.16256]
2026-06-04 15:10:01,2026-06-04 19:06:32,swing_breakout_retest_v0,ACCEPTED,EURUSD,BUY,0.01,1.16357,1.16256,1.16256,1.16506,CLOSED,-3.71,3810057,920202,3810057,3814692,3522643,3527268,2026-06-04 15:10|EURUSD|BUY|0.01,duplicate,true,P2DEMO_swing_br_EURUSD,[sl 1.16256]
2026-06-04 12:10:03,2026-06-04 13:00:48,breakout_retest,ACCEPTED,EURUSD,SELL,0.01,1.16053,1.16153,1.16153,1.15903,CLOSED,-3.67,3808269,920102,3808269,3808724,3520880,3521305,2026-06-04 12:10|EURUSD|SELL|0.01,kept,false,P2DEMO_br_EURUSD,[sl 1.16153]
2026-06-04 12:10:03,2026-06-04 13:00:48,swing_breakout_retest_v0,ACCEPTED,EURUSD,SELL,0.01,1.16053,1.16153,1.16153,1.15903,CLOSED,-3.67,3808270,920202,3808270,3808725,3520881,3521306,2026-06-04 12:10|EURUSD|SELL|0.01,duplicate,true,P2DEMO_swing_br_EURUSD,[sl 1.16153]
2026-06-04 11:25:01,2026-06-04 13:52:03,round_number_retest_v0,PROVISIONAL,XAUUSD,SELL,0.01,4465.74,4474.05,4473.95,4453.35,CLOSED,-30.53,3807901,920401,3807901,3809160,3520548,3521737,2026-06-04 11:25|XAUUSD|SELL|0.01,duplicate,true,P2DEMO_round_XAUUSD,[sl 4473.95]
2026-06-04 11:25:00,2026-06-04 13:52:03,symbol_normalized_round_retest_v0,ACCEPTED,XAUUSD,SELL,0.01,4465.95,4474.21,4474.10,4453.50,CLOSED,-30.35,3807896,920301,3807896,3809161,3520543,3521739,2026-06-04 11:25|XAUUSD|SELL|0.01,kept,false,P2DEMO_sn_round_XAUUSD,[sl 4474.10]
2026-06-04 11:15:00,2026-06-04 11:19:07,round_number_retest_v0,PROVISIONAL,XAUUSD,SELL,0.01,4463.95,4470.93,4470.91,4453.45,CLOSED,-25.64,3807762,920401,3807762,3807822,3520423,3520474,2026-06-04 11:15|XAUUSD|SELL|0.01,duplicate,true,P2DEMO_round_XAUUSD,[sl 4470.91]
2026-06-04 11:15:00,2026-06-04 11:19:07,symbol_normalized_round_retest_v0,ACCEPTED,XAUUSD,SELL,0.01,4463.95,4470.93,4470.93,4453.47,CLOSED,-25.64,3807763,920301,3807763,3807823,3520424,3520475,2026-06-04 11:15|XAUUSD|SELL|0.01,kept,false,P2DEMO_sn_round_XAUUSD,[sl 4470.93]
2026-06-04 10:50:01,2026-06-04 11:13:32,round_number_retest_v0,PROVISIONAL,XAUUSD,SELL,0.01,4469.82,4463.14,4475.07,4463.14,CLOSED,24.53,3807613,920401,3807613,3807752,3520278,3520413,2026-06-04 10:50|XAUUSD|SELL|0.01,duplicate,true,P2DEMO_round_XAUUSD,[tp 4463.14]
2026-06-04 10:50:01,2026-06-04 11:13:39,symbol_normalized_round_retest_v0,ACCEPTED,XAUUSD,SELL,0.01,4469.50,4462.90,4474.83,4462.90,CLOSED,24.23,3807615,920301,3807615,3807754,3520280,3520415,2026-06-04 10:50|XAUUSD|SELL|0.01,kept,false,P2DEMO_sn_round_XAUUSD,[tp 4462.90]
2026-06-04 08:20:00,2026-06-04 10:47:22,round_number_retest_v0,PROVISIONAL,XAUUSD,BUY,0.01,4472.25,4464.14,4464.16,4484.33,CLOSED,-29.80,3806188,920401,3806188,3807576,3518892,3520241,2026-06-04 08:20|XAUUSD|BUY|0.01,duplicate,true,P2DEMO_round_XAUUSD,[sl 4464.16]
2026-06-04 08:20:00,2026-06-04 10:47:22,symbol_normalized_round_retest_v0,ACCEPTED,XAUUSD,BUY,0.01,4472.25,4464.14,4464.18,4484.35,CLOSED,-29.80,3806189,920301,3806189,3807577,3518893,3520242,2026-06-04 08:20|XAUUSD|BUY|0.01,kept,false,P2DEMO_sn_round_XAUUSD,[sl 4464.18]
2026-06-04 08:00:00,2026-06-04 08:19:36,round_number_retest_v0,PROVISIONAL,XAUUSD,BUY,0.01,4464.20,4472.09,4458.94,4472.09,CLOSED,28.97,3806077,920401,3806077,3806185,3518787,3518888,2026-06-04 08:00|XAUUSD|BUY|0.01,duplicate,true,P2DEMO_round_XAUUSD,[tp 4472.09]
2026-06-04 08:00:00,2026-06-04 08:19:36,symbol_normalized_round_retest_v0,ACCEPTED,XAUUSD,BUY,0.01,4464.20,4472.09,4458.94,4472.09,CLOSED,28.97,3806079,920301,3806079,3806186,3518789,3518889,2026-06-04 08:00|XAUUSD|BUY|0.01,kept,false,P2DEMO_sn_round_XAUUSD,[tp 4472.09]
2026-06-04 07:25:03,2026-06-04 10:35:46,breakout_retest,ACCEPTED,EURUSD,SELL,0.01,1.16039,1.16141,1.16141,1.15891,CLOSED,-3.75,3805846,920102,3805846,3807479,3518552,3520153,2026-06-04 07:25|EURUSD|SELL|0.01,kept,false,P2DEMO_br_EURUSD,[sl 1.16141]
2026-06-04 07:25:03,2026-06-04 10:35:41,swing_breakout_retest_v0,ACCEPTED,EURUSD,SELL,0.01,1.16039,1.16139,1.16138,1.15888,CLOSED,-3.67,3805847,920202,3805847,3807476,3518553,3520150,2026-06-04 07:25|EURUSD|SELL|0.01,duplicate,true,P2DEMO_swing_br_EURUSD,[sl 1.16138]
2026-06-04 06:50:00,2026-06-04 07:40:33,round_number_retest_v0,PROVISIONAL,XAUUSD,BUY,0.01,4470.85,4463.22,4463.26,4481.96,CLOSED,-28.03,3805529,920401,3805529,3805909,3518232,3518619,2026-06-04 06:50|XAUUSD|BUY|0.01,duplicate,true,P2DEMO_round_XAUUSD,[sl 4463.26]
2026-06-04 06:50:00,2026-06-04 07:40:33,symbol_normalized_round_retest_v0,ACCEPTED,XAUUSD,BUY,0.01,4470.75,4463.22,4463.32,4482.02,CLOSED,-27.67,3805530,920301,3805530,3805910,3518233,3518620,2026-06-04 06:50|XAUUSD|BUY|0.01,kept,false,P2DEMO_sn_round_XAUUSD,[sl 4463.32]
2026-06-04 06:30:00,2026-06-04 06:48:00,round_number_retest_v0,PROVISIONAL,XAUUSD,BUY,0.01,4461.14,4467.21,4456.96,4467.21,CLOSED,22.29,3805466,920401,3805466,3805506,3518166,3518207,2026-06-04 06:30|XAUUSD|BUY|0.01,duplicate,true,P2DEMO_round_XAUUSD,[tp 4467.21]
2026-06-04 06:30:00,2026-06-04 06:48:00,symbol_normalized_round_retest_v0,ACCEPTED,XAUUSD,BUY,0.01,4461.31,4467.29,4457.04,4467.29,CLOSED,21.96,3805467,920301,3805467,3805507,3518167,3518208,2026-06-04 06:30|XAUUSD|BUY|0.01,kept,false,P2DEMO_sn_round_XAUUSD,[tp 4467.29]
2026-06-04 06:00:00,2026-06-04 06:10:20,round_number_retest_v0,PROVISIONAL,XAUUSD,BUY,0.01,4466.67,4456.26,4456.14,4481.64,CLOSED,-38.25,3804968,920401,3804968,3805154,3517661,3517857,2026-06-04 06:00|XAUUSD|BUY|0.01,duplicate,true,P2DEMO_round_XAUUSD,[sl 4456.14]
2026-06-04 06:00:00,2026-06-04 06:10:15,symbol_normalized_round_retest_v0,ACCEPTED,XAUUSD,BUY,0.01,4466.61,4456.54,4456.65,4482.15,CLOSED,-37.00,3804973,920301,3804973,3805151,3517666,3517854,2026-06-04 06:00|XAUUSD|BUY|0.01,kept,false,P2DEMO_sn_round_XAUUSD,[sl 4456.65]
2026-06-04 05:45:00,2026-06-04 05:47:34,round_number_retest_v0,PROVISIONAL,XAUUSD,SELL,0.01,4459.11,4465.07,4465.07,4450.17,CLOSED,-21.90,3804765,920401,3804765,3804782,3517447,3517467,2026-06-04 05:45|XAUUSD|SELL|0.01,duplicate,true,P2DEMO_round_XAUUSD,[sl 4465.07]
2026-06-04 05:45:00,2026-06-04 05:47:34,symbol_normalized_round_retest_v0,ACCEPTED,XAUUSD,SELL,0.01,4459.11,4465.07,4465.07,4450.17,CLOSED,-21.90,3804767,920301,3804767,3804783,3517449,3517468,2026-06-04 05:45|XAUUSD|SELL|0.01,kept,false,P2DEMO_sn_round_XAUUSD,[sl 4465.07]
2026-06-04 05:25:01,2026-06-04 05:41:25,round_number_retest_v0,PROVISIONAL,XAUUSD,BUY,0.01,4470.56,4464.28,4464.28,4478.78,CLOSED,-23.08,3804687,920401,3804687,3804751,3517372,3517434,2026-06-04 05:25|XAUUSD|BUY|0.01,duplicate,true,P2DEMO_round_XAUUSD,[sl 4464.28]
2026-06-04 05:25:00,2026-06-04 05:41:25,symbol_normalized_round_retest_v0,ACCEPTED,XAUUSD,BUY,0.01,4469.89,4464.28,4464.22,4478.72,CLOSED,-20.61,3804685,920301,3804685,3804750,3517370,3517433,2026-06-04 05:25|XAUUSD|BUY|0.01,kept,false,P2DEMO_sn_round_XAUUSD,[sl 4464.22]
2026-06-04 05:10:01,2026-06-04 08:34:14,breakout_retest,ACCEPTED,XAUUSD,BUY,0.01,4459.95,4481.10,4445.50,4481.10,CLOSED,77.64,3804542,920101,3804542,3806333,3517227,3519035,2026-06-04 05:10|XAUUSD|BUY|0.01,kept,false,P2DEMO_br_XAUUSD,[tp 4481.10]
2026-06-04 05:10:01,2026-06-04 08:34:14,swing_breakout_retest_v0,ACCEPTED,XAUUSD,BUY,0.01,4459.91,4481.08,4445.48,4481.08,CLOSED,77.72,3804546,920201,3804546,3806334,3517231,3519036,2026-06-04 05:10|XAUUSD|BUY|0.01,duplicate,true,P2DEMO_swing_br_XAUUSD,[tp 4481.08]
2026-06-04 04:20:01,2026-06-04 04:22:02,breakout_retest,ACCEPTED,XAUUSD,BUY,0.01,4455.73,4450.36,4450.64,4463.14,CLOSED,-19.73,3804232,920101,3804232,3804245,3516919,3516929,2026-06-04 04:20|XAUUSD|BUY|0.01,kept,false,P2DEMO_br_XAUUSD,[sl 4450.64]
2026-06-04 04:20:01,2026-06-04 04:22:02,swing_breakout_retest_v0,ACCEPTED,XAUUSD,BUY,0.01,4455.68,4450.36,4450.64,4463.14,CLOSED,-19.55,3804233,920201,3804233,3804246,3516920,3516930,2026-06-04 04:20|XAUUSD|BUY|0.01,duplicate,true,P2DEMO_swing_br_XAUUSD,[sl 4450.64]
2026-06-04 04:15:01,2026-06-04 05:10:01,round_number_retest_v0,PROVISIONAL,XAUUSD,SELL,0.01,4453.37,4459.99,4460.26,4442.88,CLOSED,-24.33,3804203,920401,3804203,3804543,3516889,3517228,2026-06-04 04:15|XAUUSD|SELL|0.01,duplicate,true,P2DEMO_round_XAUUSD,[sl 4460.26]
2026-06-04 04:15:01,2026-06-04 05:10:01,session_extreme_retest_v0,PROVISIONAL,XAUUSD,SELL,0.01,4453.45,4459.99,4460.26,4442.88,CLOSED,-24.03,3804204,920501,3804204,3804544,3516890,3517230,2026-06-04 04:15|XAUUSD|SELL|0.01,duplicate,true,P2DEMO_sess_ext_XAUUSD,[sl 4460.26]
2026-06-04 04:15:01,2026-06-04 05:10:02,symbol_normalized_round_retest_v0,ACCEPTED,XAUUSD,SELL,0.01,4453.45,4460.71,4460.32,4442.94,CLOSED,-26.68,3804205,920301,3804205,3804547,3516891,3517232,2026-06-04 04:15|XAUUSD|SELL|0.01,kept,false,P2DEMO_sn_round_XAUUSD,[sl 4460.32]
2026-06-04 04:00:01,2026-06-04 04:00:29,round_number_retest_v0,PROVISIONAL,XAUUSD,SELL,0.01,4455.73,4460.82,4460.81,4450.16,CLOSED,-18.70,3804083,920401,3804083,3804103,3516775,3516794,2026-06-04 04:00|XAUUSD|SELL|0.01,duplicate,true,P2DEMO_round_XAUUSD,[sl 4460.81]
2026-06-04 04:00:01,2026-06-04 04:00:29,symbol_normalized_round_retest_v0,ACCEPTED,XAUUSD,SELL,0.01,4455.88,4460.82,4460.04,4449.39,CLOSED,-18.15,3804085,920301,3804085,3804102,3516777,3516793,2026-06-04 04:00|XAUUSD|SELL|0.01,kept,false,P2DEMO_sn_round_XAUUSD,[sl 4460.04]
2026-06-04 02:20:00,2026-06-04 02:27:26,breakout_retest,ACCEPTED,XAUUSD,SELL,0.01,4427.48,4435.12,4434.52,4417.57,CLOSED,-28.07,3803300,920101,3803300,3803340,3516004,3516048,2026-06-04 02:20|XAUUSD|SELL|0.01,kept,false,P2DEMO_br_XAUUSD,[sl 4434.52]
2026-06-04 02:20:00,2026-06-04 02:27:23,swing_breakout_retest_v0,ACCEPTED,XAUUSD,SELL,0.01,4427.48,4434.34,4434.37,4417.42,CLOSED,-25.20,3803301,920201,3803301,3803339,3516005,3516047,2026-06-04 02:20|XAUUSD|SELL|0.01,duplicate,true,P2DEMO_swing_br_XAUUSD,[sl 4434.37]
2026-06-04 02:05:00,2026-06-04 02:07:35,breakout_retest,ACCEPTED,XAUUSD,SELL,0.01,4432.15,4434.89,4435.00,4427.50,CLOSED,-10.07,3803215,920101,3803215,3803222,3515914,3515919,2026-06-04 02:05|XAUUSD|SELL|0.01,kept,false,P2DEMO_br_XAUUSD,[sl 4435.00]
2026-06-04 02:05:00,2026-06-04 02:08:09,swing_breakout_retest_v0,ACCEPTED,XAUUSD,SELL,0.01,4432.15,4435.30,4435.05,4427.55,CLOSED,-11.57,3803216,920201,3803216,3803223,3515915,3515920,2026-06-04 02:05|XAUUSD|SELL|0.01,duplicate,true,P2DEMO_swing_br_XAUUSD,[sl 4435.05]
2026-06-03 22:40:01,2026-06-03 22:59:08,session_extreme_retest_v0,PROVISIONAL,XAUUSD,SELL,0.01,4438.43,4442.57,4442.66,4432.03,CLOSED,-15.21,3801784,920501,3801784,3801814,3514685,3514724,2026-06-03 22:40|XAUUSD|SELL|0.01,unique,false,P2DEMO_sess_ext_XAUUSD,[sl 4442.66]
2026-06-03 21:55:01,2026-06-03 22:30:03,session_extreme_retest_v0,PROVISIONAL,XAUUSD,SELL,0.01,4437.97,4441.54,4441.47,4432.40,CLOSED,-13.12,3801572,920501,3801572,3801744,3514450,3514643,2026-06-03 21:55|XAUUSD|SELL|0.01,unique,false,P2DEMO_sess_ext_XAUUSD,[sl 4441.47]
2026-06-03 21:20:00,2026-06-04 02:56:43,session_extreme_retest_v0,PROVISIONAL,USDJPY,BUY,0.01,160.03,159.95,159.96,160.14,CLOSED,-1.60,3801322,920503,3801322,3803587,3514199,3516284,2026-06-03 21:20|USDJPY|BUY|0.01,kept,false,P2DEMO_sess_ext_USDJPY,[sl 159.961]
2026-06-03 21:20:00,2026-06-04 02:56:43,round_number_retest_v0,PROVISIONAL,USDJPY,BUY,0.01,160.03,159.95,159.96,160.14,CLOSED,-1.60,3801323,920403,3801323,3803588,3514200,3516285,2026-06-03 21:20|USDJPY|BUY|0.01,duplicate,true,P2DEMO_round_USDJPY,[sl 159.961]
2026-06-03 20:50:00,2026-06-03 20:57:45,session_extreme_retest_v0,PROVISIONAL,XAUUSD,SELL,0.01,4437.86,4442.25,4441.89,4431.54,CLOSED,-16.13,3801019,920501,3801019,3801062,3513910,3513953,2026-06-03 20:50|XAUUSD|SELL|0.01,unique,false,P2DEMO_sess_ext_XAUUSD,[sl 4441.89]
2026-06-03 20:15:02,2026-06-04 02:57:09,breakout_retest,ACCEPTED,EURUSD,SELL,0.01,1.15979,1.16080,1.16080,1.15830,CLOSED,-3.65,3800759,920102,3800759,3803616,3513640,3516313,2026-06-03 20:15|EURUSD|SELL|0.01,kept,false,P2DEMO_br_EURUSD,[sl 1.16080]
2026-06-03 20:15:01,2026-06-04 02:57:09,swing_breakout_retest_v0,ACCEPTED,EURUSD,SELL,0.01,1.15980,1.16080,1.16080,1.15830,CLOSED,-3.61,3800758,920202,3800758,3803615,3513639,3516312,2026-06-03 20:15|EURUSD|SELL|0.01,duplicate,true,P2DEMO_swing_br_EURUSD,[sl 1.16080]
2026-06-03 20:05:01,2026-06-04 02:57:19,session_extreme_retest_v0,PROVISIONAL,EURUSD,SELL,0.01,1.16012,1.16118,1.16113,1.15863,CLOSED,-3.83,3800655,920502,3800655,3803629,3513527,3516329,2026-06-03 20:05|EURUSD|SELL|0.01,unique,false,P2DEMO_sess_ext_EURUSD,[sl 1.16113]
2026-06-03 19:20:00,2026-06-04 00:33:07,breakout_retest,ACCEPTED,XAUUSD,SELL,0.01,4445.60,4433.94,4453.22,4433.94,CLOSED,42.82,3800000,920101,3800000,3802567,3512904,3515450,2026-06-03 19:20|XAUUSD|SELL|0.01,kept,false,P2DEMO_br_XAUUSD,[tp 4433.94]
2026-06-03 19:20:00,2026-06-04 00:33:07,swing_breakout_retest_v0,ACCEPTED,XAUUSD,SELL,0.01,4445.60,4434.02,4453.30,4434.02,CLOSED,42.52,3800001,920201,3800001,3802565,3512905,3515448,2026-06-03 19:20|XAUUSD|SELL|0.01,duplicate,true,P2DEMO_swing_br_XAUUSD,[tp 4434.02]
2026-06-03 19:10:00,2026-06-03 19:37:34,session_extreme_retest_v0,PROVISIONAL,XAUUSD,SELL,0.01,4448.99,4439.36,4455.44,4439.36,CLOSED,35.36,3799878,920501,3799878,3800236,3512802,3513131,2026-06-03 19:10|XAUUSD|SELL|0.01,unique,false,P2DEMO_sess_ext_XAUUSD,[tp 4439.36]
2026-06-03 18:20:01,2026-06-04 02:57:02,swing_breakout_retest_v0,ACCEPTED,USDJPY,BUY,0.01,159.99,159.89,159.90,160.11,CLOSED,-1.97,3799285,920203,3799285,3803604,3512257,3516301,2026-06-03 18:20|USDJPY|BUY|0.01,unique,false,P2DEMO_swing_br_USDJPY,[sl 159.896]
2026-06-03 18:20:00,2026-06-03 18:49:19,session_extreme_retest_v0,PROVISIONAL,XAUUSD,SELL,0.01,4447.84,4455.30,4455.02,4437.04,CLOSED,-27.41,3799276,920501,3799276,3799583,3512252,3512528,2026-06-03 18:20|XAUUSD|SELL|0.01,unique,false,P2DEMO_sess_ext_XAUUSD,[sl 4455.02]
2026-06-03 17:45:01,2026-06-03 18:59:49,session_extreme_retest_v0,PROVISIONAL,EURUSD,SELL,0.01,1.16026,1.16125,1.16128,1.15878,CLOSED,-3.64,3798338,920502,3798338,3799709,3511390,3512638,2026-06-03 17:45|EURUSD|SELL|0.01,unique,false,P2DEMO_sess_ext_EURUSD,[sl 1.16128]
2026-06-03 17:30:01,2026-06-03 17:44:31,swing_breakout_retest_v0,ACCEPTED,XAUUSD,SELL,0.01,4448.14,4430.73,4459.98,4430.73,CLOSED,63.92,3798039,920201,3798039,3798306,3511099,3511362,2026-06-03 17:30|XAUUSD|SELL|0.01,kept,false,P2DEMO_swing_br_XAUUSD,[tp 4430.73]
2026-06-03 17:30:01,2026-06-03 17:44:31,session_extreme_retest_v0,PROVISIONAL,XAUUSD,SELL,0.01,4448.08,4430.73,4459.98,4430.73,CLOSED,63.70,3798040,920501,3798040,3798307,3511100,3511363,2026-06-03 17:30|XAUUSD|SELL|0.01,duplicate,true,P2DEMO_sess_ext_XAUUSD,[tp 4430.73]
2026-06-03 17:25:01,2026-06-03 17:42:51,breakout_retest,ACCEPTED,XAUUSD,SELL,0.01,4449.79,4437.13,4458.40,4437.13,CLOSED,46.48,3797950,920101,3797950,3798258,3511020,3511314,2026-06-03 17:25|XAUUSD|SELL|0.01,unique,false,P2DEMO_br_XAUUSD,[tp 4437.13]
2026-06-03 17:05:01,2026-06-04 13:03:33,symbol_normalized_round_retest_v0,ACCEPTED,EURUSD,BUY,0.01,1.16023,1.16173,1.15923,1.16173,CLOSED,5.10,3797719,920302,3797719,3808738,3510803,3521320,2026-06-03 17:05|EURUSD|BUY|0.01,unique,false,P2DEMO_sn_round_EURUSD,[tp 1.16173]
2026-06-03 17:00:01,2026-06-03 17:24:18,breakout_retest,ACCEPTED,XAUUSD,SELL,0.01,4459.54,4448.74,4466.84,4448.74,CLOSED,39.65,3797624,920101,3797624,3797933,3510719,3511002,2026-06-03 17:00|XAUUSD|SELL|0.01,unique,false,P2DEMO_br_XAUUSD,[tp 4448.74]
2026-06-03 16:40:01,2026-06-03 16:41:16,session_extreme_retest_v0,PROVISIONAL,XAUUSD,SELL,0.01,4450.05,4456.39,4456.52,4440.40,CLOSED,-23.29,3797375,920501,3797375,3797395,3510481,3510501,2026-06-03 16:40|XAUUSD|SELL|0.01,unique,false,P2DEMO_sess_ext_XAUUSD,[sl 4456.52]
2026-06-03 16:30:00,2026-06-03 16:44:02,breakout_retest,ACCEPTED,XAUUSD,SELL,0.01,4453.24,4459.91,4459.80,4442.58,CLOSED,-24.51,3797251,920101,3797251,3797421,3510358,3510523,2026-06-03 16:30|XAUUSD|SELL|0.01,unique,false,P2DEMO_br_XAUUSD,[sl 4459.80]
2026-06-03 15:50:02,2026-06-03 16:20:00,breakout_retest,ACCEPTED,EURUSD,BUY,0.01,1.16207,1.16107,1.16108,1.16358,CLOSED,-3.67,3796764,920102,3796764,3797130,3509879,3510237,2026-06-03 15:50|EURUSD|BUY|0.01,kept,false,P2DEMO_br_EURUSD,[sl 1.16108]
2026-06-03 15:50:02,2026-06-03 16:20:00,swing_breakout_retest_v0,ACCEPTED,EURUSD,BUY,0.01,1.16207,1.16107,1.16108,1.16358,CLOSED,-3.67,3796766,920202,3796766,3797131,3509880,3510238,2026-06-03 15:50|EURUSD|BUY|0.01,duplicate,true,P2DEMO_swing_br_EURUSD,[sl 1.16108]
2026-06-03 15:20:00,2026-06-03 15:20:54,breakout_retest,ACCEPTED,XAUUSD,SELL,0.01,4460.87,4465.27,4464.78,4455.00,CLOSED,-16.17,3796571,920101,3796571,3796580,3509704,3509711,2026-06-03 15:20|XAUUSD|SELL|0.01,unique,false,P2DEMO_br_XAUUSD,[sl 4464.78]
2026-06-03 15:00:01,2026-06-03 15:45:09,session_extreme_retest_v0,PROVISIONAL,USDJPY,SELL,0.01,159.78,159.84,159.84,159.70,CLOSED,-1.24,3796441,920503,3796441,3796731,3509591,3509851,2026-06-03 15:00|USDJPY|SELL|0.01,unique,false,P2DEMO_sess_ext_USDJPY,[sl 159.839]
2026-06-03 14:40:00,2026-06-03 15:02:58,breakout_retest,ACCEPTED,XAUUSD,SELL,0.01,4458.71,4463.82,4463.82,4451.42,CLOSED,-18.78,3796311,920101,3796311,3796493,3509480,3509640,2026-06-03 14:40|XAUUSD|SELL|0.01,unique,false,P2DEMO_br_XAUUSD,[sl 4463.82]
2026-06-03 14:15:00,2026-06-03 16:38:14,session_extreme_retest_v0,PROVISIONAL,EURUSD,SELL,0.01,1.16152,1.16002,1.16252,1.16002,CLOSED,5.51,3796077,920502,3796077,3797364,3509258,3510466,2026-06-03 14:15|EURUSD|SELL|0.01,unique,false,P2DEMO_sess_ext_EURUSD,[tp 1.16002]
2026-06-03 14:05:01,2026-06-03 14:06:12,session_extreme_retest_v0,PROVISIONAL,USDJPY,SELL,0.01,159.76,159.69,159.81,159.69,CLOSED,1.72,3795860,920503,3795860,3795916,3509060,3509116,2026-06-03 14:05|USDJPY|SELL|0.01,unique,false,P2DEMO_sess_ext_USDJPY,[tp 159.685]
2026-06-03 13:25:00,2026-06-03 13:36:12,breakout_retest,ACCEPTED,XAUUSD,SELL,0.01,4447.47,4439.37,4452.97,4439.37,CLOSED,29.74,3795528,920101,3795528,3795650,3508755,3508875,2026-06-03 13:25|XAUUSD|SELL|0.01,kept,false,P2DEMO_br_XAUUSD,[tp 4439.37]
2026-06-03 13:25:00,2026-06-03 13:36:12,swing_breakout_retest_v0,ACCEPTED,XAUUSD,SELL,0.01,4447.49,4439.31,4452.91,4439.31,CLOSED,30.04,3795529,920201,3795529,3795651,3508756,3508876,2026-06-03 13:25|XAUUSD|SELL|0.01,duplicate,true,P2DEMO_swing_br_XAUUSD,[tp 4439.31]
2026-06-03 13:20:00,2026-06-03 13:29:57,session_extreme_retest_v0,PROVISIONAL,XAUUSD,SELL,0.01,4449.95,4440.45,4456.28,4440.45,CLOSED,34.88,3795493,920501,3795493,3795566,3508721,3508792,2026-06-03 13:20|XAUUSD|SELL|0.01,unique,false,P2DEMO_sess_ext_XAUUSD,[tp 4440.45]
2026-06-03 13:15:01,2026-06-03 14:05:53,breakout_retest,ACCEPTED,EURUSD,SELL,0.01,1.16116,1.16216,1.16216,1.15966,CLOSED,-3.67,3795452,920102,3795452,3795881,3508687,3509082,2026-06-03 13:15|EURUSD|SELL|0.01,kept,false,P2DEMO_br_EURUSD,[sl 1.16216]
2026-06-03 13:15:01,2026-06-03 14:05:53,swing_breakout_retest_v0,ACCEPTED,EURUSD,SELL,0.01,1.16116,1.16216,1.16216,1.15966,CLOSED,-3.67,3795453,920202,3795453,3795882,3508688,3509083,2026-06-03 13:15|EURUSD|SELL|0.01,duplicate,true,P2DEMO_swing_br_EURUSD,[sl 1.16216]
2026-06-03 13:05:01,2026-06-03 13:28:34,round_number_retest_v0,PROVISIONAL,XAUUSD,BUY,0.01,4452.43,4445.80,4445.81,4461.45,CLOSED,-24.36,3795331,920401,3795331,3795541,3508567,3508768,2026-06-03 13:05|XAUUSD|BUY|0.01,duplicate,true,P2DEMO_round_XAUUSD,[sl 4445.81]
2026-06-03 13:05:00,2026-06-03 13:29:05,symbol_normalized_round_retest_v0,ACCEPTED,XAUUSD,BUY,0.01,4451.49,4444.85,4445.17,4460.81,CLOSED,-24.40,3795327,920301,3795327,3795551,3508564,3508777,2026-06-03 13:05|XAUUSD|BUY|0.01,kept,false,P2DEMO_sn_round_XAUUSD,[sl 4445.17]
2026-06-03 12:55:01,2026-06-03 13:03:36,session_extreme_retest_v0,PROVISIONAL,XAUUSD,SELL,0.01,4444.59,4448.96,4449.04,4438.24,CLOSED,-16.06,3795216,920501,3795216,3795306,3508462,3508544,2026-06-03 12:55|XAUUSD|SELL|0.01,unique,false,P2DEMO_sess_ext_XAUUSD,[sl 4449.04]
2026-06-03 12:50:01,2026-06-03 13:29:29,session_extreme_retest_v0,PROVISIONAL,USDJPY,SELL,0.01,159.73,159.86,159.86,159.53,CLOSED,-3.06,3795132,920503,3795132,3795556,3508364,3508781,2026-06-03 12:50|USDJPY|SELL|0.01,unique,false,P2DEMO_sess_ext_USDJPY,[sl 159.862]
2026-06-03 12:50:00,2026-06-03 12:51:48,session_extreme_retest_v0,PROVISIONAL,XAUUSD,SELL,0.01,4454.05,4447.74,4458.14,4447.74,CLOSED,23.17,3795129,920501,3795129,3795161,3508361,3508404,2026-06-03 12:50|XAUUSD|SELL|0.01,unique,false,P2DEMO_sess_ext_XAUUSD,[tp 4447.74]
2026-06-03 12:40:01,,breakout_retest,ACCEPTED,USDJPY,BUY,0.01,159.72,,159.28,160.36,OPEN,13.10,3795082,920103,3795082,,3508315,,2026-06-03 12:40|USDJPY|BUY|0.01,kept,false,P2DEMO_br_USDJPY,
2026-06-03 12:40:01,,symbol_normalized_round_retest_v0,ACCEPTED,USDJPY,BUY,0.01,159.72,,159.28,160.36,OPEN,13.10,3795083,920303,3795083,,3508316,,2026-06-03 12:40|USDJPY|BUY|0.01,duplicate,true,P2DEMO_sn_round_USDJPY,
2026-06-03 12:20:01,2026-06-03 12:30:02,session_extreme_retest_v0,PROVISIONAL,XAUUSD,SELL,0.01,4453.73,4458.25,4458.07,4447.50,CLOSED,-16.61,3794920,920501,3794920,3795015,3508163,3508246,2026-06-03 12:20|XAUUSD|SELL|0.01,unique,false,P2DEMO_sess_ext_XAUUSD,[sl 4458.07]
2026-06-03 12:00:01,2026-06-03 12:04:00,round_number_retest_v0,PROVISIONAL,XAUUSD,SELL,0.01,4452.73,4458.85,4458.61,4443.91,CLOSED,-22.48,3794738,920401,3794738,3794794,3507995,3508049,2026-06-03 12:00|XAUUSD|SELL|0.01,duplicate,true,P2DEMO_round_XAUUSD,[sl 4458.61]
2026-06-03 12:00:01,2026-06-03 12:04:00,breakout_retest,ACCEPTED,XAUUSD,SELL,0.01,4452.73,4458.85,4458.61,4443.91,CLOSED,-22.48,3794739,920101,3794739,3794795,3507996,3508050,2026-06-03 12:00|XAUUSD|SELL|0.01,kept,false,P2DEMO_br_XAUUSD,[sl 4458.61]
2026-06-03 12:00:01,2026-06-03 12:04:00,symbol_normalized_round_retest_v0,ACCEPTED,XAUUSD,SELL,0.01,4452.73,4458.85,4458.61,4443.91,CLOSED,-22.48,3794741,920301,3794741,3794796,3507998,3508051,2026-06-03 12:00|XAUUSD|SELL|0.01,duplicate,true,P2DEMO_sn_round_XAUUSD,[sl 4458.61]
2026-06-03 11:50:01,2026-06-03 12:31:02,breakout_retest,ACCEPTED,USDJPY,BUY,0.01,159.68,159.53,159.53,159.90,CLOSED,-3.50,3794628,920103,3794628,3795026,3507900,3508256,2026-06-03 11:50|USDJPY|BUY|0.01,unique,false,P2DEMO_br_USDJPY,[sl 159.535]
2026-06-03 11:05:01,2026-06-03 11:26:48,symbol_normalized_round_retest_v0,ACCEPTED,XAUUSD,BUY,0.01,4465.18,4460.20,4460.21,4473.46,CLOSED,-18.30,3794179,920301,3794179,3794369,3507497,3507667,2026-06-03 11:05|XAUUSD|BUY|0.01,kept,false,P2DEMO_sn_round_XAUUSD,[sl 4460.21]
2026-06-03 11:05:00,2026-06-03 11:26:48,round_number_retest_v0,PROVISIONAL,XAUUSD,BUY,0.01,4465.14,4460.20,4460.29,4473.54,CLOSED,-18.15,3794178,920401,3794178,3794368,3507496,3507666,2026-06-03 11:05|XAUUSD|BUY|0.01,duplicate,true,P2DEMO_round_XAUUSD,[sl 4460.29]
2026-06-03 10:50:00,2026-06-03 11:03:03,breakout_retest,ACCEPTED,XAUUSD,SELL,0.01,4458.72,4464.95,4464.83,4449.51,CLOSED,-22.89,3794056,920101,3794056,3794157,3507393,3507478,2026-06-03 10:50|XAUUSD|SELL|0.01,unique,false,P2DEMO_br_XAUUSD,[sl 4464.83]
2026-06-03 10:25:00,2026-06-03 11:03:34,round_number_retest_v0,PROVISIONAL,XAUUSD,SELL,0.01,4459.96,4466.41,4465.91,4451.18,CLOSED,-23.70,3793833,920401,3793833,3794165,3507181,3507484,2026-06-03 10:25|XAUUSD|SELL|0.01,duplicate,true,P2DEMO_round_XAUUSD,[sl 4465.91]
2026-06-03 10:25:00,2026-06-03 11:03:34,symbol_normalized_round_retest_v0,ACCEPTED,XAUUSD,SELL,0.01,4459.98,4466.61,4465.85,4451.12,CLOSED,-24.36,3793835,920301,3793835,3794162,3507183,3507482,2026-06-03 10:25|XAUUSD|SELL|0.01,kept,false,P2DEMO_sn_round_XAUUSD,[sl 4465.85]
2026-06-03 09:40:00,2026-06-03 09:59:10,round_number_retest_v0,PROVISIONAL,XAUUSD,BUY,0.01,4467.30,4456.81,4456.82,4482.72,CLOSED,-38.54,3793379,920401,3793379,3793544,3506759,3506910,2026-06-03 09:40|XAUUSD|BUY|0.01,duplicate,true,P2DEMO_round_XAUUSD,[sl 4456.82]
2026-06-03 09:40:00,2026-06-03 09:59:10,symbol_normalized_round_retest_v0,ACCEPTED,XAUUSD,BUY,0.01,4467.27,4456.81,4456.86,4482.76,CLOSED,-38.43,3793380,920301,3793380,3793545,3506760,3506911,2026-06-03 09:40|XAUUSD|BUY|0.01,kept,false,P2DEMO_sn_round_XAUUSD,[sl 4456.86]
2026-06-03 09:30:01,2026-06-03 12:40:19,breakout_retest,ACCEPTED,EURUSD,SELL,0.01,1.16221,1.16071,1.16321,1.16071,CLOSED,5.51,3793239,920102,3793239,3795089,3506621,3508321,2026-06-03 09:30|EURUSD|SELL|0.01,kept,false,P2DEMO_br_EURUSD,[tp 1.16071]
2026-06-03 09:30:01,2026-06-03 12:40:19,swing_breakout_retest_v0,ACCEPTED,EURUSD,SELL,0.01,1.16220,1.16071,1.16321,1.16071,CLOSED,5.47,3793241,920202,3793241,3795090,3506623,3508322,2026-06-03 09:30|EURUSD|SELL|0.01,duplicate,true,P2DEMO_swing_br_EURUSD,[tp 1.16071]
2026-06-03 09:15:01,2026-06-03 09:24:53,round_number_retest_v0,PROVISIONAL,XAUUSD,BUY,0.01,4473.75,4468.62,4468.63,4481.08,CLOSED,-18.85,3793146,920401,3793146,3793196,3506537,3506581,2026-06-03 09:15|XAUUSD|BUY|0.01,duplicate,true,P2DEMO_round_XAUUSD,[sl 4468.63]
2026-06-03 09:15:00,2026-06-03 09:24:52,symbol_normalized_round_retest_v0,ACCEPTED,XAUUSD,BUY,0.01,4473.61,4468.71,4468.75,4481.20,CLOSED,-18.00,3793144,920301,3793144,3793195,3506536,3506580,2026-06-03 09:15|XAUUSD|BUY|0.01,kept,false,P2DEMO_sn_round_XAUUSD,[sl 4468.75]
2026-06-03 06:25:01,2026-06-03 08:39:24,round_number_retest_v0,PROVISIONAL,XAUUSD,BUY,0.01,4478.54,4470.89,4470.87,4489.55,CLOSED,-28.11,3792404,920401,3792404,3792928,3505851,3506333,2026-06-03 06:25|XAUUSD|BUY|0.01,duplicate,true,P2DEMO_round_XAUUSD,[sl 4470.87]
2026-06-03 06:25:01,2026-06-03 08:39:18,symbol_normalized_round_retest_v0,ACCEPTED,XAUUSD,BUY,0.01,4478.43,4471.20,4471.07,4489.75,CLOSED,-26.56,3792405,920301,3792405,3792925,3505852,3506330,2026-06-03 06:25|XAUUSD|BUY|0.01,kept,false,P2DEMO_sn_round_XAUUSD,[sl 4471.07]
2026-06-03 06:15:01,2026-06-03 06:19:21,round_number_retest_v0,PROVISIONAL,XAUUSD,BUY,0.01,4480.98,4474.34,4474.29,4490.90,CLOSED,-24.40,3792369,920401,3792369,3792385,3505824,3505838,2026-06-03 06:15|XAUUSD|BUY|0.01,duplicate,true,P2DEMO_round_XAUUSD,[sl 4474.29]
2026-06-03 06:15:01,2026-06-03 06:19:21,symbol_normalized_round_retest_v0,ACCEPTED,XAUUSD,BUY,0.01,4480.98,4474.34,4474.29,4490.90,CLOSED,-24.40,3792370,920301,3792370,3792386,3505825,3505839,2026-06-03 06:15|XAUUSD|BUY|0.01,kept,false,P2DEMO_sn_round_XAUUSD,[sl 4474.29]
2026-06-03 05:50:01,2026-06-03 09:27:14,swing_breakout_retest_v0,ACCEPTED,EURUSD,BUY,0.01,1.16336,1.16236,1.16236,1.16486,CLOSED,-3.67,3792262,920202,3792262,3793206,3505737,3506592,2026-06-03 05:50|EURUSD|BUY|0.01,duplicate,true,P2DEMO_swing_br_EURUSD,[sl 1.16236]
2026-06-03 05:50:00,2026-06-03 09:27:14,breakout_retest,ACCEPTED,EURUSD,BUY,0.01,1.16336,1.16236,1.16236,1.16486,CLOSED,-3.67,3792261,920102,3792261,3793205,3505736,3506591,2026-06-03 05:50|EURUSD|BUY|0.01,kept,false,P2DEMO_br_EURUSD,[sl 1.16236]
2026-06-03 05:15:00,2026-06-03 06:13:04,round_number_retest_v0,PROVISIONAL,XAUUSD,SELL,0.01,4471.00,4480.21,4480.11,4457.38,CLOSED,-33.84,3791960,920401,3791960,3792356,3505455,3505816,2026-06-03 05:15|XAUUSD|SELL|0.01,duplicate,true,P2DEMO_round_XAUUSD,[sl 4480.11]
2026-06-03 05:15:00,2026-06-03 06:13:04,symbol_normalized_round_retest_v0,ACCEPTED,XAUUSD,SELL,0.01,4471.24,4480.21,4480.09,4457.36,CLOSED,-32.96,3791961,920301,3791961,3792357,3505456,3505817,2026-06-03 05:15|XAUUSD|SELL|0.01,kept,false,P2DEMO_sn_round_XAUUSD,[sl 4480.09]
2026-06-03 05:05:00,2026-06-03 05:07:51,breakout_retest,ACCEPTED,XAUUSD,SELL,0.01,4473.81,4468.55,4477.97,4468.55,CLOSED,19.31,3791836,920101,3791836,3791875,3505342,3505381,2026-06-03 05:05|XAUUSD|SELL|0.01,kept,false,P2DEMO_br_XAUUSD,[tp 4468.55]
2026-06-03 05:05:00,2026-06-03 05:07:51,swing_breakout_retest_v0,ACCEPTED,XAUUSD,SELL,0.01,4473.91,4468.54,4477.96,4468.54,CLOSED,19.72,3791837,920201,3791837,3791876,3505343,3505382,2026-06-03 05:05|XAUUSD|SELL|0.01,duplicate,true,P2DEMO_swing_br_XAUUSD,[tp 4468.54]
2026-06-03 05:00:00,2026-06-03 05:01:24,round_number_retest_v0,PROVISIONAL,XAUUSD,SELL,0.01,4486.14,4479.51,4490.31,4479.51,CLOSED,24.34,3791721,920401,3791721,3791772,3505235,3505284,2026-06-03 05:00|XAUUSD|SELL|0.01,duplicate,true,P2DEMO_round_XAUUSD,[tp 4479.51]
2026-06-03 05:00:00,2026-06-03 05:01:22,symbol_normalized_round_retest_v0,ACCEPTED,XAUUSD,SELL,0.01,4486.17,4479.74,4490.54,4479.74,CLOSED,23.61,3791722,920301,3791722,3791770,3505236,3505282,2026-06-03 05:00|XAUUSD|SELL|0.01,kept,false,P2DEMO_sn_round_XAUUSD,[tp 4479.74]
2026-06-03 04:35:00,2026-06-03 04:40:41,round_number_retest_v0,PROVISIONAL,XAUUSD,BUY,0.01,4485.40,4493.22,4480.17,4493.22,CLOSED,28.71,3791514,920401,3791514,3791557,3505043,3505079,2026-06-03 04:35|XAUUSD|BUY|0.01,duplicate,true,P2DEMO_round_XAUUSD,[tp 4493.22]
2026-06-03 04:35:00,2026-06-03 04:40:41,symbol_normalized_round_retest_v0,ACCEPTED,XAUUSD,BUY,0.01,4485.47,4493.22,4480.17,4493.22,CLOSED,28.45,3791515,920301,3791515,3791558,3505044,3505080,2026-06-03 04:35|XAUUSD|BUY|0.01,kept,false,P2DEMO_sn_round_XAUUSD,[tp 4493.22]
2026-06-03 04:20:01,2026-06-03 04:29:40,round_number_retest_v0,PROVISIONAL,XAUUSD,BUY,0.01,4477.82,4483.02,4474.59,4483.02,CLOSED,19.09,3791408,920401,3791408,3791479,3504959,3505015,2026-06-03 04:20|XAUUSD|BUY|0.01,duplicate,true,P2DEMO_round_XAUUSD,[tp 4483.02]
2026-06-03 04:20:01,2026-06-03 04:28:57,symbol_normalized_round_retest_v0,ACCEPTED,XAUUSD,BUY,0.01,4477.81,4482.88,4474.45,4482.88,CLOSED,18.61,3791409,920301,3791409,3791478,3504960,3505014,2026-06-03 04:20|XAUUSD|BUY|0.01,kept,false,P2DEMO_sn_round_XAUUSD,[tp 4482.88]
2026-06-03 03:10:00,2026-06-03 03:19:31,breakout_retest,ACCEPTED,XAUUSD,SELL,0.01,4482.16,4472.18,4488.91,4472.18,CLOSED,36.64,3790262,920101,3790262,3790448,3503854,3504037,2026-06-03 03:10|XAUUSD|SELL|0.01,kept,false,P2DEMO_br_XAUUSD,[tp 4472.18]
2026-06-03 03:10:00,2026-06-03 03:19:31,swing_breakout_retest_v0,ACCEPTED,XAUUSD,SELL,0.01,4482.16,4472.12,4488.85,4472.12,CLOSED,36.86,3790264,920201,3790264,3790449,3503856,3504038,2026-06-03 03:10|XAUUSD|SELL|0.01,duplicate,true,P2DEMO_swing_br_XAUUSD,[tp 4472.12]
2026-06-03 02:20:02,2026-06-03 12:15:18,session_extreme_retest_v0,PROVISIONAL,EURUSD,SELL,0.01,1.16271,1.16121,1.16371,1.16121,CLOSED,5.51,3789861,920502,3789861,3794879,3503488,3508127,2026-06-03 02:20|EURUSD|SELL|0.01,unique,false,P2DEMO_sess_ext_EURUSD,[tp 1.16121]
2026-06-03 00:45:01,2026-06-03 03:31:26,breakout_retest,ACCEPTED,EURUSD,BUY,0.01,1.16319,1.16219,1.16219,1.16469,CLOSED,-4.09,3789410,920102,3789410,3790803,3503110,3504378,2026-06-03 00:45|EURUSD|BUY|0.01,kept,false,P2DEMO_br_EURUSD,[sl 1.16219]
2026-06-03 00:45:01,2026-06-03 03:31:26,swing_breakout_retest_v0,ACCEPTED,EURUSD,BUY,0.01,1.16319,1.16219,1.16219,1.16469,CLOSED,-4.09,3789411,920202,3789411,3790804,3503111,3504379,2026-06-03 00:45|EURUSD|BUY|0.01,duplicate,true,P2DEMO_swing_br_EURUSD,[sl 1.16219]
2026-06-02 20:25:01,2026-06-02 22:11:13,session_extreme_retest_v0,PROVISIONAL,EURUSD,SELL,0.01,1.16337,1.16188,1.16438,1.16188,CLOSED,5.47,3785596,920502,3785596,3787254,3499896,3501263,2026-06-02 20:25|EURUSD|SELL|0.01,unique,false,P2DEMO_sess_ext_EURUSD,[tp 1.16188]
2026-06-02 17:45:00,2026-06-02 20:39:46,breakout_retest,ACCEPTED,EURUSD,SELL,0.01,1.16440,1.16290,1.16540,1.16290,CLOSED,5.51,3781514,920102,3781514,3785849,3496152,3500114,2026-06-02 17:45|EURUSD|SELL|0.01,kept,false,P2DEMO_br_EURUSD,[tp 1.16290]
2026-06-02 17:45:00,2026-06-02 20:39:46,swing_breakout_retest_v0,ACCEPTED,EURUSD,SELL,0.01,1.16440,1.16290,1.16540,1.16290,CLOSED,5.51,3781515,920202,3781515,3785850,3496153,3500115,2026-06-02 17:45|EURUSD|SELL|0.01,duplicate,true,P2DEMO_swing_br_EURUSD,[tp 1.16290]
2026-06-02 17:15:00,2026-06-02 18:17:50,breakout_retest,ACCEPTED,XAUUSD,SELL,0.01,4513.87,4495.97,4525.84,4495.97,CLOSED,65.72,3780511,920101,3780511,3782813,3495183,3497389,2026-06-02 17:15|XAUUSD|SELL|0.01,kept,false,P2DEMO_br_XAUUSD,[tp 4495.97]
2026-06-02 17:15:00,2026-06-02 18:17:50,swing_breakout_retest_v0,ACCEPTED,XAUUSD,SELL,0.01,4513.88,4495.95,4525.82,4495.95,CLOSED,65.83,3780514,920201,3780514,3782814,3495186,3497390,2026-06-02 17:15|XAUUSD|SELL|0.01,duplicate,true,P2DEMO_swing_br_XAUUSD,[tp 4495.95]
2026-06-02 15:30:00,2026-06-02 15:36:50,session_extreme_retest_v0,PROVISIONAL,XAUUSD,BUY,0.01,4530.57,4527.71,4527.71,4535.21,CLOSED,-10.51,3778847,920501,3778847,3778957,3493610,3493717,2026-06-02 15:30|XAUUSD|BUY|0.01,unique,false,P2DEMO_sess_ext_XAUUSD,[sl 4527.71]
2026-06-02 14:50:01,2026-06-02 15:15:37,session_extreme_retest_v0,PROVISIONAL,XAUUSD,BUY,0.01,4530.95,4527.95,4527.95,4535.45,CLOSED,-11.02,3778440,920501,3778440,3778726,3493227,3493490,2026-06-02 14:50|XAUUSD|BUY|0.01,unique,false,P2DEMO_sess_ext_XAUUSD,[sl 4527.95]
2026-06-02 14:10:01,2026-06-02 14:21:49,session_extreme_retest_v0,PROVISIONAL,XAUUSD,BUY,0.01,4529.70,4525.78,4526.14,4535.04,CLOSED,-14.40,3778086,920501,3778086,3778165,3492903,3492981,2026-06-02 14:10|XAUUSD|BUY|0.01,unique,false,P2DEMO_sess_ext_XAUUSD,[sl 4526.14]
2026-06-02 13:35:01,2026-06-02 13:51:59,swing_breakout_retest_v0,ACCEPTED,XAUUSD,SELL,0.01,4525.04,4530.48,4530.37,4517.68,CLOSED,-19.99,3777321,920201,3777321,3777686,3492180,3492519,2026-06-02 13:35|XAUUSD|SELL|0.01,duplicate,true,P2DEMO_swing_br_XAUUSD,[sl 4530.37]
2026-06-02 13:35:00,2026-06-02 13:51:59,breakout_retest,ACCEPTED,XAUUSD,SELL,0.01,4525.29,4530.48,4530.37,4517.68,CLOSED,-19.07,3777320,920101,3777320,3777685,3492179,3492518,2026-06-02 13:35|XAUUSD|SELL|0.01,kept,false,P2DEMO_br_XAUUSD,[sl 4530.37]
2026-06-02 13:15:01,2026-06-02 13:21:49,session_extreme_retest_v0,PROVISIONAL,XAUUSD,BUY,0.01,4534.30,4530.36,4530.41,4540.03,CLOSED,-14.48,3777144,920501,3777144,3777203,3492011,3492065,2026-06-02 13:15|XAUUSD|BUY|0.01,unique,false,P2DEMO_sess_ext_XAUUSD,[sl 4530.41]
2026-06-02 13:10:01,2026-06-02 20:21:34,session_extreme_retest_v0,PROVISIONAL,EURUSD,BUY,0.01,1.16422,1.16322,1.16322,1.16572,CLOSED,-3.67,3777095,920502,3777095,3785545,3491972,3499843,2026-06-02 13:10|EURUSD|BUY|0.01,unique,false,P2DEMO_sess_ext_EURUSD,[sl 1.16322]
2026-06-02 13:05:00,2026-06-02 15:47:06,breakout_retest,ACCEPTED,EURUSD,SELL,0.01,1.16411,1.16509,1.16511,1.16261,CLOSED,-3.60,3777053,920102,3777053,3779052,3491939,3493801,2026-06-02 13:05|EURUSD|SELL|0.01,kept,false,P2DEMO_br_EURUSD,[sl 1.16511]
2026-06-02 13:05:00,2026-06-02 15:43:40,swing_breakout_retest_v0,ACCEPTED,EURUSD,SELL,0.01,1.16411,1.16510,1.16510,1.16260,CLOSED,-3.64,3777054,920202,3777054,3779025,3491940,3493774,2026-06-02 13:05|EURUSD|SELL|0.01,duplicate,true,P2DEMO_swing_br_EURUSD,[sl 1.16510]
2026-06-02 12:50:00,2026-06-02 12:56:55,session_extreme_retest_v0,PROVISIONAL,XAUUSD,BUY,0.01,4529.73,4526.61,4526.98,4534.48,CLOSED,-11.46,3776706,920501,3776706,3776962,3491598,3491850,2026-06-02 12:50|XAUUSD|BUY|0.01,unique,false,P2DEMO_sess_ext_XAUUSD,[sl 4526.98]
2026-06-02 12:35:00,2026-06-02 12:48:52,round_number_retest_v0,PROVISIONAL,XAUUSD,BUY,0.01,4532.34,4527.40,4527.43,4539.75,CLOSED,-18.15,3776263,920401,3776263,3776690,3491176,3491589,2026-06-02 12:35|XAUUSD|BUY|0.01,duplicate,true,P2DEMO_round_XAUUSD,[sl 4527.43]
2026-06-02 12:35:00,2026-06-02 12:48:52,symbol_normalized_round_retest_v0,ACCEPTED,XAUUSD,BUY,0.01,4532.34,4527.40,4527.43,4539.75,CLOSED,-18.15,3776264,920301,3776264,3776691,3491177,3491590,2026-06-02 12:35|XAUUSD|BUY|0.01,kept,false,P2DEMO_sn_round_XAUUSD,[sl 4527.43]
2026-06-02 12:15:03,2026-06-02 16:21:27,breakout_retest,ACCEPTED,USDJPY,BUY,0.01,159.70,159.76,159.66,159.76,CLOSED,1.47,3776056,920103,3776056,3779310,3490987,3494039,2026-06-02 12:15|USDJPY|BUY|0.01,unique,false,P2DEMO_br_USDJPY,[tp 159.764]
2026-06-02 12:00:00,2026-06-02 12:23:12,round_number_retest_v0,PROVISIONAL,XAUUSD,BUY,0.01,4535.64,4529.95,4531.14,4542.57,CLOSED,-20.91,3775798,920401,3775798,3776113,3490740,3491037,2026-06-02 12:00|XAUUSD|BUY|0.01,duplicate,true,P2DEMO_round_XAUUSD,[sl 4531.14]
2026-06-02 12:00:00,2026-06-02 12:23:12,breakout_retest,ACCEPTED,XAUUSD,BUY,0.01,4535.64,4529.95,4530.94,4542.37,CLOSED,-20.91,3775799,920101,3775799,3776118,3490741,3491041,2026-06-02 12:00|XAUUSD|BUY|0.01,kept,false,P2DEMO_br_XAUUSD,[sl 4530.94]
2026-06-02 12:00:00,2026-06-02 12:23:12,swing_breakout_retest_v0,ACCEPTED,XAUUSD,BUY,0.01,4535.57,4529.95,4531.14,4542.57,CLOSED,-20.65,3775803,920201,3775803,3776114,3490745,3491038,2026-06-02 12:00|XAUUSD|BUY|0.01,duplicate,true,P2DEMO_swing_br_XAUUSD,[sl 4531.14]
2026-06-02 12:00:00,2026-06-02 12:23:12,symbol_normalized_round_retest_v0,ACCEPTED,XAUUSD,BUY,0.01,4535.57,4529.95,4531.14,4542.57,CLOSED,-20.65,3775804,920301,3775804,3776115,3490746,3491039,2026-06-02 12:00|XAUUSD|BUY|0.01,duplicate,true,P2DEMO_sn_round_XAUUSD,[sl 4531.14]
2026-06-02 12:00:00,2026-06-02 12:23:12,session_extreme_retest_v0,PROVISIONAL,XAUUSD,BUY,0.01,4535.57,4529.95,4531.14,4542.57,CLOSED,-20.65,3775805,920501,3775805,3776116,3490748,3491040,2026-06-02 12:00|XAUUSD|BUY|0.01,duplicate,true,P2DEMO_sess_ext_XAUUSD,[sl 4531.14]
2026-06-02 11:20:01,2026-06-02 11:30:40,round_number_retest_v0,PROVISIONAL,XAUUSD,SELL,0.01,4538.78,4532.66,4542.86,4532.66,CLOSED,22.47,3775423,920401,3775423,3775524,3490407,3490497,2026-06-02 11:20|XAUUSD|SELL|0.01,duplicate,true,P2DEMO_round_XAUUSD,[tp 4532.66]
2026-06-02 11:20:01,2026-06-02 11:30:40,symbol_normalized_round_retest_v0,ACCEPTED,XAUUSD,SELL,0.01,4538.76,4532.66,4542.86,4532.66,CLOSED,22.40,3775424,920301,3775424,3775525,3490408,3490498,2026-06-02 11:20|XAUUSD|SELL|0.01,kept,false,P2DEMO_sn_round_XAUUSD,[tp 4532.66]
2026-06-02 10:55:00,2026-06-02 20:21:17,symbol_normalized_round_retest_v0,ACCEPTED,EURUSD,SELL,0.01,1.16490,1.16340,1.16590,1.16340,CLOSED,5.51,3775152,920302,3775152,3785519,3490198,3499817,2026-06-02 10:55|EURUSD|SELL|0.01,unique,false,P2DEMO_sn_round_EURUSD,[tp 1.16340]
2026-06-02 09:50:01,2026-06-02 10:21:22,round_number_retest_v0,PROVISIONAL,XAUUSD,SELL,0.01,4522.97,4527.57,4527.50,4516.12,CLOSED,-16.90,3774511,920401,3774511,3774797,3489642,3489918,2026-06-02 09:50|XAUUSD|SELL|0.01,duplicate,true,P2DEMO_round_XAUUSD,[sl 4527.50]
2026-06-02 09:50:01,2026-06-02 10:21:22,symbol_normalized_round_retest_v0,ACCEPTED,XAUUSD,SELL,0.01,4522.97,4527.57,4527.50,4516.12,CLOSED,-16.90,3774512,920301,3774512,3774798,3489643,3489919,2026-06-02 09:50|XAUUSD|SELL|0.01,kept,false,P2DEMO_sn_round_XAUUSD,[sl 4527.50]
2026-06-02 08:25:01,2026-06-02 08:46:41,symbol_normalized_round_retest_v0,ACCEPTED,XAUUSD,SELL,0.01,4505.66,4512.41,4512.14,4495.82,CLOSED,-24.80,3773884,920301,3773884,3774012,3489046,3489165,2026-06-02 08:25|XAUUSD|SELL|0.01,kept,false,P2DEMO_sn_round_XAUUSD,[sl 4512.14]
2026-06-02 08:25:00,2026-06-02 08:46:41,round_number_retest_v0,PROVISIONAL,XAUUSD,SELL,0.01,4505.61,4512.41,4512.14,4495.82,CLOSED,-24.99,3773883,920401,3773883,3774011,3489045,3489164,2026-06-02 08:25|XAUUSD|SELL|0.01,duplicate,true,P2DEMO_round_XAUUSD,[sl 4512.14]
2026-06-02 07:15:00,2026-06-02 07:28:25,breakout_retest,ACCEPTED,XAUUSD,BUY,0.01,4488.75,4495.13,4484.31,4495.13,CLOSED,23.42,3773369,920101,3773369,3773467,3488543,3488642,2026-06-02 07:15|XAUUSD|BUY|0.01,kept,false,P2DEMO_br_XAUUSD,[tp 4495.13]
2026-06-02 07:15:00,2026-06-02 07:28:26,swing_breakout_retest_v0,ACCEPTED,XAUUSD,BUY,0.01,4488.75,4495.26,4484.44,4495.26,CLOSED,23.90,3773371,920201,3773371,3773468,3488545,3488643,2026-06-02 07:15|XAUUSD|BUY|0.01,duplicate,true,P2DEMO_swing_br_XAUUSD,[tp 4495.26]
2026-06-02 07:00:00,2026-06-02 07:29:08,round_number_retest_v0,PROVISIONAL,XAUUSD,BUY,0.01,4486.40,4496.00,4480.17,4496.00,CLOSED,35.24,3773262,920401,3773262,3773475,3488439,3488651,2026-06-02 07:00|XAUUSD|BUY|0.01,duplicate,true,P2DEMO_round_XAUUSD,[tp 4496.00]
2026-06-02 07:00:00,2026-06-02 07:28:29,symbol_normalized_round_retest_v0,ACCEPTED,XAUUSD,BUY,0.01,4486.40,4495.78,4479.95,4495.78,CLOSED,34.43,3773263,920301,3773263,3773471,3488440,3488646,2026-06-02 07:00|XAUUSD|BUY|0.01,kept,false,P2DEMO_sn_round_XAUUSD,[tp 4495.78]
2026-06-02 06:45:00,2026-06-02 06:56:11,round_number_retest_v0,PROVISIONAL,XAUUSD,SELL,0.01,4476.93,4482.86,4482.56,4468.39,CLOSED,-21.79,3773088,920401,3773088,3773201,3488271,3488381,2026-06-02 06:45|XAUUSD|SELL|0.01,duplicate,true,P2DEMO_round_XAUUSD,[sl 4482.56]
2026-06-02 06:45:00,2026-06-02 06:56:11,symbol_normalized_round_retest_v0,ACCEPTED,XAUUSD,SELL,0.01,4476.95,4482.96,4482.42,4468.25,CLOSED,-22.08,3773090,920301,3773090,3773200,3488273,3488380,2026-06-02 06:45|XAUUSD|SELL|0.01,kept,false,P2DEMO_sn_round_XAUUSD,[sl 4482.42]
2026-06-02 06:25:01,2026-06-02 06:33:17,round_number_retest_v0,PROVISIONAL,XAUUSD,BUY,0.01,4484.08,4480.02,4480.05,4490.14,CLOSED,-14.92,3772957,920401,3772957,3773013,3488158,3488210,2026-06-02 06:25|XAUUSD|BUY|0.01,duplicate,true,P2DEMO_round_XAUUSD,[sl 4480.05]
2026-06-02 06:25:00,2026-06-02 06:33:11,symbol_normalized_round_retest_v0,ACCEPTED,XAUUSD,BUY,0.01,4483.97,4480.36,4480.24,4490.33,CLOSED,-13.26,3772956,920301,3772956,3773012,3488157,3488209,2026-06-02 06:25|XAUUSD|BUY|0.01,kept,false,P2DEMO_sn_round_XAUUSD,[sl 4480.24]
2026-06-02 05:55:00,2026-06-02 06:23:58,round_number_retest_v0,PROVISIONAL,XAUUSD,SELL,0.01,4473.38,4484.50,4484.78,4456.28,CLOSED,-40.86,3772509,920401,3772509,3772934,3487735,3488135,2026-06-02 05:55|XAUUSD|SELL|0.01,duplicate,true,P2DEMO_round_XAUUSD,[sl 4484.78]
2026-06-02 05:55:00,2026-06-02 06:23:58,symbol_normalized_round_retest_v0,ACCEPTED,XAUUSD,SELL,0.01,4472.98,4484.50,4484.82,4456.32,CLOSED,-42.33,3772510,920301,3772510,3772935,3487736,3488136,2026-06-02 05:55|XAUUSD|SELL|0.01,kept,false,P2DEMO_sn_round_XAUUSD,[sl 4484.82]
2026-06-02 05:45:00,2026-06-02 05:51:45,session_extreme_retest_v0,PROVISIONAL,XAUUSD,SELL,0.01,4479.51,4465.84,4488.60,4465.84,CLOSED,50.19,3772325,920501,3772325,3772458,3487564,3487691,2026-06-02 05:45|XAUUSD|SELL|0.01,unique,false,P2DEMO_sess_ext_XAUUSD,[tp 4465.84]
2026-06-02 05:40:00,2026-06-02 05:43:25,session_extreme_retest_v0,PROVISIONAL,XAUUSD,SELL,0.01,4481.03,4485.43,4485.37,4474.79,CLOSED,-16.17,3772294,920501,3772294,3772318,3487535,3487556,2026-06-02 05:40|XAUUSD|SELL|0.01,unique,false,P2DEMO_sess_ext_XAUUSD,[sl 4485.37]
2026-06-02 05:25:00,2026-06-02 05:29:17,session_extreme_retest_v0,PROVISIONAL,XAUUSD,SELL,0.01,4483.03,4492.70,4492.16,4469.43,CLOSED,-35.53,3772002,920501,3772002,3772174,3487257,3487427,2026-06-02 05:25|XAUUSD|SELL|0.01,unique,false,P2DEMO_sess_ext_XAUUSD,[sl 4492.16]
2026-06-02 05:20:00,2026-06-02 05:51:45,round_number_retest_v0,PROVISIONAL,XAUUSD,SELL,0.01,4485.61,4465.42,4499.70,4465.42,CLOSED,74.12,3771959,920401,3771959,3772461,3487223,3487694,2026-06-02 05:20|XAUUSD|SELL|0.01,duplicate,true,P2DEMO_round_XAUUSD,[tp 4465.42]
2026-06-02 05:20:00,2026-06-02 05:51:45,symbol_normalized_round_retest_v0,ACCEPTED,XAUUSD,SELL,0.01,4485.50,4465.13,4499.41,4465.13,CLOSED,74.78,3771961,920301,3771961,3772463,3487225,3487696,2026-06-02 05:20|XAUUSD|SELL|0.01,kept,false,P2DEMO_sn_round_XAUUSD,[tp 4465.13]
2026-06-02 04:50:00,2026-06-02 05:03:32,session_extreme_retest_v0,PROVISIONAL,XAUUSD,SELL,0.01,4481.26,4486.36,4486.11,4473.94,CLOSED,-18.74,3771345,920501,3771345,3771664,3486625,3486939,2026-06-02 04:50|XAUUSD|SELL|0.01,unique,false,P2DEMO_sess_ext_XAUUSD,[sl 4486.11]
2026-06-02 04:40:01,2026-06-02 05:01:19,round_number_retest_v0,PROVISIONAL,XAUUSD,SELL,0.01,4488.52,4475.98,4497.16,4475.98,CLOSED,46.05,3771243,920401,3771243,3771527,3486531,3486804,2026-06-02 04:40|XAUUSD|SELL|0.01,duplicate,true,P2DEMO_round_XAUUSD,[tp 4475.98]
2026-06-02 04:40:01,2026-06-02 05:01:19,symbol_normalized_round_retest_v0,ACCEPTED,XAUUSD,SELL,0.01,4488.50,4475.97,4497.15,4475.97,CLOSED,46.01,3771245,920301,3771245,3771528,3486532,3486805,2026-06-02 04:40|XAUUSD|SELL|0.01,kept,false,P2DEMO_sn_round_XAUUSD,[tp 4475.97]
2026-06-02 04:20:01,2026-06-02 04:26:02,round_number_retest_v0,PROVISIONAL,XAUUSD,BUY,0.01,4485.47,4491.19,4481.72,4491.19,CLOSED,21.00,3771064,920401,3771064,3771168,3486354,3486462,2026-06-02 04:20|XAUUSD|BUY|0.01,duplicate,true,P2DEMO_round_XAUUSD,[tp 4491.19]
2026-06-02 04:20:01,2026-06-02 04:26:02,symbol_normalized_round_retest_v0,ACCEPTED,XAUUSD,BUY,0.01,4485.47,4491.15,4481.68,4491.15,CLOSED,20.85,3771065,920301,3771065,3771165,3486355,3486459,2026-06-02 04:20|XAUUSD|BUY|0.01,kept,false,P2DEMO_sn_round_XAUUSD,[tp 4491.15]
2026-06-02 03:55:01,2026-06-02 04:05:49,round_number_retest_v0,PROVISIONAL,XAUUSD,BUY,0.01,4485.22,4480.72,4480.72,4491.96,CLOSED,-16.54,3770909,920401,3770909,3770951,3486217,3486246,2026-06-02 03:55|XAUUSD|BUY|0.01,duplicate,true,P2DEMO_round_XAUUSD,[sl 4480.72]
2026-06-02 03:55:01,2026-06-02 04:05:49,symbol_normalized_round_retest_v0,ACCEPTED,XAUUSD,BUY,0.01,4485.22,4480.72,4480.72,4491.96,CLOSED,-16.54,3770912,920301,3770912,3770952,3486218,3486247,2026-06-02 03:55|XAUUSD|BUY|0.01,kept,false,P2DEMO_sn_round_XAUUSD,[sl 4480.72]
2026-06-02 03:20:27,2026-06-02 10:33:22,breakout_retest,ACCEPTED,EURUSD,BUY,0.01,1.16359,1.16509,1.16259,1.16509,CLOSED,5.51,3770060,920102,3770060,3774955,3485386,3490070,2026-06-02 03:20|EURUSD|BUY|0.01,kept,false,P2DEMO_br_EURUSD,[tp 1.16509]
2026-06-02 03:20:27,2026-06-02 10:33:22,swing_breakout_retest_v0,ACCEPTED,EURUSD,BUY,0.01,1.16359,1.16509,1.16259,1.16509,CLOSED,5.51,3770061,920202,3770061,3774956,3485387,3490071,2026-06-02 03:20|EURUSD|BUY|0.01,duplicate,true,P2DEMO_swing_br_EURUSD,[tp 1.16509]
2026-06-02 02:05:00,2026-06-02 02:48:18,breakout_retest,ACCEPTED,XAUUSD,SELL,0.01,4482.95,4486.25,4486.24,4478.01,CLOSED,-12.12,3769237,920101,3769237,3769630,3484630,3484986,2026-06-02 02:05|XAUUSD|SELL|0.01,kept,false,P2DEMO_br_XAUUSD,[sl 4486.24]
2026-06-02 02:05:00,2026-06-02 02:48:18,swing_breakout_retest_v0,ACCEPTED,XAUUSD,SELL,0.01,4482.95,4486.25,4486.24,4478.01,CLOSED,-12.12,3769238,920201,3769238,3769631,3484631,3484987,2026-06-02 02:05|XAUUSD|SELL|0.01,duplicate,true,P2DEMO_swing_br_XAUUSD,[sl 4486.24]
2026-06-02 00:00:00,2026-06-02 03:26:50,round_number_retest_v0,PROVISIONAL,XAUUSD,BUY,0.01,4481.61,4487.97,4477.29,4487.97,CLOSED,20.71,3768646,920401,3768646,3770132,3484116,3485454,2026-06-02 00:00|XAUUSD|BUY|0.01,duplicate,true,P2DEMO_round_XAUUSD,[tp 4487.97]
2026-06-02 00:00:00,2026-06-02 03:26:50,symbol_normalized_round_retest_v0,ACCEPTED,XAUUSD,BUY,0.01,4481.62,4487.98,4477.30,4487.98,CLOSED,20.71,3768648,920301,3768648,3770133,3484118,3485455,2026-06-02 00:00|XAUUSD|BUY|0.01,kept,false,P2DEMO_sn_round_XAUUSD,[tp 4487.98]
2026-06-01 23:45:00,2026-06-02 00:55:46,breakout_retest,ACCEPTED,XAUUSD,SELL,0.01,4483.24,4486.10,4486.26,4478.76,CLOSED,-10.51,3768444,920101,3768444,3768949,3483921,3484379,2026-06-01 23:45|XAUUSD|SELL|0.01,kept,false,P2DEMO_br_XAUUSD,[sl 4486.26]
2026-06-01 23:45:00,2026-06-02 00:55:46,swing_breakout_retest_v0,ACCEPTED,XAUUSD,SELL,0.01,4483.24,4486.10,4486.24,4478.74,CLOSED,-10.51,3768445,920201,3768445,3768950,3483922,3484380,2026-06-01 23:45|XAUUSD|SELL|0.01,duplicate,true,P2DEMO_swing_br_XAUUSD,[sl 4486.24]
2026-06-01 22:05:01,2026-06-01 23:57:45,round_number_retest_v0,PROVISIONAL,XAUUSD,SELL,0.01,4486.77,4479.70,4491.68,4479.70,CLOSED,25.96,3767476,920401,3767476,3768632,3483059,3484103,2026-06-01 22:05|XAUUSD|SELL|0.01,duplicate,true,P2DEMO_round_XAUUSD,[tp 4479.70]
2026-06-01 22:05:01,2026-06-01 23:57:46,symbol_normalized_round_retest_v0,ACCEPTED,XAUUSD,SELL,0.01,4486.89,4479.58,4491.56,4479.58,CLOSED,26.84,3767477,920301,3767477,3768634,3483060,3484105,2026-06-01 22:05|XAUUSD|SELL|0.01,kept,false,P2DEMO_sn_round_XAUUSD,[tp 4479.58]
2026-06-01 22:05:01,2026-06-01 23:57:46,session_extreme_retest_v0,PROVISIONAL,XAUUSD,SELL,0.01,4486.89,4479.58,4491.56,4479.58,CLOSED,26.84,3767478,920501,3767478,3768635,3483061,3484106,2026-06-01 22:05|XAUUSD|SELL|0.01,duplicate,true,P2DEMO_sess_ext_XAUUSD,[tp 4479.58]
2026-06-01 21:45:01,2026-06-02 01:16:12,breakout_retest,ACCEPTED,EURUSD,BUY,0.01,1.16358,1.16257,1.16257,1.16507,CLOSED,-4.13,3767237,920102,3767237,3769012,3482854,3484436,2026-06-01 21:45|EURUSD|BUY|0.01,kept,false,P2DEMO_br_EURUSD,[sl 1.16257]
2026-06-01 21:45:01,2026-06-02 01:16:12,swing_breakout_retest_v0,ACCEPTED,EURUSD,BUY,0.01,1.16358,1.16257,1.16258,1.16508,CLOSED,-4.13,3767239,920202,3767239,3769013,3482856,3484437,2026-06-01 21:45|EURUSD|BUY|0.01,duplicate,true,P2DEMO_swing_br_EURUSD,[sl 1.16258]
2026-06-01 21:10:01,2026-06-01 21:29:55,symbol_normalized_round_retest_v0,ACCEPTED,XAUUSD,SELL,0.01,4473.21,4479.73,4479.18,4464.48,CLOSED,-23.96,3766771,920301,3766771,3766908,3482420,3482537,2026-06-01 21:10|XAUUSD|SELL|0.01,kept,false,P2DEMO_sn_round_XAUUSD,[sl 4479.18]
2026-06-01 21:10:00,2026-06-01 21:29:55,round_number_retest_v0,PROVISIONAL,XAUUSD,SELL,0.01,4473.21,4479.73,4479.18,4464.48,CLOSED,-23.96,3766770,920401,3766770,3766907,3482419,3482536,2026-06-01 21:10|XAUUSD|SELL|0.01,duplicate,true,P2DEMO_round_XAUUSD,[sl 4479.18]
2026-06-01 20:55:00,2026-06-01 21:06:27,round_number_retest_v0,PROVISIONAL,XAUUSD,BUY,0.01,4480.08,4475.26,4475.29,4487.69,CLOSED,-17.71,3766580,920401,3766580,3766741,3482248,3482391,2026-06-01 20:55|XAUUSD|BUY|0.01,duplicate,true,P2DEMO_round_XAUUSD,[sl 4475.29]
2026-06-01 20:55:00,2026-06-01 21:06:27,symbol_normalized_round_retest_v0,ACCEPTED,XAUUSD,BUY,0.01,4479.90,4475.26,4475.26,4487.66,CLOSED,-17.05,3766583,920301,3766583,3766742,3482251,3482392,2026-06-01 20:55|XAUUSD|BUY|0.01,kept,false,P2DEMO_sn_round_XAUUSD,[sl 4475.26]
2026-06-01 20:25:00,2026-06-01 20:53:03,breakout_retest,ACCEPTED,XAUUSD,BUY,0.01,4468.70,4476.47,4463.67,4476.47,CLOSED,28.53,3766151,920101,3766151,3766506,3481844,3482179,2026-06-01 20:25|XAUUSD|BUY|0.01,kept,false,P2DEMO_br_XAUUSD,[tp 4476.47]
2026-06-01 20:25:00,2026-06-01 20:53:03,swing_breakout_retest_v0,ACCEPTED,XAUUSD,BUY,0.01,4468.70,4476.38,4463.58,4476.38,CLOSED,28.20,3766152,920201,3766152,3766507,3481845,3482180,2026-06-01 20:25|XAUUSD|BUY|0.01,duplicate,true,P2DEMO_swing_br_XAUUSD,[tp 4476.38]
2026-06-01 20:15:01,2026-06-01 21:30:12,breakout_retest,ACCEPTED,EURUSD,BUY,0.01,1.16190,1.16340,1.16090,1.16340,CLOSED,5.51,3766020,920102,3766020,3766950,3481717,3482577,2026-06-01 20:15|EURUSD|BUY|0.01,kept,false,P2DEMO_br_EURUSD,[tp 1.16340]
2026-06-01 20:15:01,2026-06-01 21:30:12,swing_breakout_retest_v0,ACCEPTED,EURUSD,BUY,0.01,1.16190,1.16340,1.16090,1.16340,CLOSED,5.51,3766021,920202,3766021,3766951,3481718,3482578,2026-06-01 20:15|EURUSD|BUY|0.01,duplicate,true,P2DEMO_swing_br_EURUSD,[tp 1.16340]
2026-06-01 20:15:00,2026-06-01 20:50:13,round_number_retest_v0,PROVISIONAL,XAUUSD,SELL,0.01,4466.75,4473.66,4473.57,4456.79,CLOSED,-25.39,3766017,920401,3766017,3766407,3481715,3482075,2026-06-01 20:15|XAUUSD|SELL|0.01,duplicate,true,P2DEMO_round_XAUUSD,[sl 4473.57]
2026-06-01 20:15:00,2026-06-01 20:50:13,symbol_normalized_round_retest_v0,ACCEPTED,XAUUSD,SELL,0.01,4466.79,4473.66,4473.46,4456.68,CLOSED,-25.24,3766018,920301,3766018,3766406,3481716,3482074,2026-06-01 20:15|XAUUSD|SELL|0.01,kept,false,P2DEMO_sn_round_XAUUSD,[sl 4473.46]
2026-06-01 20:05:00,2026-06-01 20:10:27,round_number_retest_v0,PROVISIONAL,XAUUSD,SELL,0.01,4473.00,4465.92,4477.91,4465.92,CLOSED,25.99,3765894,920401,3765894,3765960,3481601,3481661,2026-06-01 20:05|XAUUSD|SELL|0.01,duplicate,true,P2DEMO_round_XAUUSD,[tp 4465.92]
2026-06-01 20:05:00,2026-06-01 20:10:27,symbol_normalized_round_retest_v0,ACCEPTED,XAUUSD,SELL,0.01,4473.00,4465.95,4477.94,4465.95,CLOSED,25.88,3765897,920301,3765897,3765961,3481604,3481662,2026-06-01 20:05|XAUUSD|SELL|0.01,kept,false,P2DEMO_sn_round_XAUUSD,[tp 4465.95]
2026-06-01 19:50:00,2026-06-01 20:00:24,round_number_retest_v0,PROVISIONAL,XAUUSD,SELL,0.01,4469.76,4476.23,4476.50,4459.44,CLOSED,-23.77,3765725,920401,3765725,3765847,3481431,3481556,2026-06-01 19:50|XAUUSD|SELL|0.01,duplicate,true,P2DEMO_round_XAUUSD,[sl 4476.50]
2026-06-01 19:50:00,2026-06-01 20:00:24,symbol_normalized_round_retest_v0,ACCEPTED,XAUUSD,SELL,0.01,4469.82,4476.23,4476.56,4459.50,CLOSED,-23.55,3765726,920301,3765726,3765848,3481432,3481557,2026-06-01 19:50|XAUUSD|SELL|0.01,kept,false,P2DEMO_sn_round_XAUUSD,[sl 4476.56]
2026-06-01 18:05:01,2026-06-01 19:16:00,round_number_retest_v0,PROVISIONAL,XAUUSD,BUY,0.01,4454.36,4466.12,4446.32,4466.12,CLOSED,43.17,3763577,920401,3763577,3765201,3479425,3480956,2026-06-01 18:05|XAUUSD|BUY|0.01,duplicate,true,P2DEMO_round_XAUUSD,[tp 4466.12]
2026-06-01 18:05:00,2026-06-01 19:16:01,symbol_normalized_round_retest_v0,ACCEPTED,XAUUSD,BUY,0.01,4454.32,4466.21,4446.41,4466.21,CLOSED,43.65,3763576,920301,3763576,3765202,3479424,3480957,2026-06-01 18:05|XAUUSD|BUY|0.01,kept,false,P2DEMO_sn_round_XAUUSD,[tp 4466.21]
2026-06-01 17:40:01,2026-06-01 17:51:25,round_number_retest_v0,PROVISIONAL,XAUUSD,BUY,0.01,4473.57,4461.23,4461.45,4491.60,CLOSED,-45.34,3762684,920401,3762684,3762975,3478588,3478842,2026-06-01 17:40|XAUUSD|BUY|0.01,duplicate,true,P2DEMO_round_XAUUSD,[sl 4461.45]
2026-06-01 17:40:00,2026-06-01 17:51:25,symbol_normalized_round_retest_v0,ACCEPTED,XAUUSD,BUY,0.01,4473.69,4461.23,4461.22,4491.37,CLOSED,-45.78,3762680,920301,3762680,3762976,3478584,3478843,2026-06-01 17:40|XAUUSD|BUY|0.01,kept,false,P2DEMO_sn_round_XAUUSD,[sl 4461.22]
2026-06-01 16:55:01,2026-06-01 17:03:12,session_extreme_retest_v0,PROVISIONAL,XAUUSD,SELL,0.01,4505.74,4497.76,4511.01,4497.76,CLOSED,29.29,3760118,920501,3760118,3760301,3476028,3476203,2026-06-01 16:55|XAUUSD|SELL|0.01,unique,false,P2DEMO_sess_ext_XAUUSD,[tp 4497.76]
2026-06-01 16:40:01,2026-06-01 17:03:44,round_number_retest_v0,PROVISIONAL,XAUUSD,BUY,0.01,4504.07,4495.62,4495.67,4516.62,CLOSED,-31.05,3759907,920401,3759907,3760331,3475842,3476234,2026-06-01 16:40|XAUUSD|BUY|0.01,duplicate,true,P2DEMO_round_XAUUSD,[sl 4495.67]
2026-06-01 16:40:01,2026-06-01 17:03:44,symbol_normalized_round_retest_v0,ACCEPTED,XAUUSD,BUY,0.01,4504.07,4495.62,4495.67,4516.62,CLOSED,-31.05,3759908,920301,3759908,3760332,3475843,3476235,2026-06-01 16:40|XAUUSD|BUY|0.01,kept,false,P2DEMO_sn_round_XAUUSD,[sl 4495.67]
2026-06-01 16:35:02,2026-06-01 17:12:21,symbol_normalized_round_retest_v0,ACCEPTED,EURUSD,SELL,0.01,1.16492,1.16342,1.16592,1.16342,CLOSED,5.51,3759826,920302,3759826,3760784,3475760,3476690,2026-06-01 16:35|EURUSD|SELL|0.01,unique,false,P2DEMO_sn_round_EURUSD,[tp 1.16342]
2026-06-01 16:30:01,2026-06-01 16:30:54,round_number_retest_v0,PROVISIONAL,XAUUSD,BUY,0.01,4505.42,4499.43,4499.42,4515.59,CLOSED,-22.01,3759754,920401,3759754,3759785,3475693,3475727,2026-06-01 16:30|XAUUSD|BUY|0.01,duplicate,true,P2DEMO_round_XAUUSD,[sl 4499.42]
2026-06-01 16:30:01,2026-06-01 16:30:58,symbol_normalized_round_retest_v0,ACCEPTED,XAUUSD,BUY,0.01,4505.76,4499.29,4499.33,4515.50,CLOSED,-23.77,3759756,920301,3759756,3759787,3475695,3475729,2026-06-01 16:30|XAUUSD|BUY|0.01,kept,false,P2DEMO_sn_round_XAUUSD,[sl 4499.33]
2026-06-01 15:55:01,2026-06-01 16:18:26,session_extreme_retest_v0,PROVISIONAL,XAUUSD,SELL,0.01,4506.99,4501.65,4510.55,4501.65,CLOSED,19.61,3759190,920501,3759190,3759545,3475165,3475483,2026-06-01 15:55|XAUUSD|SELL|0.01,unique,false,P2DEMO_sess_ext_XAUUSD,[tp 4501.65]
2026-06-01 15:11:32,2026-06-01 17:23:26,breakout_retest,ACCEPTED,EURUSD,SELL,0.01,1.16418,1.16268,1.16518,1.16268,CLOSED,5.51,3758457,920102,3758457,3761823,3474468,3477741,2026-06-01 15:11|EURUSD|SELL|0.01,kept,false,P2DEMO_br_EURUSD,[tp 1.16268]
2026-06-01 15:11:32,2026-06-01 17:23:26,swing_breakout_retest_v0,ACCEPTED,EURUSD,SELL,0.01,1.16418,1.16268,1.16518,1.16268,CLOSED,5.51,3758458,920202,3758458,3761824,3474469,3477742,2026-06-01 15:11|EURUSD|SELL|0.01,duplicate,true,P2DEMO_swing_br_EURUSD,[tp 1.16268]
2026-06-01 15:10:00,2026-06-01 16:22:00,round_number_retest_v0,PROVISIONAL,XAUUSD,BUY,0.01,4505.72,4498.84,4498.90,4516.13,CLOSED,-25.28,3758424,920401,3758424,3759615,3474438,3475552,2026-06-01 15:10|XAUUSD|BUY|0.01,duplicate,true,P2DEMO_round_XAUUSD,[sl 4498.90]
2026-06-01 15:10:00,2026-06-01 16:22:00,symbol_normalized_round_retest_v0,ACCEPTED,XAUUSD,BUY,0.01,4505.72,4498.84,4498.90,4516.13,CLOSED,-25.28,3758425,920301,3758425,3759616,3474439,3475553,2026-06-01 15:10|XAUUSD|BUY|0.01,kept,false,P2DEMO_sn_round_XAUUSD,[sl 4498.90]
